[14:01:21][no_game_date][pdx_lua.cpp:527]: 
LUA Error: incorrect lua value: STRIKE_FORCE_TARGET_RECALC_DAYS
[14:01:21][no_game_date][pdx_lua.cpp:194]: 
LUA Error: incorrect lua value: NAVAL_STRIKE_FORCE_OBJECTIVE_IMPORTANCE
[14:01:21][no_game_date][pdx_lua.cpp:559]: 
LUA Error: incorrect lua value: TIME_TO_SWAP_BACKGROUNDS
[14:01:21][no_game_date][pdx_lua.cpp:527]: 
LUA Error: incorrect lua value: NEW_BACKGROUND_DURATION
[14:01:21][no_game_date][pdx_lua.cpp:527]: 
LUA Error: incorrect lua value: LAND_AIR_COMBAT_STR_DICE_SIZE
[14:01:21][no_game_date][pdx_lua.cpp:527]: 
LUA Error: incorrect lua value: LAND_AIR_COMBAT_ORG_DICE_SIZE
[14:01:21][no_game_date][pdx_lua.cpp:194]: 
LUA Error: incorrect lua value: AGGRESSION_LEVEL_BY_MISSION_WEAKER
[14:01:21][no_game_date][pdx_lua.cpp:194]: 
LUA Error: incorrect lua value: AGGRESSION_LEVEL_BY_MISSION_STRONGER_OR_EQUAL
[14:01:21][no_game_date][pdx_lua.cpp:494]: 
LUA Error: incorrect lua value: MIN_MINE_CAPABLE_RATIO_FOR_ROLE_ASSIGNMENT
[14:01:21][no_game_date][pdx_lua.cpp:527]: 
LUA Error: incorrect lua value: MAX_SHIP_COUNT_FOR_DOMINANCE_PATROL_ROLE_ASSIGNMENT
[14:01:27][no_game_date][countrydatabase.cpp:137]: Duplicate Country Tag - JAP
[14:01:27][no_game_date][countrydatabase.cpp:137]: Duplicate Country Tag - USA
[14:01:27][no_game_date][countrydatabase.cpp:137]: Duplicate Country Tag - CAN
[14:01:27][no_game_date][countrydatabase.cpp:137]: Duplicate Country Tag - CSA
[14:01:27][no_game_date][countrydatabase.cpp:137]: Duplicate Country Tag - MEX
[14:01:27][no_game_date][countrydatabase.cpp:137]: Duplicate Country Tag - CHA
[14:01:27][no_game_date][countrydatabase.cpp:137]: Duplicate Country Tag - ISR
[14:01:27][no_game_date][countrydatabase.cpp:137]: Duplicate Country Tag - SYR
[14:01:27][no_game_date][countrydatabase.cpp:137]: Duplicate Country Tag - EGY
[14:01:27][no_game_date][countrydatabase.cpp:137]: Duplicate Country Tag - FIN
[14:01:27][no_game_date][countrydatabase.cpp:137]: Duplicate Country Tag - AFG
[14:01:27][no_game_date][countrydatabase.cpp:137]: Duplicate Country Tag - AST
[14:01:27][no_game_date][countrydatabase.cpp:137]: Duplicate Country Tag - BUL
[14:01:27][no_game_date][countrydatabase.cpp:137]: Duplicate Country Tag - CHU
[14:01:27][no_game_date][countrydatabase.cpp:137]: Duplicate Country Tag - CRI
[14:01:27][no_game_date][countrydatabase.cpp:137]: Duplicate Country Tag - GEO
[14:01:27][no_game_date][countrydatabase.cpp:137]: Duplicate Country Tag - GER
[14:01:27][no_game_date][countrydatabase.cpp:137]: Duplicate Country Tag - GNA
[14:01:27][no_game_date][countrydatabase.cpp:137]: Duplicate Country Tag - GRN
[14:01:27][no_game_date][countrydatabase.cpp:137]: Duplicate Country Tag - HAW
[14:01:27][no_game_date][countrydatabase.cpp:137]: Duplicate Country Tag - HUN
[14:01:27][no_game_date][countrydatabase.cpp:137]: Duplicate Country Tag - PAN
[14:01:27][no_game_date][countrydatabase.cpp:137]: Duplicate Country Tag - INC
[14:01:27][no_game_date][countrydatabase.cpp:137]: Duplicate Country Tag - ICE
[14:01:27][no_game_date][countrydatabase.cpp:137]: Duplicate Country Tag - IRE
[14:01:27][no_game_date][countrydatabase.cpp:137]: Duplicate Country Tag - POR
[14:01:27][no_game_date][countrydatabase.cpp:137]: Duplicate Country Tag - POL
[14:01:27][no_game_date][countrydatabase.cpp:137]: Duplicate Country Tag - NOR
[14:01:27][no_game_date][countrydatabase.cpp:137]: Duplicate Country Tag - PAP
[14:01:27][no_game_date][countrydatabase.cpp:137]: Duplicate Country Tag - ROM
[14:01:27][no_game_date][countrydatabase.cpp:137]: Duplicate Country Tag - LIT
[14:01:27][no_game_date][countrydatabase.cpp:137]: Duplicate Country Tag - RUS
[14:01:27][no_game_date][countrydatabase.cpp:137]: Duplicate Country Tag - UKR
[14:01:27][no_game_date][countrydatabase.cpp:137]: Duplicate Country Tag - SER
[14:01:27][no_game_date][countrydatabase.cpp:137]: Duplicate Country Tag - SOV
[14:01:27][no_game_date][countrydatabase.cpp:137]: Duplicate Country Tag - KHA
[14:01:27][no_game_date][countrydatabase.cpp:137]: Duplicate Country Tag - KAZ
[14:01:27][no_game_date][countrydatabase.cpp:137]: Duplicate Country Tag - MON
[14:01:27][no_game_date][countrydatabase.cpp:137]: Duplicate Country Tag - TUR
[14:01:27][no_game_date][countrydatabase.cpp:137]: Duplicate Country Tag - TRI
[14:01:27][no_game_date][countrydatabase.cpp:137]: Duplicate Country Tag - MLI
[14:01:27][no_game_date][countrydatabase.cpp:137]: Duplicate Country Tag - SOM
[14:01:27][no_game_date][countrydatabase.cpp:137]: Duplicate Country Tag - MAD
[14:01:27][no_game_date][countrydatabase.cpp:137]: Duplicate Country Tag - PER
[14:01:27][no_game_date][countrydatabase.cpp:137]: Duplicate Country Tag - KOR
[14:01:27][no_game_date][countrydatabase.cpp:137]: Duplicate Country Tag - PHI
[14:01:27][no_game_date][countrydatabase.cpp:137]: Duplicate Country Tag - NZL
[14:01:27][no_game_date][countrytagalias.cpp:22]: alias is already existing tag VIC
[14:01:27][no_game_date][countrytagalias.cpp:22]: alias is already existing tag VIC
[14:01:28][no_game_date][countrytagalias.cpp:22]: alias is already existing tag VIC
[14:01:28][no_game_date][equipment_graphic_database.cpp:38]: GFX referenced in equipment graphic database does not exist: "GFX_USA_prototype_plane_0_medium", associated with USA jet_tac_bomber_equipment
[14:01:28][no_game_date][equipment_graphic_database.cpp:38]: GFX referenced in equipment graphic database does not exist: "GFX_USA_prototype_plane_0_medium", associated with USA jet_strat_bomber_equipment
[14:01:28][no_game_date][equipment_graphic_database.cpp:61]: Entity referenced in equipment graphic database does not exist: "GER_super_heavy_armor_entity", associated with GER super_heavy_tank_chassis
[14:01:28][no_game_date][equipment_graphic_database.cpp:61]: Entity referenced in equipment graphic database does not exist: "SOV_super_heavy_armor_entity", associated with SOV super_heavy_tank_chassis
[14:01:28][no_game_date][equipment_graphic_database.cpp:61]: Entity referenced in equipment graphic database does not exist: "SOV_modern_armor_entity", associated with SOV modern_tank_artillery_chassis
[14:01:28][no_game_date][equipment_graphic_database.cpp:61]: Entity referenced in equipment graphic database does not exist: "SOV_modern_armor_entity", associated with SOV modern_tank_chassis
[14:01:29][no_game_date][character_template.cpp:297]: marxism is not a valid ideology. file: common/characters/ARG.txt line: 646
[14:01:29][no_game_date][character_template.cpp:297]: marxism is not a valid ideology. file: common/characters/ARG.txt line: 718
[14:01:29][no_game_date][character_template.cpp:297]: marxism is not a valid ideology. file: common/characters/ARG.txt line: 777
[14:01:29][no_game_date][character_template.cpp:297]: anarchist_communism is not a valid ideology. file: common/characters/ARG.txt line: 860
[14:01:29][no_game_date][character_template.cpp:297]: marxism is not a valid ideology. file: common/characters/ASY.txt line: 38
[14:01:29][no_game_date][character_template.cpp:297]: nazism is not a valid ideology. file: common/characters/AUS.txt line: 295
[14:01:29][no_game_date][character_template.cpp:297]: nazism is not a valid ideology. file: common/characters/AUS.txt line: 336
[14:01:29][no_game_date][character_template.cpp:297]: nazism is not a valid ideology. file: common/characters/AUS.txt line: 366
[14:01:29][no_game_date][character_template.cpp:297]: marxism is not a valid ideology. file: common/characters/AUS.txt line: 397
[14:01:29][no_game_date][character_template.cpp:297]: marxism is not a valid ideology. file: common/characters/AUS.txt line: 417
[14:01:29][no_game_date][character_template.cpp:297]: leninism is not a valid ideology. file: common/characters/AUS.txt line: 433
[14:01:29][no_game_date][character_template.cpp:297]: marxism is not a valid ideology. file: common/characters/BEL.txt line: 214
[14:01:29][no_game_date][character_template.cpp:297]: rexism is not a valid ideology. file: common/characters/BEL.txt line: 240
[14:01:29][no_game_date][character_template.cpp:297]: rexism is not a valid ideology. file: common/characters/BEL.txt line: 273
[14:01:29][no_game_date][character_template.cpp:297]: anarchist_communism is not a valid ideology. file: common/characters/BEL.txt line: 1674
[14:01:29][no_game_date][character_template.cpp:297]: leninism is not a valid ideology. file: common/characters/BHU.txt line: 42
[14:01:29][no_game_date][character_template.cpp:297]: rexism is not a valid ideology. file: common/characters/BHU.txt line: 56
[14:01:29][no_game_date][character_template.cpp:297]: falangism is not a valid ideology. file: common/characters/BOL.txt line: 67
[14:01:29][no_game_date][character_template.cpp:297]: falangism is not a valid ideology. file: common/characters/BOL.txt line: 85
[14:01:29][no_game_date][character_template.cpp:297]: marxism is not a valid ideology. file: common/characters/BOL.txt line: 101
[14:01:29][no_game_date][character_template.cpp:297]: marxism is not a valid ideology. file: common/characters/BOL.txt line: 133
[14:01:29][no_game_date][character_template.cpp:297]: populism is not a valid ideology. file: common/characters/BRA.txt line: 22
[14:01:29][no_game_date][character_template.cpp:297]: leninism is not a valid ideology. file: common/characters/BSK.txt line: 13
[14:01:29][no_game_date][character_template.cpp:297]: leninism is not a valid ideology. file: common/characters/BUK.txt line: 26
[14:01:29][no_game_date][character_template.cpp:297]: leninism is not a valid ideology. file: common/characters/BUL.txt line: 92
[14:01:29][no_game_date][character_template.cpp:297]: emperor_fascism is not a valid ideology. file: common/characters/CAM.txt line: 26
[14:01:29][no_game_date][character_template.cpp:297]: marxism is not a valid ideology. file: common/characters/CAM.txt line: 62
[14:01:29][no_game_date][character_template.cpp:297]: nazism is not a valid ideology. file: common/characters/CAN.txt line: 29
[14:01:29][no_game_date][character_template.cpp:297]: marxism is not a valid ideology. file: common/characters/CAN.txt line: 44
[14:01:29][no_game_date][character_template.cpp:297]: marxism is not a valid ideology. file: common/characters/CHI.txt line: 825
[14:01:29][no_game_date][character_template.cpp:297]: leninism is not a valid ideology. file: common/characters/CHI.txt line: 3214
[14:01:29][no_game_date][character_template.cpp:297]: nazism is not a valid ideology. file: common/characters/CHL.txt line: 63
[14:01:29][no_game_date][character_template.cpp:297]: nazism is not a valid ideology. file: common/characters/CHL.txt line: 127
[14:01:29][no_game_date][character_template.cpp:297]: marxism is not a valid ideology. file: common/characters/CHL.txt line: 216
[14:01:29][no_game_date][character_template.cpp:297]: marxism is not a valid ideology. file: common/characters/CHL.txt line: 1494
[14:01:29][no_game_date][character_template.cpp:297]: marxism is not a valid ideology. file: common/characters/CHR.txt line: 30
[14:01:29][no_game_date][character_template.cpp:297]: falangism is not a valid ideology. file: common/characters/CHR.txt line: 36
[14:01:29][no_game_date][character_template.cpp:303]: Character  tries to cumulate 2 times the same ideology (falangism). Last occurrence will override.
[14:01:29][no_game_date][character_template.cpp:312]: Character  already has ideology (marxism) and trying to add ideology (falangism) which belongs to the same ideology group (). You will get unexpected behavior.
[14:01:29][no_game_date][character_template.cpp:297]: leninism is not a valid ideology. file: common/characters/CHU.txt line: 13
[14:01:29][no_game_date][character_template.cpp:297]: leninism is not a valid ideology. file: common/characters/CIN.txt line: 27
[14:01:29][no_game_date][character_template.cpp:297]: marxism is not a valid ideology. file: common/characters/COG.txt line: 168
[14:01:29][no_game_date][character_template.cpp:297]: anarchist_communism is not a valid ideology. file: common/characters/COL.txt line: 71
[14:01:29][no_game_date][character_template.cpp:297]: falangism is not a valid ideology. file: common/characters/COL.txt line: 85
[14:01:29][no_game_date][character_template.cpp:297]: marxism is not a valid ideology. file: common/characters/COS.txt line: 27
[14:01:29][no_game_date][character_template.cpp:297]: leninism is not a valid ideology. file: common/characters/CRI.txt line: 13
[14:01:29][no_game_date][character_template.cpp:297]: rexism is not a valid ideology. file: common/characters/CUB.txt line: 40
[14:01:29][no_game_date][character_template.cpp:297]: nazism is not a valid ideology. file: common/characters/CZE.txt line: 41
[14:01:29][no_game_date][character_template.cpp:297]: leninism is not a valid ideology. file: common/characters/DEN.txt line: 387
[14:01:29][no_game_date][character_template.cpp:297]: leninism is not a valid ideology. file: common/characters/DEN.txt line: 447
[14:01:29][no_game_date][character_template.cpp:297]: nazism is not a valid ideology. file: common/characters/DEN.txt line: 470
[14:01:29][no_game_date][character_template.cpp:297]: nazism is not a valid ideology. file: common/characters/DEN.txt line: 530
[14:01:29][no_game_date][character_template.cpp:297]: marxism is not a valid ideology. file: common/characters/DOM.txt line: 41
[14:01:29][no_game_date][character_template.cpp:297]: marxism is not a valid ideology. file: common/characters/ECU.txt line: 27
[14:01:29][no_game_date][character_template.cpp:297]: nazism is not a valid ideology. file: common/characters/ECU.txt line: 41
[14:01:29][no_game_date][character_template.cpp:297]: anarchist_communism is not a valid ideology. file: common/characters/ELS.txt line: 39
[14:01:29][no_game_date][character_template.cpp:297]: leninism is not a valid ideology. file: common/characters/ENG.txt line: 181
[14:01:29][no_game_date][character_template.cpp:297]: marxism is not a valid ideology. file: common/characters/EST.txt line: 52
[14:01:29][no_game_date][character_template.cpp:297]: anarchist_communism is not a valid ideology. file: common/characters/ETH.txt line: 217
[14:01:29][no_game_date][character_template.cpp:297]: anarchist_communism is not a valid ideology. file: common/characters/ETH.txt line: 235
[14:01:29][no_game_date][character_template.cpp:297]: anarchist_communism is not a valid ideology. file: common/characters/ETH.txt line: 252
[14:01:29][no_game_date][character_template.cpp:297]: marxism is not a valid ideology. file: common/characters/FIN.txt line: 2189
[14:01:29][no_game_date][character_template.cpp:297]: marxism is not a valid ideology. file: common/characters/FIN.txt line: 2223
[14:01:29][no_game_date][character_template.cpp:297]: marxism is not a valid ideology. file: common/characters/FIN.txt line: 2255
[14:01:29][no_game_date][character_template.cpp:297]: marxism is not a valid ideology. file: common/characters/FIN.txt line: 2276
[14:01:29][no_game_date][character_template.cpp:297]: marxism is not a valid ideology. file: common/characters/FRA.txt line: 117
[14:01:29][no_game_date][character_template.cpp:297]: marxism is not a valid ideology. file: common/characters/GAR.txt line: 30
[14:01:29][no_game_date][character_template.cpp:297]: falangism is not a valid ideology. file: common/characters/GAR.txt line: 36
[14:01:29][no_game_date][character_template.cpp:303]: Character  tries to cumulate 2 times the same ideology (falangism). Last occurrence will override.
[14:01:29][no_game_date][character_template.cpp:312]: Character  already has ideology (marxism) and trying to add ideology (falangism) which belongs to the same ideology group (). You will get unexpected behavior.
[14:01:29][no_game_date][character_template.cpp:297]: nazism is not a valid ideology. file: common/characters/GEN.txt line: 20
[14:01:29][no_game_date][character_template.cpp:297]: nazism is not a valid ideology. file: common/characters/GER.txt line: 27
[14:01:29][no_game_date][character_template.cpp:297]: gen_nazism is not a valid ideology. file: common/characters/GRE.txt line: 44
[14:01:29][no_game_date][character_template.cpp:297]: marxism is not a valid ideology. file: common/characters/GRE.txt line: 205
[14:01:29][no_game_date][character_template.cpp:297]: nazism is not a valid ideology. file: common/characters/GRE.txt line: 267
[14:01:29][no_game_date][character_template.cpp:297]: anti_revisionism is not a valid ideology. file: common/characters/GUA.txt line: 40
[14:01:29][no_game_date][character_template.cpp:297]: rexism is not a valid ideology. file: common/characters/GUA.txt line: 54
[14:01:29][no_game_date][character_template.cpp:297]: marxism is not a valid ideology. file: common/characters/HAI.txt line: 26
[14:01:29][no_game_date][character_template.cpp:297]: leninism is not a valid ideology. file: common/characters/HOL.txt line: 42
[14:01:29][no_game_date][character_template.cpp:297]: marxism is not a valid ideology. file: common/characters/HON.txt line: 27
[14:01:29][no_game_date][character_template.cpp:297]: nazism is not a valid ideology. file: common/characters/HUN.txt line: 346
[14:01:29][no_game_date][character_template.cpp:297]: falangism is not a valid ideology. file: common/characters/HUN.txt line: 610
[14:01:29][no_game_date][character_template.cpp:297]: marxism is not a valid ideology. file: common/characters/IAS.txt line: 30
[14:01:29][no_game_date][character_template.cpp:297]: falangism is not a valid ideology. file: common/characters/IAS.txt line: 36
[14:01:29][no_game_date][character_template.cpp:303]: Character  tries to cumulate 2 times the same ideology (falangism). Last occurrence will override.
[14:01:29][no_game_date][character_template.cpp:312]: Character  already has ideology (marxism) and trying to add ideology (falangism) which belongs to the same ideology group (). You will get unexpected behavior.
[14:01:29][no_game_date][character_template.cpp:297]: gen_nazism is not a valid ideology. file: common/characters/ICE.txt line: 62
[14:01:29][no_game_date][character_template.cpp:297]: marxism is not a valid ideology. file: common/characters/ICE.txt line: 105
[14:01:29][no_game_date][character_template.cpp:297]: marxism is not a valid ideology. file: common/characters/INC.txt line: 30
[14:01:29][no_game_date][character_template.cpp:297]: falangism is not a valid ideology. file: common/characters/INC.txt line: 36
[14:01:29][no_game_date][character_template.cpp:303]: Character  tries to cumulate 2 times the same ideology (falangism). Last occurrence will override.
[14:01:29][no_game_date][character_template.cpp:312]: Character  already has ideology (marxism) and trying to add ideology (falangism) which belongs to the same ideology group (). You will get unexpected behavior.
[14:01:29][no_game_date][character_template.cpp:297]: marxism is not a valid ideology. file: common/characters/INS.txt line: 56
[14:01:29][no_game_date][character_template.cpp:297]: marxism is not a valid ideology. file: common/characters/INU.txt line: 30
[14:01:29][no_game_date][character_template.cpp:297]: falangism is not a valid ideology. file: common/characters/INU.txt line: 36
[14:01:29][no_game_date][character_template.cpp:303]: Character  tries to cumulate 2 times the same ideology (falangism). Last occurrence will override.
[14:01:29][no_game_date][character_template.cpp:312]: Character  already has ideology (marxism) and trying to add ideology (falangism) which belongs to the same ideology group (). You will get unexpected behavior.
[14:01:29][no_game_date][character_template.cpp:297]: marxism is not a valid ideology. file: common/characters/IRE.txt line: 39
[14:01:29][no_game_date][character_template.cpp:297]: leninism is not a valid ideology. file: common/characters/IRQ.txt line: 371
[14:01:29][no_game_date][character_template.cpp:297]: leninism is not a valid ideology. file: common/characters/IRQ.txt line: 397
[14:01:29][no_game_date][character_template.cpp:297]: marxism is not a valid ideology. file: common/characters/IRQ.txt line: 413
[14:01:29][no_game_date][character_template.cpp:297]: marxism is not a valid ideology. file: common/characters/ITA.txt line: 3173
[14:01:29][no_game_date][character_template.cpp:297]: marxism is not a valid ideology. file: common/characters/ITZ.txt line: 30
[14:01:29][no_game_date][character_template.cpp:297]: falangism is not a valid ideology. file: common/characters/ITZ.txt line: 36
[14:01:29][no_game_date][character_template.cpp:303]: Character  tries to cumulate 2 times the same ideology (falangism). Last occurrence will override.
[14:01:29][no_game_date][character_template.cpp:312]: Character  already has ideology (marxism) and trying to add ideology (falangism) which belongs to the same ideology group (). You will get unexpected behavior.
[14:01:29][no_game_date][character_template.cpp:297]: leninism is not a valid ideology. file: common/characters/KAL.txt line: 13
[14:01:29][no_game_date][character_template.cpp:297]: marxism is not a valid ideology. file: common/characters/KAR.txt line: 13
[14:01:29][no_game_date][character_template.cpp:297]: leninism is not a valid ideology. file: common/characters/KHI.txt line: 13
[14:01:29][no_game_date][character_template.cpp:297]: marxism is not a valid ideology. file: common/characters/KUR.txt line: 18
[14:01:29][no_game_date][character_template.cpp:297]: emperor_fascism is not a valid ideology. file: common/characters/LAO.txt line: 26
[14:01:29][no_game_date][character_template.cpp:297]: marxism is not a valid ideology. file: common/characters/LAO.txt line: 62
[14:01:29][no_game_date][character_template.cpp:297]: marxism is not a valid ideology. file: common/characters/LAT.txt line: 230
[14:01:29][no_game_date][character_template.cpp:297]: marxism is not a valid ideology. file: common/characters/LAT.txt line: 744
[14:01:29][no_game_date][character_template.cpp:297]: marxism is not a valid ideology. file: common/characters/LIT.txt line: 61
[14:01:29][no_game_date][character_template.cpp:297]: marxism is not a valid ideology. file: common/characters/LUX.txt line: 31
[14:01:29][no_game_date][character_template.cpp:297]: nazism is not a valid ideology. file: common/characters/LUX.txt line: 47
[14:01:29][no_game_date][character_template.cpp:297]: marxism is not a valid ideology. file: common/characters/MAL.txt line: 39
[14:01:29][no_game_date][character_template.cpp:297]: nazism is not a valid ideology. file: common/characters/MAL.txt line: 65
[14:01:29][no_game_date][character_template.cpp:297]: emperor_fascism is not a valid ideology. file: common/characters/MAN.txt line: 231
[14:01:29][no_game_date][character_template.cpp:297]: marxism is not a valid ideology. file: common/characters/MAN.txt line: 390
[14:01:29][no_game_date][character_template.cpp:297]: anti_revisionism is not a valid ideology. file: common/characters/MAN.txt line: 446
[14:01:29][no_game_date][character_template.cpp:297]: marxism is not a valid ideology. file: common/characters/MAY.txt line: 30
[14:01:29][no_game_date][character_template.cpp:297]: falangism is not a valid ideology. file: common/characters/MAY.txt line: 36
[14:01:29][no_game_date][character_template.cpp:303]: Character  tries to cumulate 2 times the same ideology (falangism). Last occurrence will override.
[14:01:29][no_game_date][character_template.cpp:312]: Character  already has ideology (marxism) and trying to add ideology (falangism) which belongs to the same ideology group (). You will get unexpected behavior.
[14:01:29][no_game_date][character_template.cpp:297]: marxism is not a valid ideology. file: common/characters/MEL.txt line: 13
[14:01:29][no_game_date][character_template.cpp:297]: marxism is not a valid ideology. file: common/characters/MEN.txt line: 123
[14:01:29][no_game_date][character_template.cpp:297]: anarchist_communism is not a valid ideology. file: common/characters/MEN.txt line: 141
[14:01:29][no_game_date][character_template.cpp:297]: marxism is not a valid ideology. file: common/characters/MIS.txt line: 30
[14:01:29][no_game_date][character_template.cpp:297]: falangism is not a valid ideology. file: common/characters/MIS.txt line: 36
[14:01:29][no_game_date][character_template.cpp:303]: Character  tries to cumulate 2 times the same ideology (falangism). Last occurrence will override.
[14:01:29][no_game_date][character_template.cpp:312]: Character  already has ideology (marxism) and trying to add ideology (falangism) which belongs to the same ideology group (). You will get unexpected behavior.
[14:01:29][no_game_date][character_template.cpp:297]: leninism is not a valid ideology. file: common/characters/MNT.txt line: 48
[14:01:29][no_game_date][character_template.cpp:297]: marxism is not a valid ideology. file: common/characters/MON.txt line: 13
[14:01:29][no_game_date][character_template.cpp:297]: marxism is not a valid ideology. file: common/characters/NAH.txt line: 30
[14:01:29][no_game_date][character_template.cpp:297]: falangism is not a valid ideology. file: common/characters/NAH.txt line: 36
[14:01:29][no_game_date][character_template.cpp:303]: Character  tries to cumulate 2 times the same ideology (falangism). Last occurrence will override.
[14:01:29][no_game_date][character_template.cpp:312]: Character  already has ideology (marxism) and trying to add ideology (falangism) which belongs to the same ideology group (). You will get unexpected behavior.
[14:01:29][no_game_date][character_template.cpp:297]: marxism is not a valid ideology. file: common/characters/NEP.txt line: 40
[14:01:29][no_game_date][character_template.cpp:297]: gen_nazism is not a valid ideology. file: common/characters/NEP.txt line: 53
[14:01:29][no_game_date][character_template.cpp:297]: marxism is not a valid ideology. file: common/characters/NOR.txt line: 142
[14:01:29][no_game_date][character_template.cpp:297]: nazism is not a valid ideology. file: common/characters/NOR.txt line: 509
[14:01:29][no_game_date][character_template.cpp:297]: gen_nazism is not a valid ideology. file: common/characters/NOR.txt line: 534
[14:01:29][no_game_date][character_template.cpp:297]: marxism is not a valid ideology. file: common/characters/NZL.txt line: 55
[14:01:29][no_game_date][character_template.cpp:297]: anarchist_communism is not a valid ideology. file: common/characters/OMA.txt line: 40
[14:01:29][no_game_date][character_template.cpp:297]: marxism is not a valid ideology. file: common/characters/PAN.txt line: 82
[14:01:29][no_game_date][character_template.cpp:297]: marxism is not a valid ideology. file: common/characters/PAR.txt line: 20
[14:01:29][no_game_date][character_template.cpp:297]: marxism is not a valid ideology. file: common/characters/PAR.txt line: 53
[14:01:29][no_game_date][character_template.cpp:297]: rexism is not a valid ideology. file: common/characters/PAR.txt line: 86
[14:01:29][no_game_date][character_template.cpp:297]: rexism is not a valid ideology. file: common/characters/PAR.txt line: 1084
[14:01:29][no_game_date][character_template.cpp:297]: marxism is not a valid ideology. file: common/characters/PER.txt line: 267
[14:01:29][no_game_date][character_template.cpp:297]: marxism is not a valid ideology. file: common/characters/PER.txt line: 284
[14:01:29][no_game_date][character_template.cpp:297]: marxism is not a valid ideology. file: common/characters/PER.txt line: 301
[14:01:29][no_game_date][character_template.cpp:297]: anarchist_communism is not a valid ideology. file: common/characters/PER.txt line: 1528
[14:01:29][no_game_date][character_template.cpp:297]: rexism is not a valid ideology. file: common/characters/PER.txt line: 1574
[14:01:29][no_game_date][character_template.cpp:297]: marxism is not a valid ideology. file: common/characters/PHI.txt line: 282
[14:01:29][no_game_date][character_template.cpp:297]: marxism is not a valid ideology. file: common/characters/PHI.txt line: 1708
[14:01:29][no_game_date][character_template.cpp:297]: nazism is not a valid ideology. file: common/characters/PHI.txt line: 1722
[14:01:29][no_game_date][character_template.cpp:297]: marxism is not a valid ideology. file: common/characters/POL.txt line: 257
[14:01:29][no_game_date][character_template.cpp:297]: leninism is not a valid ideology. file: common/characters/POL.txt line: 272
[14:01:29][no_game_date][character_template.cpp:297]: gen_nazism is not a valid ideology. file: common/characters/POL.txt line: 335
[14:01:29][no_game_date][character_template.cpp:297]: falangism is not a valid ideology. file: common/characters/POL.txt line: 418
[14:01:29][no_game_date][character_template.cpp:297]: marxism is not a valid ideology. file: common/characters/POR.txt line: 30
[14:01:29][no_game_date][character_template.cpp:297]: marxism is not a valid ideology. file: common/characters/PRC.txt line: 167
[14:01:29][no_game_date][character_template.cpp:297]: marxism is not a valid ideology. file: common/characters/PRC.txt line: 471
[14:01:29][no_game_date][character_template.cpp:297]: falangism is not a valid ideology. file: common/characters/RAJ.txt line: 230
[14:01:29][no_game_date][character_template.cpp:297]: marxism is not a valid ideology. file: common/characters/RAJ.txt line: 286
[14:01:29][no_game_date][character_template.cpp:297]: nazism is not a valid ideology. file: common/characters/RKA.txt line: 20
[14:01:29][no_game_date][character_template.cpp:297]: nazism is not a valid ideology. file: common/characters/RKB.txt line: 20
[14:01:29][no_game_date][character_template.cpp:297]: nazism is not a valid ideology. file: common/characters/RKI.txt line: 20
[14:01:29][no_game_date][character_template.cpp:297]: nazism is not a valid ideology. file: common/characters/RKK.txt line: 20
[14:01:29][no_game_date][character_template.cpp:297]: nazism is not a valid ideology. file: common/characters/RKM.txt line: 20
[14:01:29][no_game_date][character_template.cpp:297]: nazism is not a valid ideology. file: common/characters/RKO.txt line: 20
[14:01:29][no_game_date][character_template.cpp:297]: nazism is not a valid ideology. file: common/characters/RKT.txt line: 20
[14:01:29][no_game_date][character_template.cpp:297]: nazism is not a valid ideology. file: common/characters/RKU.txt line: 20
[14:01:29][no_game_date][character_template.cpp:297]: nazism is not a valid ideology. file: common/characters/RNA.txt line: 20
[14:01:29][no_game_date][character_template.cpp:297]: leninism is not a valid ideology. file: common/characters/ROM.txt line: 27
[14:01:29][no_game_date][character_template.cpp:297]: marxism is not a valid ideology. file: common/characters/SAF.txt line: 58
[14:01:29][no_game_date][character_template.cpp:297]: anarchist_communism is not a valid ideology. file: common/characters/SIA.txt line: 41
[14:01:29][no_game_date][character_template.cpp:297]: gen_nazism is not a valid ideology. file: common/characters/SIA.txt line: 54
[14:01:29][no_game_date][character_template.cpp:297]: falangism is not a valid ideology. file: common/characters/SPR.txt line: 130
[14:01:29][no_game_date][character_template.cpp:297]: marxism is not a valid ideology. file: common/characters/SWE.txt line: 151
[14:01:29][no_game_date][character_template.cpp:297]: nazism is not a valid ideology. file: common/characters/SWI.txt line: 107
[14:01:29][no_game_date][character_template.cpp:297]: marxism is not a valid ideology. file: common/characters/SWI.txt line: 121
[14:01:29][no_game_date][character_template.cpp:297]: nazism is not a valid ideology. file: common/characters/SWI.txt line: 2174
[14:01:29][no_game_date][character_template.cpp:297]: marxism is not a valid ideology. file: common/characters/TIB.txt line: 89
[14:01:29][no_game_date][character_template.cpp:297]: emperor_fascism is not a valid ideology. file: common/characters/TIB.txt line: 123
[14:01:29][no_game_date][character_template.cpp:297]: marxism is not a valid ideology. file: common/characters/UKR.txt line: 30
[14:01:29][no_game_date][character_template.cpp:297]: anti_revisionism is not a valid ideology. file: common/characters/URG.txt line: 51
[14:01:29][no_game_date][character_template.cpp:297]: nazism is not a valid ideology. file: common/characters/URG.txt line: 81
[14:01:29][no_game_date][character_template.cpp:297]: nazism is not a valid ideology. file: common/characters/URG.txt line: 95
[14:01:29][no_game_date][character_template.cpp:297]: marxism is not a valid ideology. file: common/characters/VEN.txt line: 26
[14:01:29][no_game_date][character_template.cpp:297]: marxism is not a valid ideology. file: common/characters/VGE.txt line: 13
[14:01:29][no_game_date][character_template.cpp:297]: marxism is not a valid ideology. file: common/characters/VGE.txt line: 26
[14:01:29][no_game_date][character_template.cpp:297]: emperor_fascism is not a valid ideology. file: common/characters/VIN.txt line: 26
[14:01:29][no_game_date][character_template.cpp:297]: marxism is not a valid ideology. file: common/characters/VIN.txt line: 62
[14:01:29][no_game_date][character_template.cpp:297]: nazism is not a valid ideology. file: common/characters/Warlords_China.txt line: 119
[14:01:29][no_game_date][character_template.cpp:297]: anarchist_communism is not a valid ideology. file: common/characters/Warlords_China.txt line: 669
[14:01:29][no_game_date][character_template.cpp:297]: falangism is not a valid ideology. file: common/characters/Warlords_China.txt line: 683
[14:01:29][no_game_date][character_template.cpp:297]: rexism is not a valid ideology. file: common/characters/Warlords_China.txt line: 1266
[14:01:29][no_game_date][character_template.cpp:297]: anarchist_communism is not a valid ideology. file: common/characters/Warlords_China.txt line: 1816
[14:01:29][no_game_date][character_template.cpp:297]: nazism is not a valid ideology. file: common/characters/Warlords_China.txt line: 1830
[14:01:29][no_game_date][character_template.cpp:297]: leninism is not a valid ideology. file: common/characters/Warlords_China.txt line: 2391
[14:01:29][no_game_date][character_template.cpp:297]: rexism is not a valid ideology. file: common/characters/Warlords_China.txt line: 2406
[14:01:29][no_game_date][character_template.cpp:297]: anti_revisionism is not a valid ideology. file: common/characters/YEM.txt line: 40
[14:01:29][no_game_date][character_template.cpp:297]: gen_nazism is not a valid ideology. file: common/characters/YEM.txt line: 53
[14:01:29][no_game_date][character_template.cpp:297]: leninism is not a valid ideology. file: common/characters/YUG.txt line: 101
[14:01:29][no_game_date][effect.cpp:443]: Invalid effect 'MEX_indigenous_council' in common/decisions/CHL.txt line : 7618
[14:01:29][no_game_date][effect.cpp:356]: Error: "Unknown effect-type: MEX_indigenous_council, near line: 7618" in file: "common/decisions/CHL.txt" near line: 7656
[14:01:29][no_game_date][effect.cpp:443]: Invalid effect 'USA_native_american_council' in common/decisions/CHL.txt line : 9003
[14:01:29][no_game_date][effect.cpp:356]: Error: "Unknown effect-type: USA_native_american_council, near line: 9003" in file: "common/decisions/CHL.txt" near line: 9041
[14:01:29][no_game_date][trigger.cpp:700]: Invalid trigger 'JAP_yosuke_matsuoka' in common/decisions/JAP.txt line : 8142
[14:01:29][no_game_date][trigger.cpp:700]: Invalid trigger 'JAP_koyata_iwasaki' in common/decisions/JAP.txt line : 8145
[14:01:29][no_game_date][trigger.cpp:700]: Invalid trigger 'JAP_chikuhei_nakajima' in common/decisions/JAP.txt line : 8148
[14:01:29][no_game_date][trigger.cpp:700]: Invalid trigger 'JAP_yoshisuke_aikawa' in common/decisions/JAP.txt line : 8151
[14:01:29][no_game_date][trigger.cpp:700]: Invalid trigger 'JAP_kenjiro_matsumoto' in common/decisions/JAP.txt line : 8154
[14:01:29][no_game_date][trigger.cpp:568]: Error: "Unknown trigger-type: JAP_yosuke_matsuoka, near line: 8142
Unknown trigger-type: JAP_koyata_iwasaki, near line: 8145
Unknown trigger-type: JAP_chikuhei_nakajima, near line: 8148
Unknown trigger-type: JAP_yoshisuke_aikawa, near line: 8151
Unknown trigger-type: JAP_kenjiro_matsumoto, near line: 8154" in file: "common/decisions/JAP.txt" near line: 8157
[14:01:29][no_game_date][effect.cpp:443]: Invalid effect 'JAP_kozo_sasaki' in common/decisions/JAP.txt line : 13980
[14:01:29][no_game_date][effect.cpp:443]: Invalid effect 'JAP_komakichi_matsuoka' in common/decisions/JAP.txt line : 13987
[14:01:29][no_game_date][effect.cpp:443]: Invalid effect 'JAP_mitsumasa_yonai' in common/decisions/JAP.txt line : 13994
[14:01:29][no_game_date][effect.cpp:443]: Invalid effect 'JAP_noboru_yamaguchi' in common/decisions/JAP.txt line : 14001
[14:01:29][no_game_date][effect.cpp:356]: Error: "Unknown effect-type: JAP_kozo_sasaki, near line: 13980
Unknown effect-type: JAP_komakichi_matsuoka, near line: 13987
Unknown effect-type: JAP_mitsumasa_yonai, near line: 13994
Unknown effect-type: JAP_noboru_yamaguchi, near line: 14001" in file: "common/decisions/JAP.txt" near line: 14008
[14:01:29][no_game_date][trigger.cpp:700]: Invalid trigger 'SOV_nikolay_yezhov' in common/decisions/SOV.txt line : 13072
[14:01:29][no_game_date][trigger.cpp:568]: Error: "Unknown trigger-type: SOV_nikolay_yezhov, near line: 13072" in file: "common/decisions/SOV.txt" near line: 13075
[14:01:29][no_game_date][effect.cpp:443]: Invalid effect 'SOV_nikolay_yezhov' in common/decisions/SOV.txt line : 13086
[14:01:29][no_game_date][effect.cpp:356]: Error: "Unknown effect-type: SOV_nikolay_yezhov, near line: 13086" in file: "common/decisions/SOV.txt" near line: 13091
[14:01:29][no_game_date][trigger.cpp:700]: Invalid trigger 'SOV_genrikh_yagoda' in common/decisions/SOV.txt line : 13117
[14:01:29][no_game_date][trigger.cpp:568]: Error: "Unknown trigger-type: SOV_genrikh_yagoda, near line: 13117" in file: "common/decisions/SOV.txt" near line: 13120
[14:01:29][no_game_date][effect.cpp:443]: Invalid effect 'SOV_genrikh_yagoda' in common/decisions/SOV.txt line : 13131
[14:01:29][no_game_date][effect.cpp:356]: Error: "Unknown effect-type: SOV_genrikh_yagoda, near line: 13131" in file: "common/decisions/SOV.txt" near line: 13135
[14:01:29][no_game_date][trigger.cpp:700]: Invalid trigger 'SOV_genrikh_yagoda' in common/decisions/SOV.txt line : 13174
[14:01:29][no_game_date][trigger.cpp:568]: Error: "Unknown trigger-type: SOV_genrikh_yagoda, near line: 13174" in file: "common/decisions/SOV.txt" near line: 13175
[14:01:29][no_game_date][trigger.cpp:700]: Invalid trigger 'SOV_nikolay_yezhov' in common/decisions/SOV.txt line : 13178
[14:01:29][no_game_date][trigger.cpp:568]: Error: "Unknown trigger-type: SOV_nikolay_yezhov, near line: 13178" in file: "common/decisions/SOV.txt" near line: 13179
[14:01:29][no_game_date][trigger.cpp:700]: Invalid trigger 'SOV_grigory_zinovyev' in common/decisions/SOV.txt line : 16689
[14:01:29][no_game_date][trigger.cpp:568]: Error: "Unknown trigger-type: SOV_grigory_zinovyev, near line: 16689" in file: "common/decisions/SOV.txt" near line: 16692
[14:01:29][no_game_date][effect.cpp:443]: Invalid effect 'SOV_grigory_zinovyev' in common/decisions/SOV.txt line : 16693
[14:01:29][no_game_date][effect.cpp:356]: Error: "Unknown effect-type: SOV_grigory_zinovyev, near line: 16693" in file: "common/decisions/SOV.txt" near line: 16696
[14:01:29][no_game_date][trigger.cpp:700]: Invalid trigger 'SOV_lev_kamenev' in common/decisions/SOV.txt line : 16704
[14:01:29][no_game_date][trigger.cpp:568]: Error: "Unknown trigger-type: SOV_lev_kamenev, near line: 16704" in file: "common/decisions/SOV.txt" near line: 16707
[14:01:29][no_game_date][effect.cpp:443]: Invalid effect 'SOV_lev_kamenev' in common/decisions/SOV.txt line : 16708
[14:01:29][no_game_date][effect.cpp:356]: Error: "Unknown effect-type: SOV_lev_kamenev, near line: 16708" in file: "common/decisions/SOV.txt" near line: 16711
[14:01:29][no_game_date][trigger.cpp:700]: Invalid trigger 'SOV_ivan_smirnov' in common/decisions/SOV.txt line : 16719
[14:01:29][no_game_date][trigger.cpp:568]: Error: "Unknown trigger-type: SOV_ivan_smirnov, near line: 16719" in file: "common/decisions/SOV.txt" near line: 16722
[14:01:29][no_game_date][effect.cpp:443]: Invalid effect 'SOV_ivan_smirnov' in common/decisions/SOV.txt line : 16723
[14:01:29][no_game_date][effect.cpp:356]: Error: "Unknown effect-type: SOV_ivan_smirnov, near line: 16723" in file: "common/decisions/SOV.txt" near line: 16726
[14:01:29][no_game_date][trigger.cpp:700]: Invalid trigger 'SOV_grigory_sokolnikov' in common/decisions/SOV.txt line : 16736
[14:01:29][no_game_date][trigger.cpp:568]: Error: "Unknown trigger-type: SOV_grigory_sokolnikov, near line: 16736" in file: "common/decisions/SOV.txt" near line: 16739
[14:01:29][no_game_date][effect.cpp:443]: Invalid effect 'SOV_grigory_sokolnikov' in common/decisions/SOV.txt line : 16740
[14:01:29][no_game_date][effect.cpp:356]: Error: "Unknown effect-type: SOV_grigory_sokolnikov, near line: 16740" in file: "common/decisions/SOV.txt" near line: 16743
[14:01:29][no_game_date][trigger.cpp:700]: Invalid trigger 'SOV_aleksandr_shlyapnikov' in common/decisions/SOV.txt line : 16751
[14:01:29][no_game_date][trigger.cpp:568]: Error: "Unknown trigger-type: SOV_aleksandr_shlyapnikov, near line: 16751" in file: "common/decisions/SOV.txt" near line: 16754
[14:01:29][no_game_date][effect.cpp:443]: Invalid effect 'SOV_aleksandr_shlyapnikov' in common/decisions/SOV.txt line : 16755
[14:01:29][no_game_date][effect.cpp:356]: Error: "Unknown effect-type: SOV_aleksandr_shlyapnikov, near line: 16755" in file: "common/decisions/SOV.txt" near line: 16758
[14:01:29][no_game_date][trigger.cpp:700]: Invalid trigger 'SOV_karl_radek' in common/decisions/SOV.txt line : 16816
[14:01:29][no_game_date][trigger.cpp:568]: Error: "Unknown trigger-type: SOV_karl_radek, near line: 16816" in file: "common/decisions/SOV.txt" near line: 16819
[14:01:29][no_game_date][effect.cpp:443]: Invalid effect 'SOV_karl_radek' in common/decisions/SOV.txt line : 16820
[14:01:29][no_game_date][effect.cpp:356]: Error: "Unknown effect-type: SOV_karl_radek, near line: 16820" in file: "common/decisions/SOV.txt" near line: 16823
[14:01:29][no_game_date][trigger.cpp:700]: Invalid trigger 'SOV_ivar_smilga' in common/decisions/SOV.txt line : 16832
[14:01:29][no_game_date][trigger.cpp:568]: Error: "Unknown trigger-type: SOV_ivar_smilga, near line: 16832" in file: "common/decisions/SOV.txt" near line: 16835
[14:01:29][no_game_date][effect.cpp:443]: Invalid effect 'SOV_ivar_smilga' in common/decisions/SOV.txt line : 16836
[14:01:29][no_game_date][effect.cpp:356]: Error: "Unknown effect-type: SOV_ivar_smilga, near line: 16836" in file: "common/decisions/SOV.txt" near line: 16839
[14:01:29][no_game_date][trigger.cpp:700]: Invalid trigger 'SOV_yevgeny_preobrazhensky' in common/decisions/SOV.txt line : 16847
[14:01:29][no_game_date][trigger.cpp:568]: Error: "Unknown trigger-type: SOV_yevgeny_preobrazhensky, near line: 16847" in file: "common/decisions/SOV.txt" near line: 16850
[14:01:29][no_game_date][effect.cpp:443]: Invalid effect 'SOV_yevgeny_preobrazhensky' in common/decisions/SOV.txt line : 16851
[14:01:29][no_game_date][effect.cpp:356]: Error: "Unknown effect-type: SOV_yevgeny_preobrazhensky, near line: 16851" in file: "common/decisions/SOV.txt" near line: 16854
[14:01:29][no_game_date][trigger.cpp:700]: Invalid trigger 'SOV_martemyan_ryutin' in common/decisions/SOV.txt line : 16862
[14:01:29][no_game_date][trigger.cpp:568]: Error: "Unknown trigger-type: SOV_martemyan_ryutin, near line: 16862" in file: "common/decisions/SOV.txt" near line: 16865
[14:01:29][no_game_date][effect.cpp:443]: Invalid effect 'SOV_martemyan_ryutin' in common/decisions/SOV.txt line : 16866
[14:01:29][no_game_date][effect.cpp:356]: Error: "Unknown effect-type: SOV_martemyan_ryutin, near line: 16866" in file: "common/decisions/SOV.txt" near line: 16869
[14:01:29][no_game_date][trigger.cpp:700]: Invalid trigger 'SOV_nikolay_ustryalov' in common/decisions/SOV.txt line : 16877
[14:01:29][no_game_date][trigger.cpp:568]: Error: "Unknown trigger-type: SOV_nikolay_ustryalov, near line: 16877" in file: "common/decisions/SOV.txt" near line: 16880
[14:01:29][no_game_date][effect.cpp:443]: Invalid effect 'SOV_nikolay_ustryalov' in common/decisions/SOV.txt line : 16881
[14:01:29][no_game_date][effect.cpp:356]: Error: "Unknown effect-type: SOV_nikolay_ustryalov, near line: 16881" in file: "common/decisions/SOV.txt" near line: 16884
[14:01:29][no_game_date][trigger.cpp:700]: Invalid trigger 'SOV_mikhail_tukhachevsky' in common/decisions/SOV.txt line : 16987
[14:01:29][no_game_date][trigger.cpp:568]: Error: "Unknown trigger-type: SOV_mikhail_tukhachevsky, near line: 16987" in file: "common/decisions/SOV.txt" near line: 16990
[14:01:29][no_game_date][effect.cpp:443]: Invalid effect 'SOV_mikhail_tukhachevsky' in common/decisions/SOV.txt line : 16991
[14:01:29][no_game_date][effect.cpp:356]: Error: "Unknown effect-type: SOV_mikhail_tukhachevsky, near line: 16991" in file: "common/decisions/SOV.txt" near line: 16994
[14:01:29][no_game_date][trigger.cpp:700]: Invalid trigger 'SOV_aleksandr_yegorov' in common/decisions/SOV.txt line : 17003
[14:01:29][no_game_date][trigger.cpp:568]: Error: "Unknown trigger-type: SOV_aleksandr_yegorov, near line: 17003" in file: "common/decisions/SOV.txt" near line: 17006
[14:01:29][no_game_date][effect.cpp:443]: Invalid effect 'SOV_aleksandr_yegorov' in common/decisions/SOV.txt line : 17007
[14:01:29][no_game_date][effect.cpp:356]: Error: "Unknown effect-type: SOV_aleksandr_yegorov, near line: 17007" in file: "common/decisions/SOV.txt" near line: 17010
[14:01:29][no_game_date][trigger.cpp:700]: Invalid trigger 'SOV_vasily_blyukher' in common/decisions/SOV.txt line : 17018
[14:01:29][no_game_date][trigger.cpp:568]: Error: "Unknown trigger-type: SOV_vasily_blyukher, near line: 17018" in file: "common/decisions/SOV.txt" near line: 17021
[14:01:29][no_game_date][effect.cpp:443]: Invalid effect 'SOV_vasily_blyukher' in common/decisions/SOV.txt line : 17022
[14:01:29][no_game_date][effect.cpp:356]: Error: "Unknown effect-type: SOV_vasily_blyukher, near line: 17022" in file: "common/decisions/SOV.txt" near line: 17025
[14:01:29][no_game_date][trigger.cpp:700]: Invalid trigger 'SOV_vitaly_primakov' in common/decisions/SOV.txt line : 17033
[14:01:29][no_game_date][trigger.cpp:568]: Error: "Unknown trigger-type: SOV_vitaly_primakov, near line: 17033" in file: "common/decisions/SOV.txt" near line: 17036
[14:01:29][no_game_date][effect.cpp:443]: Invalid effect 'SOV_vitaly_primakov' in common/decisions/SOV.txt line : 17037
[14:01:29][no_game_date][effect.cpp:356]: Error: "Unknown effect-type: SOV_vitaly_primakov, near line: 17037" in file: "common/decisions/SOV.txt" near line: 17040
[14:01:29][no_game_date][trigger.cpp:700]: Invalid trigger 'SOV_nikolay_bukharin' in common/decisions/SOV.txt line : 17179
[14:01:29][no_game_date][trigger.cpp:568]: Error: "Unknown trigger-type: SOV_nikolay_bukharin, near line: 17179" in file: "common/decisions/SOV.txt" near line: 17182
[14:01:29][no_game_date][effect.cpp:443]: Invalid effect 'SOV_nikolay_bukharin' in common/decisions/SOV.txt line : 17183
[14:01:29][no_game_date][effect.cpp:356]: Error: "Unknown effect-type: SOV_nikolay_bukharin, near line: 17183" in file: "common/decisions/SOV.txt" near line: 17186
[14:01:29][no_game_date][trigger.cpp:700]: Invalid trigger 'SOV_aleksey_rykov' in common/decisions/SOV.txt line : 17194
[14:01:29][no_game_date][trigger.cpp:568]: Error: "Unknown trigger-type: SOV_aleksey_rykov, near line: 17194" in file: "common/decisions/SOV.txt" near line: 17197
[14:01:29][no_game_date][effect.cpp:443]: Invalid effect 'SOV_aleksey_rykov' in common/decisions/SOV.txt line : 17198
[14:01:29][no_game_date][effect.cpp:356]: Error: "Unknown effect-type: SOV_aleksey_rykov, near line: 17198" in file: "common/decisions/SOV.txt" near line: 17201
[14:01:29][no_game_date][trigger.cpp:700]: Invalid trigger 'SOV_mikhail_tomsky' in common/decisions/SOV.txt line : 17210
[14:01:29][no_game_date][trigger.cpp:568]: Error: "Unknown trigger-type: SOV_mikhail_tomsky, near line: 17210" in file: "common/decisions/SOV.txt" near line: 17213
[14:01:29][no_game_date][effect.cpp:443]: Invalid effect 'SOV_mikhail_tomsky' in common/decisions/SOV.txt line : 17214
[14:01:29][no_game_date][effect.cpp:356]: Error: "Unknown effect-type: SOV_mikhail_tomsky, near line: 17214" in file: "common/decisions/SOV.txt" near line: 17217
[14:01:29][no_game_date][trigger.cpp:700]: Invalid trigger 'SOV_maksim_litvinov' in common/decisions/SOV.txt line : 17225
[14:01:29][no_game_date][trigger.cpp:568]: Error: "Unknown trigger-type: SOV_maksim_litvinov, near line: 17225" in file: "common/decisions/SOV.txt" near line: 17228
[14:01:29][no_game_date][effect.cpp:443]: Invalid effect 'SOV_maksim_litvinov' in common/decisions/SOV.txt line : 17229
[14:01:29][no_game_date][effect.cpp:356]: Error: "Unknown effect-type: SOV_maksim_litvinov, near line: 17229" in file: "common/decisions/SOV.txt" near line: 17232
[14:01:29][no_game_date][effect.cpp:433]: Invalid scope type for effect add_building_construction in common/national_focus/cascadia.txt line : 152
[14:01:29][no_game_date][effect.cpp:443]: Invalid effect 'remove_idea' in common/national_focus/cascadia.txt line : 417
[14:01:29][no_game_date][effect.cpp:443]: Invalid effect 'add_idea' in common/national_focus/cascadia.txt line : 418
[14:01:29][no_game_date][effect.cpp:356]: Error: "Unknown effect-type: remove_idea, near line: 417
Unknown effect-type: add_idea, near line: 418" in file: "common/national_focus/cascadia.txt" near line: 419
[14:01:29][no_game_date][effect.cpp:443]: Invalid effect 'remove_idea' in common/national_focus/cascadia.txt line : 457
[14:01:29][no_game_date][effect.cpp:443]: Invalid effect 'add_idea' in common/national_focus/cascadia.txt line : 458
[14:01:29][no_game_date][effect.cpp:356]: Error: "Unknown effect-type: remove_idea, near line: 457
Unknown effect-type: add_idea, near line: 458" in file: "common/national_focus/cascadia.txt" near line: 459
[14:01:29][no_game_date][trigger.cpp:700]: Invalid trigger 'SOV_vasily_chuykov' in common/national_focus/china_communist_sea.txt line : 3853
[14:01:29][no_game_date][trigger.cpp:700]: Invalid trigger 'SOV_aleksandr_cherepanov' in common/national_focus/china_communist_sea.txt line : 3859
[14:01:29][no_game_date][trigger.cpp:568]: Error: "Unknown trigger-type: SOV_vasily_chuykov, near line: 3853
Unknown trigger-type: SOV_aleksandr_cherepanov, near line: 3859" in file: "common/national_focus/china_communist_sea.txt" near line: 3864
[14:01:29][no_game_date][trigger.cpp:700]: Invalid trigger 'SOV_vasily_chuykov' in common/national_focus/china_nationalist_sea.txt line : 5300
[14:01:29][no_game_date][trigger.cpp:700]: Invalid trigger 'SOV_aleksandr_cherepanov' in common/national_focus/china_nationalist_sea.txt line : 5305
[14:01:29][no_game_date][trigger.cpp:568]: Error: "Unknown trigger-type: SOV_vasily_chuykov, near line: 5300
Unknown trigger-type: SOV_aleksandr_cherepanov, near line: 5305" in file: "common/national_focus/china_nationalist_sea.txt" near line: 5310
[14:01:29][no_game_date][nationalfocus.cpp:1319]: Duplicate focus name equipment_effort found in file: common/national_focus/generic_mil_basic.txt line: 60 will cause database problems!
[14:01:29][no_game_date][nationalfocus.cpp:1319]: Duplicate focus name motorization_effort found in file: common/national_focus/generic_mil_basic.txt line: 83 will cause database problems!
[14:01:29][no_game_date][nationalfocus.cpp:1319]: Duplicate focus name doctrine_effort found in file: common/national_focus/generic_mil_basic.txt line: 107 will cause database problems!
[14:01:29][no_game_date][nationalfocus.cpp:1319]: Duplicate focus name equipment_effort_2 found in file: common/national_focus/generic_mil_basic.txt line: 138 will cause database problems!
[14:01:29][no_game_date][nationalfocus.cpp:1319]: Duplicate focus name mechanization_effort found in file: common/national_focus/generic_mil_basic.txt line: 170 will cause database problems!
[14:01:29][no_game_date][nationalfocus.cpp:1319]: Duplicate focus name doctrine_effort_2 found in file: common/national_focus/generic_mil_basic.txt line: 194 will cause database problems!
[14:01:29][no_game_date][nationalfocus.cpp:1319]: Duplicate focus name equipment_effort_3 found in file: common/national_focus/generic_mil_basic.txt line: 225 will cause database problems!
[14:01:29][no_game_date][nationalfocus.cpp:1319]: Duplicate focus name armor_effort found in file: common/national_focus/generic_mil_basic.txt line: 248 will cause database problems!
[14:01:29][no_game_date][nationalfocus.cpp:1319]: Duplicate focus name special_forces found in file: common/national_focus/generic_mil_basic.txt line: 279 will cause database problems!
[14:01:29][no_game_date][nationalfocus.cpp:1319]: Duplicate focus name fighter_focus found in file: common/national_focus/generic_mil_basic.txt line: 389 will cause database problems!
[14:01:29][no_game_date][nationalfocus.cpp:1319]: Duplicate focus name bomber_focus found in file: common/national_focus/generic_mil_basic.txt line: 414 will cause database problems!
[14:01:29][no_game_date][nationalfocus.cpp:1319]: Duplicate focus name aviation_effort_2 found in file: common/national_focus/generic_mil_basic.txt line: 503 will cause database problems!
[14:01:29][no_game_date][nationalfocus.cpp:1319]: Duplicate focus name CAS_effort found in file: common/national_focus/generic_mil_basic.txt line: 528 will cause database problems!
[14:01:29][no_game_date][nationalfocus.cpp:1319]: Duplicate focus name rocket_effort found in file: common/national_focus/generic_mil_basic.txt line: 568 will cause database problems!
[14:01:29][no_game_date][nationalfocus.cpp:1319]: Duplicate focus name NAV_effort found in file: common/national_focus/generic_mil_basic.txt line: 593 will cause database problems!
[14:01:29][no_game_date][nationalfocus.cpp:1319]: Duplicate focus name flexible_navy found in file: common/national_focus/generic_mil_basic.txt line: 763 will cause database problems!
[14:01:29][no_game_date][nationalfocus.cpp:1319]: Duplicate focus name large_navy found in file: common/national_focus/generic_mil_basic.txt line: 801 will cause database problems!
[14:01:29][no_game_date][nationalfocus.cpp:1319]: Duplicate focus name submarine_effort found in file: common/national_focus/generic_mil_basic.txt line: 839 will cause database problems!
[14:01:29][no_game_date][nationalfocus.cpp:1319]: Duplicate focus name cruiser_effort found in file: common/national_focus/generic_mil_basic.txt line: 878 will cause database problems!
[14:01:29][no_game_date][nationalfocus.cpp:1319]: Duplicate focus name destroyer_effort found in file: common/national_focus/generic_mil_basic.txt line: 916 will cause database problems!
[14:01:29][no_game_date][nationalfocus.cpp:1319]: Duplicate focus name capital_ships_effort found in file: common/national_focus/generic_mil_basic.txt line: 956 will cause database problems!
[14:01:29][no_game_date][effect.cpp:443]: Invalid effect 'SOV_andrey_shkuro' in common/national_focus/germany.txt line : 30404
[14:01:29][no_game_date][effect.cpp:356]: Error: "Unknown effect-type: SOV_andrey_shkuro, near line: 30404" in file: "common/national_focus/germany.txt" near line: 30412
[14:01:29][no_game_date][effect.cpp:443]: Invalid effect 'SOV_pyotr_krasnov' in common/national_focus/germany.txt line : 30417
[14:01:29][no_game_date][effect.cpp:356]: Error: "Unknown effect-type: SOV_pyotr_krasnov, near line: 30417" in file: "common/national_focus/germany.txt" near line: 30425
[14:01:30][no_game_date][trigger.cpp:568]: Error: "Not a valid value: marxism, near line: 20536" in file: "common/national_focus/italy.txt" near line: 20537
[14:01:30][no_game_date][trigger.cpp:700]: Invalid trigger 'JAP_tadaichi_wakamatsu' in common/national_focus/japan.txt line : 16147
[14:01:30][no_game_date][trigger.cpp:568]: Error: "Unknown trigger-type: JAP_tadaichi_wakamatsu, near line: 16147" in file: "common/national_focus/japan.txt" near line: 16152
[14:01:30][no_game_date][effect.cpp:443]: Invalid effect 'JAP_tadaichi_wakamatsu' in common/national_focus/japan.txt line : 16153
[14:01:30][no_game_date][effect.cpp:356]: Error: "Unknown effect-type: JAP_tadaichi_wakamatsu, near line: 16153" in file: "common/national_focus/japan.txt" near line: 16163
[14:01:30][no_game_date][effect.cpp:443]: Invalid effect 'JAP_mitsumasa_yonai' in common/national_focus/japan.txt line : 16302
[14:01:30][no_game_date][effect.cpp:356]: Error: "Unknown effect-type: JAP_mitsumasa_yonai, near line: 16302" in file: "common/national_focus/japan.txt" near line: 16307
[14:01:30][no_game_date][effect.cpp:443]: Invalid effect 'JAP_kozo_sasaki' in common/national_focus/japan.txt line : 17328
[14:01:30][no_game_date][effect.cpp:443]: Invalid effect 'JAP_komakichi_matsuoka' in common/national_focus/japan.txt line : 17335
[14:01:30][no_game_date][effect.cpp:443]: Invalid effect 'JAP_mitsumasa_yonai' in common/national_focus/japan.txt line : 17342
[14:01:30][no_game_date][effect.cpp:443]: Invalid effect 'JAP_noboru_yamaguchi' in common/national_focus/japan.txt line : 17349
[14:01:30][no_game_date][effect.cpp:356]: Error: "Unknown effect-type: JAP_kozo_sasaki, near line: 17328
Unknown effect-type: JAP_komakichi_matsuoka, near line: 17335
Unknown effect-type: JAP_mitsumasa_yonai, near line: 17342
Unknown effect-type: JAP_noboru_yamaguchi, near line: 17349" in file: "common/national_focus/japan.txt" near line: 17356
[14:01:30][no_game_date][trigger.cpp:700]: Invalid trigger 'JAP_giro_senoo' in common/national_focus/japan.txt line : 19055
[14:01:30][no_game_date][trigger.cpp:700]: Invalid trigger 'JAP_tsuji_jun' in common/national_focus/japan.txt line : 19058
[14:01:30][no_game_date][trigger.cpp:568]: Error: "Unknown trigger-type: JAP_giro_senoo, near line: 19055
Unknown trigger-type: JAP_tsuji_jun, near line: 19058" in file: "common/national_focus/japan.txt" near line: 19064
[14:01:30][no_game_date][effect.cpp:443]: Invalid effect 'JAP_machida_chuuji' in common/national_focus/japan.txt line : 22456
[14:01:30][no_game_date][effect.cpp:356]: Error: "Unknown effect-type: JAP_machida_chuuji, near line: 22456" in file: "common/national_focus/japan.txt" near line: 22463
[14:01:30][no_game_date][effect.cpp:443]: Invalid effect 'JAP_machida_chuuji' in common/national_focus/japan.txt line : 22486
[14:01:30][no_game_date][effect.cpp:356]: Error: "Unknown effect-type: JAP_machida_chuuji, near line: 22486" in file: "common/national_focus/japan.txt" near line: 22493
[14:01:30][no_game_date][effect.cpp:443]: Invalid effect 'JAP_abe_isoo' in common/national_focus/japan.txt line : 22552
[14:01:30][no_game_date][effect.cpp:356]: Error: "Unknown effect-type: JAP_abe_isoo, near line: 22552" in file: "common/national_focus/japan.txt" near line: 22559
[14:01:30][no_game_date][effect.cpp:443]: Invalid effect 'JAP_tokugawa_iesato' in common/national_focus/japan.txt line : 22676
[14:01:30][no_game_date][effect.cpp:356]: Error: "Unknown effect-type: JAP_tokugawa_iesato, near line: 22676" in file: "common/national_focus/japan.txt" near line: 22683
[14:01:30][no_game_date][effect.cpp:443]: Invalid effect 'JAP_ichiro_hatoyama' in common/national_focus/japan.txt line : 22785
[14:01:30][no_game_date][effect.cpp:356]: Error: "Unknown effect-type: JAP_ichiro_hatoyama, near line: 22785" in file: "common/national_focus/japan.txt" near line: 22792
[14:01:30][no_game_date][trigger.cpp:700]: Invalid trigger 'JAP_hisaichi_terauchi' in common/national_focus/japan.txt line : 28367
[14:01:30][no_game_date][trigger.cpp:568]: Error: "Unknown trigger-type: JAP_hisaichi_terauchi, near line: 28367" in file: "common/national_focus/japan.txt" near line: 28370
[14:01:30][no_game_date][effect.cpp:443]: Invalid effect 'JAP_hisaichi_terauchi' in common/national_focus/japan.txt line : 28372
[14:01:30][no_game_date][effect.cpp:356]: Error: "Unknown effect-type: JAP_hisaichi_terauchi, near line: 28372" in file: "common/national_focus/japan.txt" near line: 28376
[14:01:30][no_game_date][trigger.cpp:700]: Invalid trigger 'JAP_shunroku_hata' in common/national_focus/japan.txt line : 28853
[14:01:30][no_game_date][trigger.cpp:568]: Error: "Unknown trigger-type: JAP_shunroku_hata, near line: 28853" in file: "common/national_focus/japan.txt" near line: 28856
[14:01:30][no_game_date][effect.cpp:443]: Invalid effect 'JAP_shunroku_hata' in common/national_focus/japan.txt line : 28858
[14:01:30][no_game_date][effect.cpp:356]: Error: "Unknown effect-type: JAP_shunroku_hata, near line: 28858" in file: "common/national_focus/japan.txt" near line: 28862
[14:01:30][no_game_date][trigger.cpp:700]: Invalid trigger 'JAP_masakazu_kawabe' in common/national_focus/japan.txt line : 29425
[14:01:30][no_game_date][trigger.cpp:568]: Error: "Unknown trigger-type: JAP_masakazu_kawabe, near line: 29425" in file: "common/national_focus/japan.txt" near line: 29428
[14:01:30][no_game_date][effect.cpp:443]: Invalid effect 'JAP_masakazu_kawabe' in common/national_focus/japan.txt line : 29429
[14:01:30][no_game_date][effect.cpp:356]: Error: "Unknown effect-type: JAP_masakazu_kawabe, near line: 29429" in file: "common/national_focus/japan.txt" near line: 29432
[14:01:30][no_game_date][effect.cpp:443]: Invalid effect 'KOR_kim_il_sung' in common/national_focus/manchukuo_TSR.txt line : 2907
[14:01:30][no_game_date][effect.cpp:443]: Invalid effect 'KOR_pak_hon_yong' in common/national_focus/manchukuo_TSR.txt line : 2918
[14:01:30][no_game_date][effect.cpp:356]: Error: "Unknown effect-type: KOR_kim_il_sung, near line: 2907
Unknown effect-type: KOR_pak_hon_yong, near line: 2918" in file: "common/national_focus/manchukuo_TSR.txt" near line: 2928
[14:01:30][no_game_date][effect.cpp:443]: Invalid effect 'USA_jonathan_wainwright' in common/national_focus/philippines.txt line : 3319
[14:01:30][no_game_date][effect.cpp:356]: Error: "Unknown effect-type: USA_jonathan_wainwright, near line: 3319" in file: "common/national_focus/philippines.txt" near line: 3322
[14:01:30][no_game_date][effect.cpp:443]: Invalid effect 'USA_dwight_d_eisenhower' in common/national_focus/philippines.txt line : 3456
[14:01:30][no_game_date][effect.cpp:356]: Error: "Unknown effect-type: USA_dwight_d_eisenhower, near line: 3456" in file: "common/national_focus/philippines.txt" near line: 3465
[14:01:30][no_game_date][effect.cpp:443]: Invalid effect 'USA_douglas_macarthur' in common/national_focus/philippines.txt line : 4333
[14:01:30][no_game_date][effect.cpp:356]: Error: "Unknown effect-type: USA_douglas_macarthur, near line: 4333" in file: "common/national_focus/philippines.txt" near line: 4342
[14:01:30][no_game_date][trigger.cpp:568]: Error: "Not a valid value: falangism, near line: 12242" in file: "common/national_focus/poland.txt" near line: 12242
[14:01:30][no_game_date][trigger.cpp:568]: Error: "Not a valid value: falangism, near line: 12300" in file: "common/national_focus/poland.txt" near line: 12301
[14:01:30][no_game_date][trigger.cpp:568]: Error: "Not a valid value: falangism, near line: 12380" in file: "common/national_focus/poland.txt" near line: 12384
[14:01:30][no_game_date][trigger.cpp:568]: Error: "Not a valid value: falangism, near line: 12447" in file: "common/national_focus/poland.txt" near line: 12448
[14:01:30][no_game_date][trigger.cpp:568]: Error: "Not a valid value: falangism, near line: 12562" in file: "common/national_focus/poland.txt" near line: 12563
[14:01:30][no_game_date][effect.cpp:443]: Invalid effect 'SOV_grigory_zinovyev' in common/national_focus/soviet.txt line : 7238
[14:01:30][no_game_date][effect.cpp:356]: Error: "Unknown effect-type: SOV_grigory_zinovyev, near line: 7238" in file: "common/national_focus/soviet.txt" near line: 7241
[14:01:30][no_game_date][effect.cpp:443]: Invalid effect 'SOV_lev_kamenev' in common/national_focus/soviet.txt line : 7250
[14:01:30][no_game_date][effect.cpp:356]: Error: "Unknown effect-type: SOV_lev_kamenev, near line: 7250" in file: "common/national_focus/soviet.txt" near line: 7253
[14:01:30][no_game_date][effect.cpp:443]: Invalid effect 'SOV_ivan_smirnov' in common/national_focus/soviet.txt line : 7262
[14:01:30][no_game_date][effect.cpp:356]: Error: "Unknown effect-type: SOV_ivan_smirnov, near line: 7262" in file: "common/national_focus/soviet.txt" near line: 7265
[14:01:30][no_game_date][effect.cpp:443]: Invalid effect 'SOV_grigory_sokolnikov' in common/national_focus/soviet.txt line : 7276
[14:01:30][no_game_date][effect.cpp:356]: Error: "Unknown effect-type: SOV_grigory_sokolnikov, near line: 7276" in file: "common/national_focus/soviet.txt" near line: 7279
[14:01:30][no_game_date][effect.cpp:443]: Invalid effect 'SOV_aleksandr_shlyapnikov' in common/national_focus/soviet.txt line : 7288
[14:01:30][no_game_date][effect.cpp:356]: Error: "Unknown effect-type: SOV_aleksandr_shlyapnikov, near line: 7288" in file: "common/national_focus/soviet.txt" near line: 7291
[14:01:30][no_game_date][effect.cpp:443]: Invalid effect 'SOV_karl_radek' in common/national_focus/soviet.txt line : 7524
[14:01:30][no_game_date][effect.cpp:356]: Error: "Unknown effect-type: SOV_karl_radek, near line: 7524" in file: "common/national_focus/soviet.txt" near line: 7527
[14:01:30][no_game_date][effect.cpp:443]: Invalid effect 'SOV_ivar_smilga' in common/national_focus/soviet.txt line : 7537
[14:01:30][no_game_date][effect.cpp:356]: Error: "Unknown effect-type: SOV_ivar_smilga, near line: 7537" in file: "common/national_focus/soviet.txt" near line: 7540
[14:01:30][no_game_date][effect.cpp:443]: Invalid effect 'SOV_yevgeny_preobrazhensky' in common/national_focus/soviet.txt line : 7549
[14:01:30][no_game_date][effect.cpp:356]: Error: "Unknown effect-type: SOV_yevgeny_preobrazhensky, near line: 7549" in file: "common/national_focus/soviet.txt" near line: 7552
[14:01:30][no_game_date][effect.cpp:443]: Invalid effect 'SOV_martemyan_ryutin' in common/national_focus/soviet.txt line : 7561
[14:01:30][no_game_date][effect.cpp:356]: Error: "Unknown effect-type: SOV_martemyan_ryutin, near line: 7561" in file: "common/national_focus/soviet.txt" near line: 7564
[14:01:30][no_game_date][effect.cpp:443]: Invalid effect 'SOV_nikolay_ustryalov' in common/national_focus/soviet.txt line : 7577
[14:01:30][no_game_date][effect.cpp:356]: Error: "Unknown effect-type: SOV_nikolay_ustryalov, near line: 7577" in file: "common/national_focus/soviet.txt" near line: 7580
[14:01:30][no_game_date][effect.cpp:443]: Invalid effect 'SOV_mikhail_tukhachevsky' in common/national_focus/soviet.txt line : 7789
[14:01:30][no_game_date][effect.cpp:356]: Error: "Unknown effect-type: SOV_mikhail_tukhachevsky, near line: 7789" in file: "common/national_focus/soviet.txt" near line: 7792
[14:01:30][no_game_date][effect.cpp:443]: Invalid effect 'SOV_aleksandr_yegorov' in common/national_focus/soviet.txt line : 7802
[14:01:30][no_game_date][effect.cpp:356]: Error: "Unknown effect-type: SOV_aleksandr_yegorov, near line: 7802" in file: "common/national_focus/soviet.txt" near line: 7805
[14:01:30][no_game_date][effect.cpp:443]: Invalid effect 'SOV_vasily_blyukher' in common/national_focus/soviet.txt line : 7814
[14:01:30][no_game_date][effect.cpp:356]: Error: "Unknown effect-type: SOV_vasily_blyukher, near line: 7814" in file: "common/national_focus/soviet.txt" near line: 7817
[14:01:30][no_game_date][effect.cpp:443]: Invalid effect 'SOV_vitaly_primakov' in common/national_focus/soviet.txt line : 7826
[14:01:30][no_game_date][effect.cpp:356]: Error: "Unknown effect-type: SOV_vitaly_primakov, near line: 7826" in file: "common/national_focus/soviet.txt" near line: 7829
[14:01:30][no_game_date][effect.cpp:443]: Invalid effect 'SOV_nikolay_bukharin' in common/national_focus/soviet.txt line : 7898
[14:01:30][no_game_date][effect.cpp:356]: Error: "Unknown effect-type: SOV_nikolay_bukharin, near line: 7898" in file: "common/national_focus/soviet.txt" near line: 7901
[14:01:30][no_game_date][effect.cpp:443]: Invalid effect 'SOV_aleksey_rykov' in common/national_focus/soviet.txt line : 7910
[14:01:30][no_game_date][effect.cpp:356]: Error: "Unknown effect-type: SOV_aleksey_rykov, near line: 7910" in file: "common/national_focus/soviet.txt" near line: 7913
[14:01:30][no_game_date][effect.cpp:443]: Invalid effect 'SOV_mikhail_tomsky' in common/national_focus/soviet.txt line : 7923
[14:01:30][no_game_date][effect.cpp:356]: Error: "Unknown effect-type: SOV_mikhail_tomsky, near line: 7923" in file: "common/national_focus/soviet.txt" near line: 7926
[14:01:30][no_game_date][effect.cpp:443]: Invalid effect 'SOV_maksim_litvinov' in common/national_focus/soviet.txt line : 7935
[14:01:30][no_game_date][effect.cpp:356]: Error: "Unknown effect-type: SOV_maksim_litvinov, near line: 7935" in file: "common/national_focus/soviet.txt" near line: 7938
[14:01:30][no_game_date][trigger.cpp:700]: Invalid trigger 'SOV_ivan_smirnov' in common/national_focus/soviet.txt line : 8724
[14:01:30][no_game_date][trigger.cpp:568]: Error: "Unknown trigger-type: SOV_ivan_smirnov, near line: 8724" in file: "common/national_focus/soviet.txt" near line: 8725
[14:01:30][no_game_date][effect.cpp:443]: Invalid effect 'SOV_ivan_smirnov' in common/national_focus/soviet.txt line : 8736
[14:01:30][no_game_date][effect.cpp:443]: Invalid effect 'SOV_ivar_smilga' in common/national_focus/soviet.txt line : 8745
[14:01:30][no_game_date][effect.cpp:443]: Invalid effect 'SOV_aleksandr_shlyapnikov' in common/national_focus/soviet.txt line : 8754
[14:01:30][no_game_date][effect.cpp:356]: Error: "Unknown effect-type: SOV_ivan_smirnov, near line: 8736
Unknown effect-type: SOV_ivar_smilga, near line: 8745
Unknown effect-type: SOV_aleksandr_shlyapnikov, near line: 8754" in file: "common/national_focus/soviet.txt" near line: 8765
[14:01:30][no_game_date][effect.cpp:443]: Invalid effect 'SOV_nikolay_bukharin' in common/national_focus/soviet.txt line : 8833
[14:01:30][no_game_date][effect.cpp:443]: Invalid effect 'SOV_mikhail_tomsky' in common/national_focus/soviet.txt line : 8834
[14:01:30][no_game_date][effect.cpp:443]: Invalid effect 'SOV_aleksey_rykov' in common/national_focus/soviet.txt line : 8835
[14:01:30][no_game_date][effect.cpp:356]: Error: "Unknown effect-type: SOV_nikolay_bukharin, near line: 8833
Unknown effect-type: SOV_mikhail_tomsky, near line: 8834
Unknown effect-type: SOV_aleksey_rykov, near line: 8835" in file: "common/national_focus/soviet.txt" near line: 8837
[14:01:30][no_game_date][effect.cpp:443]: Invalid effect 'SOV_mikhail_tukhachevsky' in common/national_focus/soviet.txt line : 8894
[14:01:30][no_game_date][trigger.cpp:568]: Error: "Unknown effect-type: SOV_mikhail_tukhachevsky, near line: 8894" in file: "common/national_focus/soviet.txt" near line: 8901
[14:01:30][no_game_date][effect.cpp:443]: Invalid effect 'SOV_vitaly_primakov' in common/national_focus/soviet.txt line : 8987
[14:01:30][no_game_date][trigger.cpp:568]: Error: "Unknown effect-type: SOV_vitaly_primakov, near line: 8987" in file: "common/national_focus/soviet.txt" near line: 8994
[14:01:30][no_game_date][trigger.cpp:700]: Invalid trigger 'SOV_lev_trotsky' in common/national_focus/soviet.txt line : 9259
[14:01:30][no_game_date][trigger.cpp:568]: Error: "Unknown trigger-type: SOV_lev_trotsky, near line: 9259" in file: "common/national_focus/soviet.txt" near line: 9260
[14:01:30][no_game_date][trigger.cpp:700]: Invalid trigger 'SOV_lev_trotsky' in common/national_focus/soviet.txt line : 9358
[14:01:30][no_game_date][trigger.cpp:568]: Error: "Unknown trigger-type: SOV_lev_trotsky, near line: 9358" in file: "common/national_focus/soviet.txt" near line: 9359
[14:01:30][no_game_date][effect.cpp:443]: Invalid effect 'SOV_karl_radek' in common/national_focus/soviet.txt line : 10017
[14:01:30][no_game_date][effect.cpp:443]: Invalid effect 'SOV_ivar_smilga' in common/national_focus/soviet.txt line : 10018
[14:01:30][no_game_date][effect.cpp:443]: Invalid effect 'SOV_yevgeny_preobrazhensky' in common/national_focus/soviet.txt line : 10019
[14:01:30][no_game_date][effect.cpp:356]: Error: "Unknown effect-type: SOV_karl_radek, near line: 10017
Unknown effect-type: SOV_ivar_smilga, near line: 10018
Unknown effect-type: SOV_yevgeny_preobrazhensky, near line: 10019" in file: "common/national_focus/soviet.txt" near line: 10021
[14:01:30][no_game_date][effect.cpp:443]: Invalid effect 'SOV_iosif_stalin' in common/national_focus/soviet.txt line : 10133
[14:01:30][no_game_date][effect.cpp:356]: Error: "Unknown effect-type: SOV_iosif_stalin, near line: 10133" in file: "common/national_focus/soviet.txt" near line: 10136
[14:01:30][no_game_date][effect.cpp:443]: Invalid effect 'SOV_lev_trotsky' in common/national_focus/soviet.txt line : 10390
[14:01:30][no_game_date][effect.cpp:356]: Error: "Unknown effect-type: SOV_lev_trotsky, near line: 10390" in file: "common/national_focus/soviet.txt" near line: 10390
[14:01:30][no_game_date][effect.cpp:443]: Invalid effect 'SOV_ivan_smirnov' in common/national_focus/soviet.txt line : 10391
[14:01:30][no_game_date][effect.cpp:356]: Error: "Unknown effect-type: SOV_ivan_smirnov, near line: 10391" in file: "common/national_focus/soviet.txt" near line: 10391
[14:01:30][no_game_date][effect.cpp:443]: Invalid effect 'SOV_ivar_smilga' in common/national_focus/soviet.txt line : 10392
[14:01:30][no_game_date][effect.cpp:356]: Error: "Unknown effect-type: SOV_ivar_smilga, near line: 10392" in file: "common/national_focus/soviet.txt" near line: 10392
[14:01:30][no_game_date][effect.cpp:443]: Invalid effect 'SOV_aleksandr_shlyapnikov' in common/national_focus/soviet.txt line : 10393
[14:01:30][no_game_date][effect.cpp:356]: Error: "Unknown effect-type: SOV_aleksandr_shlyapnikov, near line: 10393" in file: "common/national_focus/soviet.txt" near line: 10393
[14:01:30][no_game_date][trigger.cpp:700]: Invalid trigger 'SOV_nikolay_bukharin' in common/national_focus/soviet.txt line : 10481
[14:01:30][no_game_date][trigger.cpp:568]: Error: "Unknown trigger-type: SOV_nikolay_bukharin, near line: 10481" in file: "common/national_focus/soviet.txt" near line: 10482
[14:01:30][no_game_date][trigger.cpp:700]: Invalid trigger 'SOV_nikolay_bukharin' in common/national_focus/soviet.txt line : 10492
[14:01:30][no_game_date][trigger.cpp:568]: Error: "Unknown trigger-type: SOV_nikolay_bukharin, near line: 10492" in file: "common/national_focus/soviet.txt" near line: 10493
[14:01:30][no_game_date][effect.cpp:356]: Error: "Not a valid value: common/national_focus/soviet.txt:10874: marxism, near line: 10874" in file: "common/national_focus/soviet.txt" near line: 10876
[14:01:30][no_game_date][effect.cpp:443]: Invalid effect 'SOV_mikhail_kalinin' in common/national_focus/soviet.txt line : 11210
[14:01:30][no_game_date][effect.cpp:443]: Invalid effect 'SOV_vsevolod_merkulov' in common/national_focus/soviet.txt line : 11214
[14:01:30][no_game_date][effect.cpp:443]: Invalid effect 'SOV_nikita_khrushchyov' in common/national_focus/soviet.txt line : 11218
[14:01:30][no_game_date][effect.cpp:356]: Error: "Unknown effect-type: SOV_mikhail_kalinin, near line: 11210
Unknown effect-type: SOV_vsevolod_merkulov, near line: 11214
Unknown effect-type: SOV_nikita_khrushchyov, near line: 11218" in file: "common/national_focus/soviet.txt" near line: 11222
[14:01:30][no_game_date][effect.cpp:443]: Invalid effect 'SOV_nikolay_bukharin' in common/national_focus/soviet.txt line : 11297
[14:01:30][no_game_date][effect.cpp:443]: Invalid effect 'SOV_aleksey_rykov' in common/national_focus/soviet.txt line : 11300
[14:01:30][no_game_date][effect.cpp:356]: Error: "Unknown effect-type: SOV_nikolay_bukharin, near line: 11297
Unknown effect-type: SOV_aleksey_rykov, near line: 11300" in file: "common/national_focus/soviet.txt" near line: 11303
[14:01:30][no_game_date][effect.cpp:443]: Invalid effect 'SOV_karl_radek' in common/national_focus/soviet.txt line : 11311
[14:01:30][no_game_date][effect.cpp:443]: Invalid effect 'SOV_yevgeny_preobrazhensky' in common/national_focus/soviet.txt line : 11314
[14:01:30][no_game_date][effect.cpp:356]: Error: "Unknown effect-type: SOV_karl_radek, near line: 11311
Unknown effect-type: SOV_yevgeny_preobrazhensky, near line: 11314" in file: "common/national_focus/soviet.txt" near line: 11317
[14:01:30][no_game_date][effect.cpp:443]: Invalid effect 'SOV_grigory_zinovyev' in common/national_focus/soviet.txt line : 11356
[14:01:30][no_game_date][effect.cpp:443]: Invalid effect 'SOV_lev_kamenev' in common/national_focus/soviet.txt line : 11366
[14:01:30][no_game_date][effect.cpp:356]: Error: "Unknown effect-type: SOV_grigory_zinovyev, near line: 11356
Unknown effect-type: SOV_lev_kamenev, near line: 11366" in file: "common/national_focus/soviet.txt" near line: 11376
[14:01:30][no_game_date][effect.cpp:443]: Invalid effect 'SOV_grigory_zinovyev' in common/national_focus/soviet.txt line : 11381
[14:01:30][no_game_date][effect.cpp:443]: Invalid effect 'SOV_lev_kamenev' in common/national_focus/soviet.txt line : 11391
[14:01:30][no_game_date][effect.cpp:356]: Error: "Unknown effect-type: SOV_grigory_zinovyev, near line: 11381
Unknown effect-type: SOV_lev_kamenev, near line: 11391" in file: "common/national_focus/soviet.txt" near line: 11401
[14:01:30][no_game_date][effect.cpp:443]: Invalid effect 'SOV_martemyan_ryutin' in common/national_focus/soviet.txt line : 11427
[14:01:30][no_game_date][effect.cpp:356]: Error: "Unknown effect-type: SOV_martemyan_ryutin, near line: 11427" in file: "common/national_focus/soviet.txt" near line: 11437
[14:01:30][no_game_date][effect.cpp:443]: Invalid effect 'SOV_martemyan_ryutin' in common/national_focus/soviet.txt line : 11443
[14:01:30][no_game_date][effect.cpp:356]: Error: "Unknown effect-type: SOV_martemyan_ryutin, near line: 11443" in file: "common/national_focus/soviet.txt" near line: 11453
[14:01:30][no_game_date][trigger.cpp:700]: Invalid trigger 'SOV_ivan_smirnov' in common/national_focus/soviet.txt line : 11490
[14:01:30][no_game_date][trigger.cpp:568]: Error: "Unknown trigger-type: SOV_ivan_smirnov, near line: 11490" in file: "common/national_focus/soviet.txt" near line: 11494
[14:01:30][no_game_date][effect.cpp:443]: Invalid effect 'SOV_ivan_smirnov' in common/national_focus/soviet.txt line : 11495
[14:01:30][no_game_date][effect.cpp:356]: Error: "Unknown effect-type: SOV_ivan_smirnov, near line: 11495" in file: "common/national_focus/soviet.txt" near line: 11496
[14:01:30][no_game_date][trigger.cpp:700]: Invalid trigger 'SOV_ivar_smilga' in common/national_focus/soviet.txt line : 11500
[14:01:30][no_game_date][trigger.cpp:568]: Error: "Unknown trigger-type: SOV_ivar_smilga, near line: 11500" in file: "common/national_focus/soviet.txt" near line: 11504
[14:01:30][no_game_date][effect.cpp:443]: Invalid effect 'SOV_ivar_smilga' in common/national_focus/soviet.txt line : 11505
[14:01:30][no_game_date][effect.cpp:356]: Error: "Unknown effect-type: SOV_ivar_smilga, near line: 11505" in file: "common/national_focus/soviet.txt" near line: 11506
[14:01:30][no_game_date][trigger.cpp:700]: Invalid trigger 'SOV_aleksandr_shlyapnikov' in common/national_focus/soviet.txt line : 11510
[14:01:30][no_game_date][trigger.cpp:568]: Error: "Unknown trigger-type: SOV_aleksandr_shlyapnikov, near line: 11510" in file: "common/national_focus/soviet.txt" near line: 11514
[14:01:30][no_game_date][effect.cpp:443]: Invalid effect 'SOV_aleksandr_shlyapnikov' in common/national_focus/soviet.txt line : 11515
[14:01:30][no_game_date][effect.cpp:356]: Error: "Unknown effect-type: SOV_aleksandr_shlyapnikov, near line: 11515" in file: "common/national_focus/soviet.txt" near line: 11516
[14:01:30][no_game_date][trigger.cpp:700]: Invalid trigger 'SOV_georgy_zhukov' in common/national_focus/soviet.txt line : 11907
[14:01:30][no_game_date][trigger.cpp:568]: Error: "Unknown trigger-type: SOV_georgy_zhukov, near line: 11907" in file: "common/national_focus/soviet.txt" near line: 11911
[14:01:30][no_game_date][effect.cpp:443]: Invalid effect 'SOV_georgy_zhukov' in common/national_focus/soviet.txt line : 11912
[14:01:30][no_game_date][effect.cpp:356]: Error: "Unknown effect-type: SOV_georgy_zhukov, near line: 11912" in file: "common/national_focus/soviet.txt" near line: 11915
[14:01:30][no_game_date][trigger.cpp:700]: Invalid trigger 'SOV_konstantin_rokossovsky' in common/national_focus/soviet.txt line : 11929
[14:01:30][no_game_date][trigger.cpp:568]: Error: "Unknown trigger-type: SOV_konstantin_rokossovsky, near line: 11929" in file: "common/national_focus/soviet.txt" near line: 11933
[14:01:30][no_game_date][effect.cpp:443]: Invalid effect 'SOV_konstantin_rokossovsky' in common/national_focus/soviet.txt line : 11934
[14:01:30][no_game_date][effect.cpp:356]: Error: "Unknown effect-type: SOV_konstantin_rokossovsky, near line: 11934" in file: "common/national_focus/soviet.txt" near line: 11937
[14:01:30][no_game_date][trigger.cpp:700]: Invalid trigger 'SOV_ivan_konev' in common/national_focus/soviet.txt line : 11951
[14:01:30][no_game_date][trigger.cpp:568]: Error: "Unknown trigger-type: SOV_ivan_konev, near line: 11951" in file: "common/national_focus/soviet.txt" near line: 11955
[14:01:30][no_game_date][effect.cpp:443]: Invalid effect 'SOV_ivan_konev' in common/national_focus/soviet.txt line : 11956
[14:01:30][no_game_date][effect.cpp:356]: Error: "Unknown effect-type: SOV_ivan_konev, near line: 11956" in file: "common/national_focus/soviet.txt" near line: 11959
[14:01:30][no_game_date][effect.cpp:443]: Invalid effect 'SOV_aleksandr_kazembek' in common/national_focus/soviet.txt line : 16975
[14:01:30][no_game_date][effect.cpp:443]: Invalid effect 'SOV_anastasy_vonsyatsky' in common/national_focus/soviet.txt line : 16978
[14:01:30][no_game_date][effect.cpp:356]: Error: "Unknown effect-type: SOV_aleksandr_kazembek, near line: 16975
Unknown effect-type: SOV_anastasy_vonsyatsky, near line: 16978" in file: "common/national_focus/soviet.txt" near line: 16983
[14:01:30][no_game_date][effect.cpp:443]: Invalid effect 'USA_victor_perlo' in common/national_focus/sweden.txt line : 3985
[14:01:30][no_game_date][effect.cpp:443]: Invalid effect 'USA_whittaker_chambers' in common/national_focus/sweden.txt line : 3986
[14:01:30][no_game_date][effect.cpp:443]: Invalid effect 'USA_harry_white' in common/national_focus/sweden.txt line : 3987
[14:01:30][no_game_date][effect.cpp:356]: Error: "Unknown effect-type: USA_victor_perlo, near line: 3985
Unknown effect-type: USA_whittaker_chambers, near line: 3986
Unknown effect-type: USA_harry_white, near line: 3987" in file: "common/national_focus/sweden.txt" near line: 3988
[14:01:30][no_game_date][effect.cpp:443]: Invalid effect 'MEX_vicente_lombardo' in common/national_focus/sweden.txt line : 3998
[14:01:30][no_game_date][effect.cpp:356]: Error: "Unknown effect-type: MEX_vicente_lombardo, near line: 3998" in file: "common/national_focus/sweden.txt" near line: 3998
[14:01:30][no_game_date][effect.cpp:443]: Invalid effect 'air_force_experience' in common/national_focus/texas.txt line : 350
[14:01:30][no_game_date][effect.cpp:356]: Error: "Unknown effect-type: air_force_experience, near line: 350" in file: "common/national_focus/texas.txt" near line: 351
[14:01:30][no_game_date][effect.cpp:443]: Invalid effect 'TEX_modify_industrial_modifier' in common/national_focus/texas.txt line : 1017
[14:01:30][no_game_date][effect.cpp:356]: Error: "Unknown effect-type: TEX_modify_industrial_modifier, near line: 1017" in file: "common/national_focus/texas.txt" near line: 1021
[14:01:30][no_game_date][effect.cpp:443]: Invalid effect 'TEX_modify_industrial_modifier' in common/national_focus/texas.txt line : 1084
[14:01:30][no_game_date][effect.cpp:356]: Error: "Unknown effect-type: TEX_modify_industrial_modifier, near line: 1084" in file: "common/national_focus/texas.txt" near line: 1088
[14:01:30][no_game_date][effect.cpp:443]: Invalid effect 'TEX_modify_industrial_modifier' in common/national_focus/texas.txt line : 1311
[14:01:30][no_game_date][effect.cpp:356]: Error: "Unknown effect-type: TEX_modify_industrial_modifier, near line: 1311" in file: "common/national_focus/texas.txt" near line: 1315
[14:01:30][no_game_date][effect.cpp:443]: Invalid effect 'TEX_modify_industrial_modifier' in common/national_focus/texas.txt line : 1480
[14:01:30][no_game_date][effect.cpp:356]: Error: "Unknown effect-type: TEX_modify_industrial_modifier, near line: 1480" in file: "common/national_focus/texas.txt" near line: 1484
[14:01:30][no_game_date][effect.cpp:443]: Invalid effect 'USA_george_s_patton' in common/national_focus/usa.txt line : 5693
[14:01:30][no_game_date][effect.cpp:356]: Error: "Unknown effect-type: USA_george_s_patton, near line: 5693" in file: "common/national_focus/usa.txt" near line: 5696
[14:01:30][no_game_date][effect.cpp:443]: Invalid effect 'USA_omar_bradley' in common/national_focus/usa.txt line : 5767
[14:01:30][no_game_date][effect.cpp:443]: Invalid effect 'USA_mark_clark' in common/national_focus/usa.txt line : 5770
[14:01:30][no_game_date][effect.cpp:356]: Error: "Unknown effect-type: USA_omar_bradley, near line: 5767
Unknown effect-type: USA_mark_clark, near line: 5770" in file: "common/national_focus/usa.txt" near line: 5773
[14:01:30][no_game_date][effect.cpp:443]: Invalid effect 'USA_ernest_king' in common/national_focus/usa.txt line : 6424
[14:01:30][no_game_date][effect.cpp:356]: Error: "Unknown effect-type: USA_ernest_king, near line: 6424" in file: "common/national_focus/usa.txt" near line: 6427
[14:01:30][no_game_date][effect.cpp:443]: Invalid effect 'USA_chester_w_nimitz' in common/national_focus/usa.txt line : 6499
[14:01:30][no_game_date][effect.cpp:443]: Invalid effect 'USA_william_halsey_jr' in common/national_focus/usa.txt line : 6502
[14:01:30][no_game_date][effect.cpp:356]: Error: "Unknown effect-type: USA_chester_w_nimitz, near line: 6499
Unknown effect-type: USA_william_halsey_jr, near line: 6502" in file: "common/national_focus/usa.txt" near line: 6505
[14:01:30][no_game_date][effect.cpp:443]: Invalid effect 'create_war_goal' in common/national_focus/venice.txt line : 63
[14:01:30][no_game_date][effect.cpp:356]: Error: "Unknown effect-type: create_war_goal, near line: 63" in file: "common/national_focus/venice.txt" near line: 73
[14:01:30][no_game_date][effect.cpp:443]: Invalid effect 'create_war_goal' in common/national_focus/venice.txt line : 252
[14:01:30][no_game_date][effect.cpp:443]: Invalid effect 'create_war_goal' in common/national_focus/venice.txt line : 256
[14:01:30][no_game_date][effect.cpp:356]: Error: "Unknown effect-type: create_war_goal, near line: 252
Unknown effect-type: create_war_goal, near line: 256" in file: "common/national_focus/venice.txt" near line: 260
[14:01:30][no_game_date][nationalfocus.cpp:593]: Error in focus: CAS_fight_local_officials (common/national_focus/cascadia.txt:462 )
Has mutual exclusivity with CAS_cooperate_with_local_officials but the other focus does not.
[14:01:30][no_game_date][nationalfocus.cpp:593]: Error in focus: CAS_cascgate_reborn (common/national_focus/cascadia.txt:571 )
Has mutual exclusivity with CAS_kick_orbit but the other focus does not.
[14:01:30][no_game_date][persistent.cpp:66]: Error: "Invalid idea: home_of_the_free: ideas, near line: 14
Invalid idea: great_depression: ideas, near line: 15" in file: "common/bookmarks/the_gathering_storm.txt" near line: 17
[14:01:30][no_game_date][persistent.cpp:66]: Error: "Invalid idea: home_of_the_free: ideas, near line: 29
Invalid idea: great_depression: ideas, near line: 30" in file: "common/bookmarks/the_gathering_storm.txt" near line: 32
[14:01:30][no_game_date][persistent.cpp:66]: Error: "Invalid idea: home_of_the_free: ideas, near line: 44
Invalid idea: great_depression: ideas, near line: 45" in file: "common/bookmarks/the_gathering_storm.txt" near line: 47
[14:01:30][no_game_date][persistent.cpp:66]: Error: "Invalid idea: home_of_the_free: ideas, near line: 74
Invalid idea: great_depression: ideas, near line: 75" in file: "common/bookmarks/the_gathering_storm.txt" near line: 77
[14:01:30][no_game_date][persistent.cpp:66]: Error: "Invalid idea: home_of_the_free: ideas, near line: 89
Invalid idea: great_depression: ideas, near line: 90" in file: "common/bookmarks/the_gathering_storm.txt" near line: 92
[14:01:30][no_game_date][persistent.cpp:66]: Error: "Invalid idea: home_of_the_free: ideas, near line: 104
Invalid idea: great_depression: ideas, near line: 105" in file: "common/bookmarks/the_gathering_storm.txt" near line: 107
[14:01:30][no_game_date][effect.cpp:443]: Invalid effect 'SOV_grigory_semyonov' in history/countries/MAN - Manchukou.txt line : 80
[14:01:30][no_game_date][effect.cpp:356]: Error: "Unknown effect-type: SOV_grigory_semyonov, near line: 80" in file: "history/countries/MAN - Manchukou.txt" near line: 83
[14:01:31][no_game_date][effect.cpp:443]: Invalid effect 'SOV_mikhail_kalinin' in history/countries/SOV - Soviet union.txt line : 169
[14:01:31][no_game_date][countryhistory.cpp:171]: Unknown History Command ==>'SOV_mikhail_kalinin'<==  for Countryhistory/countries/SOV - Soviet union.txt
[14:01:31][no_game_date][persistent.cpp:66]: Error: "Unknown effect-type: SOV_mikhail_kalinin, near line: 169" in file: "history/countries/SOV - Soviet union.txt" near line: 171
[14:01:31][no_game_date][effect.cpp:443]: Invalid effect 'SOV_nikita_khrushchyov' in history/countries/SOV - Soviet union.txt line : 172
[14:01:31][no_game_date][countryhistory.cpp:171]: Unknown History Command ==>'SOV_nikita_khrushchyov'<==  for Countryhistory/countries/SOV - Soviet union.txt
[14:01:31][no_game_date][persistent.cpp:66]: Error: "Unknown effect-type: SOV_nikita_khrushchyov, near line: 172" in file: "history/countries/SOV - Soviet union.txt" near line: 174
[14:01:31][no_game_date][effect.cpp:443]: Invalid effect 'SOV_lazar_kaganovich' in history/countries/SOV - Soviet union.txt line : 175
[14:01:31][no_game_date][countryhistory.cpp:171]: Unknown History Command ==>'SOV_lazar_kaganovich'<==  for Countryhistory/countries/SOV - Soviet union.txt
[14:01:31][no_game_date][persistent.cpp:66]: Error: "Unknown effect-type: SOV_lazar_kaganovich, near line: 175" in file: "history/countries/SOV - Soviet union.txt" near line: 177
[14:01:31][no_game_date][effect.cpp:443]: Invalid effect 'SOV_genrikh_yagoda' in history/countries/SOV - Soviet union.txt line : 178
[14:01:31][no_game_date][countryhistory.cpp:171]: Unknown History Command ==>'SOV_genrikh_yagoda'<==  for Countryhistory/countries/SOV - Soviet union.txt
[14:01:31][no_game_date][persistent.cpp:66]: Error: "Unknown effect-type: SOV_genrikh_yagoda, near line: 178" in file: "history/countries/SOV - Soviet union.txt" near line: 180
[14:01:31][no_game_date][effect.cpp:443]: Invalid effect 'SOV_nikolay_yezhov' in history/countries/SOV - Soviet union.txt line : 181
[14:01:31][no_game_date][countryhistory.cpp:171]: Unknown History Command ==>'SOV_nikolay_yezhov'<==  for Countryhistory/countries/SOV - Soviet union.txt
[14:01:31][no_game_date][persistent.cpp:66]: Error: "Unknown effect-type: SOV_nikolay_yezhov, near line: 181" in file: "history/countries/SOV - Soviet union.txt" near line: 183
[14:01:31][no_game_date][effect.cpp:443]: Invalid effect 'SOV_lavrenty_beriya' in history/countries/SOV - Soviet union.txt line : 184
[14:01:31][no_game_date][countryhistory.cpp:171]: Unknown History Command ==>'SOV_lavrenty_beriya'<==  for Countryhistory/countries/SOV - Soviet union.txt
[14:01:31][no_game_date][persistent.cpp:66]: Error: "Unknown effect-type: SOV_lavrenty_beriya, near line: 184" in file: "history/countries/SOV - Soviet union.txt" near line: 186
[14:01:31][no_game_date][effect.cpp:443]: Invalid effect 'SOV_vsevolod_merkulov' in history/countries/SOV - Soviet union.txt line : 187
[14:01:31][no_game_date][countryhistory.cpp:171]: Unknown History Command ==>'SOV_vsevolod_merkulov'<==  for Countryhistory/countries/SOV - Soviet union.txt
[14:01:31][no_game_date][persistent.cpp:66]: Error: "Unknown effect-type: SOV_vsevolod_merkulov, near line: 187" in file: "history/countries/SOV - Soviet union.txt" near line: 189
[14:01:31][no_game_date][effect.cpp:443]: Invalid effect 'SOV_vyacheslav_molotov' in history/countries/SOV - Soviet union.txt line : 190
[14:01:31][no_game_date][countryhistory.cpp:171]: Unknown History Command ==>'SOV_vyacheslav_molotov'<==  for Countryhistory/countries/SOV - Soviet union.txt
[14:01:31][no_game_date][persistent.cpp:66]: Error: "Unknown effect-type: SOV_vyacheslav_molotov, near line: 190" in file: "history/countries/SOV - Soviet union.txt" near line: 192
[14:01:31][no_game_date][effect.cpp:443]: Invalid effect 'SOV_konstantin_rodzayevsky' in history/countries/SOV - Soviet union.txt line : 193
[14:01:31][no_game_date][countryhistory.cpp:171]: Unknown History Command ==>'SOV_konstantin_rodzayevsky'<==  for Countryhistory/countries/SOV - Soviet union.txt
[14:01:31][no_game_date][persistent.cpp:66]: Error: "Unknown effect-type: SOV_konstantin_rodzayevsky, near line: 193" in file: "history/countries/SOV - Soviet union.txt" near line: 195
[14:01:31][no_game_date][effect.cpp:443]: Invalid effect 'SOV_aleksandr_kerensky' in history/countries/SOV - Soviet union.txt line : 196
[14:01:31][no_game_date][countryhistory.cpp:171]: Unknown History Command ==>'SOV_aleksandr_kerensky'<==  for Countryhistory/countries/SOV - Soviet union.txt
[14:01:31][no_game_date][persistent.cpp:66]: Error: "Unknown effect-type: SOV_aleksandr_kerensky, near line: 196" in file: "history/countries/SOV - Soviet union.txt" near line: 198
[14:01:31][no_game_date][effect.cpp:443]: Invalid effect 'SOV_lev_trotsky' in history/countries/SOV - Soviet union.txt line : 199
[14:01:31][no_game_date][countryhistory.cpp:171]: Unknown History Command ==>'SOV_lev_trotsky'<==  for Countryhistory/countries/SOV - Soviet union.txt
[14:01:31][no_game_date][persistent.cpp:66]: Error: "Unknown effect-type: SOV_lev_trotsky, near line: 199" in file: "history/countries/SOV - Soviet union.txt" near line: 201
[14:01:31][no_game_date][effect.cpp:443]: Invalid effect 'SOV_patriarch_sergy' in history/countries/SOV - Soviet union.txt line : 202
[14:01:31][no_game_date][countryhistory.cpp:171]: Unknown History Command ==>'SOV_patriarch_sergy'<==  for Countryhistory/countries/SOV - Soviet union.txt
[14:01:31][no_game_date][persistent.cpp:66]: Error: "Unknown effect-type: SOV_patriarch_sergy, near line: 202" in file: "history/countries/SOV - Soviet union.txt" near line: 204
[14:01:31][no_game_date][effect.cpp:443]: Invalid effect 'SOV_metropolitan_anastasy' in history/countries/SOV - Soviet union.txt line : 209
[14:01:31][no_game_date][effect.cpp:443]: Invalid effect 'SOV_metropolitan_nikolay' in history/countries/SOV - Soviet union.txt line : 212
[14:01:31][no_game_date][effect.cpp:443]: Invalid effect 'SOV_metropolitan_aleksy' in history/countries/SOV - Soviet union.txt line : 215
[14:01:31][no_game_date][effect.cpp:443]: Invalid effect 'SOV_metropolitan_meletius' in history/countries/SOV - Soviet union.txt line : 218
[14:01:31][no_game_date][effect.cpp:443]: Invalid effect 'SOV_anastasy_vonsyatsky' in history/countries/SOV - Soviet union.txt line : 221
[14:01:31][no_game_date][effect.cpp:443]: Invalid effect 'SOV_aleksandr_kazembek' in history/countries/SOV - Soviet union.txt line : 224
[14:01:31][no_game_date][effect.cpp:443]: Invalid effect 'SOV_aleksandr_prokofyev_seversky' in history/countries/SOV - Soviet union.txt line : 227
[14:01:31][no_game_date][effect.cpp:443]: Invalid effect 'SOV_vyacheslav_tkachyov' in history/countries/SOV - Soviet union.txt line : 230
[14:01:31][no_game_date][effect.cpp:443]: Invalid effect 'SOV_yan_nagursky' in history/countries/SOV - Soviet union.txt line : 233
[14:01:31][no_game_date][effect.cpp:443]: Invalid effect 'SOV_vasily_yanchenko' in history/countries/SOV - Soviet union.txt line : 236
[14:01:31][no_game_date][effect.cpp:443]: Invalid effect 'SOV_anton_denikin' in history/countries/SOV - Soviet union.txt line : 239
[14:01:31][no_game_date][effect.cpp:443]: Invalid effect 'SOV_pyotr_krasnov' in history/countries/SOV - Soviet union.txt line : 243
[14:01:31][no_game_date][effect.cpp:443]: Invalid effect 'SOV_konstantin_nechayev' in history/countries/SOV - Soviet union.txt line : 247
[14:01:31][no_game_date][effect.cpp:443]: Invalid effect 'SOV_vladimir_kosmin' in history/countries/SOV - Soviet union.txt line : 251
[14:01:31][no_game_date][effect.cpp:443]: Invalid effect 'SOV_aleksandr_rodzyanko' in history/countries/SOV - Soviet union.txt line : 255
[14:01:31][no_game_date][effect.cpp:443]: Invalid effect 'SOV_andrey_shkuro' in history/countries/SOV - Soviet union.txt line : 259
[14:01:31][no_game_date][effect.cpp:356]: Error: "Unknown effect-type: SOV_metropolitan_anastasy, near line: 209
Unknown effect-type: SOV_metropolitan_nikolay, near line: 212
Unknown effect-type: SOV_metropolitan_aleksy, near line: 215
Unknown effect-type: SOV_metropolitan_meletius, near line: 218
Unknown effect-type: SOV_anastasy_vonsyatsky, near line: 221
Unknown effect-type: SOV_aleksandr_kazembek, near line: 224
Unknown effect-type: SOV_aleksandr_prokofyev_seversky, near line: 227
Unknown effect-type: SOV_vyacheslav_tkachyov, near line: 230
Unknown effect-type: SOV_yan_nagursky, near line: 233
Unknown effect-type: SOV_vasily_yanchenko, near line: 236
Unknown effect-type: SOV_anton_denikin, near line: 239
Unknown effect-type: SOV_pyotr_krasnov, near line: 243
Unknown effect-type: SOV_konstantin_nechayev, near line: 247
Unknown effect-type: SOV_vladimir_kosmin, near line: 251
Unknown effect-type: SOV_aleksandr_rodzyanko, near line: 255
Unknown effect-type: SOV_andrey_shkuro, near line: 259" in file: "history/countries/SOV - Soviet union.txt" near line: 265
[14:01:31][no_game_date][effect.cpp:443]: Invalid effect 'SOV_lev_trotsky' in history/countries/SOV - Soviet union.txt line : 269
[14:01:31][no_game_date][countryhistory.cpp:171]: Unknown History Command ==>'SOV_lev_trotsky'<==  for Countryhistory/countries/SOV - Soviet union.txt
[14:01:31][no_game_date][persistent.cpp:66]: Error: "Unknown effect-type: SOV_lev_trotsky, near line: 269" in file: "history/countries/SOV - Soviet union.txt" near line: 271
[14:01:31][no_game_date][effect.cpp:443]: Invalid effect 'SOV_ivan_smirnov' in history/countries/SOV - Soviet union.txt line : 272
[14:01:31][no_game_date][countryhistory.cpp:171]: Unknown History Command ==>'SOV_ivan_smirnov'<==  for Countryhistory/countries/SOV - Soviet union.txt
[14:01:31][no_game_date][persistent.cpp:66]: Error: "Unknown effect-type: SOV_ivan_smirnov, near line: 272" in file: "history/countries/SOV - Soviet union.txt" near line: 274
[14:01:31][no_game_date][effect.cpp:443]: Invalid effect 'SOV_ivar_smilga' in history/countries/SOV - Soviet union.txt line : 275
[14:01:31][no_game_date][countryhistory.cpp:171]: Unknown History Command ==>'SOV_ivar_smilga'<==  for Countryhistory/countries/SOV - Soviet union.txt
[14:01:31][no_game_date][persistent.cpp:66]: Error: "Unknown effect-type: SOV_ivar_smilga, near line: 275" in file: "history/countries/SOV - Soviet union.txt" near line: 277
[14:01:31][no_game_date][effect.cpp:443]: Invalid effect 'SOV_karl_radek' in history/countries/SOV - Soviet union.txt line : 278
[14:01:31][no_game_date][countryhistory.cpp:171]: Unknown History Command ==>'SOV_karl_radek'<==  for Countryhistory/countries/SOV - Soviet union.txt
[14:01:31][no_game_date][persistent.cpp:66]: Error: "Unknown effect-type: SOV_karl_radek, near line: 278" in file: "history/countries/SOV - Soviet union.txt" near line: 280
[14:01:31][no_game_date][effect.cpp:443]: Invalid effect 'SOV_yevgeny_preobrazhensky' in history/countries/SOV - Soviet union.txt line : 281
[14:01:31][no_game_date][countryhistory.cpp:171]: Unknown History Command ==>'SOV_yevgeny_preobrazhensky'<==  for Countryhistory/countries/SOV - Soviet union.txt
[14:01:31][no_game_date][persistent.cpp:66]: Error: "Unknown effect-type: SOV_yevgeny_preobrazhensky, near line: 281" in file: "history/countries/SOV - Soviet union.txt" near line: 283
[14:01:31][no_game_date][effect.cpp:443]: Invalid effect 'SOV_aleksandr_shlyapnikov' in history/countries/SOV - Soviet union.txt line : 284
[14:01:31][no_game_date][countryhistory.cpp:171]: Unknown History Command ==>'SOV_aleksandr_shlyapnikov'<==  for Countryhistory/countries/SOV - Soviet union.txt
[14:01:31][no_game_date][persistent.cpp:66]: Error: "Unknown effect-type: SOV_aleksandr_shlyapnikov, near line: 284" in file: "history/countries/SOV - Soviet union.txt" near line: 286
[14:01:31][no_game_date][effect.cpp:443]: Invalid effect 'SOV_nikolay_bukharin' in history/countries/SOV - Soviet union.txt line : 287
[14:01:31][no_game_date][countryhistory.cpp:171]: Unknown History Command ==>'SOV_nikolay_bukharin'<==  for Countryhistory/countries/SOV - Soviet union.txt
[14:01:31][no_game_date][persistent.cpp:66]: Error: "Unknown effect-type: SOV_nikolay_bukharin, near line: 287" in file: "history/countries/SOV - Soviet union.txt" near line: 289
[14:01:31][no_game_date][effect.cpp:443]: Invalid effect 'SOV_aleksey_rykov' in history/countries/SOV - Soviet union.txt line : 290
[14:01:31][no_game_date][countryhistory.cpp:171]: Unknown History Command ==>'SOV_aleksey_rykov'<==  for Countryhistory/countries/SOV - Soviet union.txt
[14:01:31][no_game_date][persistent.cpp:66]: Error: "Unknown effect-type: SOV_aleksey_rykov, near line: 290" in file: "history/countries/SOV - Soviet union.txt" near line: 292
[14:01:31][no_game_date][effect.cpp:443]: Invalid effect 'SOV_mikhail_tomsky' in history/countries/SOV - Soviet union.txt line : 293
[14:01:31][no_game_date][countryhistory.cpp:171]: Unknown History Command ==>'SOV_mikhail_tomsky'<==  for Countryhistory/countries/SOV - Soviet union.txt
[14:01:31][no_game_date][persistent.cpp:66]: Error: "Unknown effect-type: SOV_mikhail_tomsky, near line: 293" in file: "history/countries/SOV - Soviet union.txt" near line: 295
[14:01:31][no_game_date][effect.cpp:443]: Invalid effect 'SOV_grigory_sokolnikov' in history/countries/SOV - Soviet union.txt line : 296
[14:01:31][no_game_date][countryhistory.cpp:171]: Unknown History Command ==>'SOV_grigory_sokolnikov'<==  for Countryhistory/countries/SOV - Soviet union.txt
[14:01:31][no_game_date][persistent.cpp:66]: Error: "Unknown effect-type: SOV_grigory_sokolnikov, near line: 296" in file: "history/countries/SOV - Soviet union.txt" near line: 298
[14:01:31][no_game_date][effect.cpp:443]: Invalid effect 'SOV_anastasy_vonsyatsky' in history/countries/SOV - Soviet union.txt line : 306
[14:01:31][no_game_date][effect.cpp:443]: Invalid effect 'SOV_nikolay_ustryalov' in history/countries/SOV - Soviet union.txt line : 311
[14:01:31][no_game_date][effect.cpp:443]: Invalid effect 'SOV_aleksandr_kazembek' in history/countries/SOV - Soviet union.txt line : 314
[14:01:31][no_game_date][effect.cpp:443]: Invalid effect 'SOV_aleksandr_prokofyev_seversky' in history/countries/SOV - Soviet union.txt line : 317
[14:01:31][no_game_date][effect.cpp:443]: Invalid effect 'SOV_vyacheslav_tkachyov' in history/countries/SOV - Soviet union.txt line : 321
[14:01:31][no_game_date][effect.cpp:443]: Invalid effect 'SOV_yan_nagursky' in history/countries/SOV - Soviet union.txt line : 325
[14:01:31][no_game_date][effect.cpp:443]: Invalid effect 'SOV_vasily_yanchenko' in history/countries/SOV - Soviet union.txt line : 329
[14:01:31][no_game_date][effect.cpp:356]: Error: "Unknown effect-type: SOV_anastasy_vonsyatsky, near line: 306
Unknown effect-type: SOV_nikolay_ustryalov, near line: 311
Unknown effect-type: SOV_aleksandr_kazembek, near line: 314
Unknown effect-type: SOV_aleksandr_prokofyev_seversky, near line: 317
Unknown effect-type: SOV_vyacheslav_tkachyov, near line: 321
Unknown effect-type: SOV_yan_nagursky, near line: 325
Unknown effect-type: SOV_vasily_yanchenko, near line: 329" in file: "history/countries/SOV - Soviet union.txt" near line: 333
[14:01:31][no_game_date][effect.cpp:443]: Invalid effect 'SOV_ivan_smirnov' in history/countries/SOV - Soviet union.txt line : 336
[14:01:31][no_game_date][countryhistory.cpp:171]: Unknown History Command ==>'SOV_ivan_smirnov'<==  for Countryhistory/countries/SOV - Soviet union.txt
[14:01:31][no_game_date][persistent.cpp:66]: Error: "Unknown effect-type: SOV_ivan_smirnov, near line: 336" in file: "history/countries/SOV - Soviet union.txt" near line: 338
[14:01:31][no_game_date][effect.cpp:443]: Invalid effect 'SOV_ivar_smilga' in history/countries/SOV - Soviet union.txt line : 339
[14:01:31][no_game_date][countryhistory.cpp:171]: Unknown History Command ==>'SOV_ivar_smilga'<==  for Countryhistory/countries/SOV - Soviet union.txt
[14:01:31][no_game_date][persistent.cpp:66]: Error: "Unknown effect-type: SOV_ivar_smilga, near line: 339" in file: "history/countries/SOV - Soviet union.txt" near line: 341
[14:01:31][no_game_date][effect.cpp:443]: Invalid effect 'SOV_aleksandr_shlyapnikov' in history/countries/SOV - Soviet union.txt line : 342
[14:01:31][no_game_date][countryhistory.cpp:171]: Unknown History Command ==>'SOV_aleksandr_shlyapnikov'<==  for Countryhistory/countries/SOV - Soviet union.txt
[14:01:31][no_game_date][persistent.cpp:66]: Error: "Unknown effect-type: SOV_aleksandr_shlyapnikov, near line: 342" in file: "history/countries/SOV - Soviet union.txt" near line: 344
[14:01:31][no_game_date][effect.cpp:443]: Invalid effect 'SOV_grigory_zinovyev' in history/countries/SOV - Soviet union.txt line : 345
[14:01:31][no_game_date][countryhistory.cpp:171]: Unknown History Command ==>'SOV_grigory_zinovyev'<==  for Countryhistory/countries/SOV - Soviet union.txt
[14:01:31][no_game_date][persistent.cpp:66]: Error: "Unknown effect-type: SOV_grigory_zinovyev, near line: 345" in file: "history/countries/SOV - Soviet union.txt" near line: 347
[14:01:31][no_game_date][effect.cpp:443]: Invalid effect 'SOV_lev_kamenev' in history/countries/SOV - Soviet union.txt line : 348
[14:01:31][no_game_date][countryhistory.cpp:171]: Unknown History Command ==>'SOV_lev_kamenev'<==  for Countryhistory/countries/SOV - Soviet union.txt
[14:01:31][no_game_date][persistent.cpp:66]: Error: "Unknown effect-type: SOV_lev_kamenev, near line: 348" in file: "history/countries/SOV - Soviet union.txt" near line: 350
[14:01:31][no_game_date][effect.cpp:443]: Invalid effect 'SOV_martemyan_ryutin' in history/countries/SOV - Soviet union.txt line : 351
[14:01:31][no_game_date][countryhistory.cpp:171]: Unknown History Command ==>'SOV_martemyan_ryutin'<==  for Countryhistory/countries/SOV - Soviet union.txt
[14:01:31][no_game_date][persistent.cpp:66]: Error: "Unknown effect-type: SOV_martemyan_ryutin, near line: 351" in file: "history/countries/SOV - Soviet union.txt" near line: 353
[14:01:31][no_game_date][effect.cpp:443]: Invalid effect 'SOV_grigory_zinovyev' in history/countries/SOV - Soviet union.txt line : 965
[14:01:31][no_game_date][countryhistory.cpp:171]: Unknown History Command ==>'SOV_grigory_zinovyev'<==  for Countryhistory/countries/SOV - Soviet union.txt
[14:01:31][no_game_date][persistent.cpp:66]: Error: "Unknown effect-type: SOV_grigory_zinovyev, near line: 965" in file: "history/countries/SOV - Soviet union.txt" near line: 965
[14:01:31][no_game_date][effect.cpp:443]: Invalid effect 'SOV_lev_kamenev' in history/countries/SOV - Soviet union.txt line : 966
[14:01:31][no_game_date][countryhistory.cpp:171]: Unknown History Command ==>'SOV_lev_kamenev'<==  for Countryhistory/countries/SOV - Soviet union.txt
[14:01:31][no_game_date][persistent.cpp:66]: Error: "Unknown effect-type: SOV_lev_kamenev, near line: 966" in file: "history/countries/SOV - Soviet union.txt" near line: 966
[14:01:31][no_game_date][effect.cpp:443]: Invalid effect 'SOV_ivan_smirnov' in history/countries/SOV - Soviet union.txt line : 967
[14:01:31][no_game_date][countryhistory.cpp:171]: Unknown History Command ==>'SOV_ivan_smirnov'<==  for Countryhistory/countries/SOV - Soviet union.txt
[14:01:31][no_game_date][persistent.cpp:66]: Error: "Unknown effect-type: SOV_ivan_smirnov, near line: 967" in file: "history/countries/SOV - Soviet union.txt" near line: 967
[14:01:31][no_game_date][effect.cpp:443]: Invalid effect 'SOV_grigory_sokolnikov' in history/countries/SOV - Soviet union.txt line : 968
[14:01:31][no_game_date][countryhistory.cpp:171]: Unknown History Command ==>'SOV_grigory_sokolnikov'<==  for Countryhistory/countries/SOV - Soviet union.txt
[14:01:31][no_game_date][persistent.cpp:66]: Error: "Unknown effect-type: SOV_grigory_sokolnikov, near line: 968" in file: "history/countries/SOV - Soviet union.txt" near line: 968
[14:01:31][no_game_date][effect.cpp:443]: Invalid effect 'SOV_aleksandr_shlyapnikov' in history/countries/SOV - Soviet union.txt line : 969
[14:01:31][no_game_date][countryhistory.cpp:171]: Unknown History Command ==>'SOV_aleksandr_shlyapnikov'<==  for Countryhistory/countries/SOV - Soviet union.txt
[14:01:31][no_game_date][persistent.cpp:66]: Error: "Unknown effect-type: SOV_aleksandr_shlyapnikov, near line: 969" in file: "history/countries/SOV - Soviet union.txt" near line: 969
[14:01:31][no_game_date][effect.cpp:443]: Invalid effect 'SOV_karl_radek' in history/countries/SOV - Soviet union.txt line : 970
[14:01:31][no_game_date][countryhistory.cpp:171]: Unknown History Command ==>'SOV_karl_radek'<==  for Countryhistory/countries/SOV - Soviet union.txt
[14:01:31][no_game_date][persistent.cpp:66]: Error: "Unknown effect-type: SOV_karl_radek, near line: 970" in file: "history/countries/SOV - Soviet union.txt" near line: 970
[14:01:31][no_game_date][effect.cpp:443]: Invalid effect 'SOV_ivar_smilga' in history/countries/SOV - Soviet union.txt line : 971
[14:01:31][no_game_date][countryhistory.cpp:171]: Unknown History Command ==>'SOV_ivar_smilga'<==  for Countryhistory/countries/SOV - Soviet union.txt
[14:01:31][no_game_date][persistent.cpp:66]: Error: "Unknown effect-type: SOV_ivar_smilga, near line: 971" in file: "history/countries/SOV - Soviet union.txt" near line: 971
[14:01:31][no_game_date][effect.cpp:443]: Invalid effect 'SOV_yevgeny_preobrazhensky' in history/countries/SOV - Soviet union.txt line : 972
[14:01:31][no_game_date][countryhistory.cpp:171]: Unknown History Command ==>'SOV_yevgeny_preobrazhensky'<==  for Countryhistory/countries/SOV - Soviet union.txt
[14:01:31][no_game_date][persistent.cpp:66]: Error: "Unknown effect-type: SOV_yevgeny_preobrazhensky, near line: 972" in file: "history/countries/SOV - Soviet union.txt" near line: 972
[14:01:31][no_game_date][effect.cpp:443]: Invalid effect 'SOV_martemyan_ryutin' in history/countries/SOV - Soviet union.txt line : 973
[14:01:31][no_game_date][countryhistory.cpp:171]: Unknown History Command ==>'SOV_martemyan_ryutin'<==  for Countryhistory/countries/SOV - Soviet union.txt
[14:01:31][no_game_date][persistent.cpp:66]: Error: "Unknown effect-type: SOV_martemyan_ryutin, near line: 973" in file: "history/countries/SOV - Soviet union.txt" near line: 973
[14:01:31][no_game_date][effect.cpp:443]: Invalid effect 'SOV_nikolay_ustryalov' in history/countries/SOV - Soviet union.txt line : 978
[14:01:31][no_game_date][effect.cpp:356]: Error: "Unknown effect-type: SOV_nikolay_ustryalov, near line: 978" in file: "history/countries/SOV - Soviet union.txt" near line: 979
[14:01:31][no_game_date][effect.cpp:443]: Invalid effect 'SOV_mikhail_tukhachevsky' in history/countries/SOV - Soviet union.txt line : 980
[14:01:31][no_game_date][countryhistory.cpp:171]: Unknown History Command ==>'SOV_mikhail_tukhachevsky'<==  for Countryhistory/countries/SOV - Soviet union.txt
[14:01:31][no_game_date][persistent.cpp:66]: Error: "Unknown effect-type: SOV_mikhail_tukhachevsky, near line: 980" in file: "history/countries/SOV - Soviet union.txt" near line: 980
[14:01:31][no_game_date][effect.cpp:443]: Invalid effect 'SOV_aleksandr_yegorov' in history/countries/SOV - Soviet union.txt line : 981
[14:01:31][no_game_date][countryhistory.cpp:171]: Unknown History Command ==>'SOV_aleksandr_yegorov'<==  for Countryhistory/countries/SOV - Soviet union.txt
[14:01:31][no_game_date][persistent.cpp:66]: Error: "Unknown effect-type: SOV_aleksandr_yegorov, near line: 981" in file: "history/countries/SOV - Soviet union.txt" near line: 981
[14:01:31][no_game_date][effect.cpp:443]: Invalid effect 'SOV_vasily_blyukher' in history/countries/SOV - Soviet union.txt line : 982
[14:01:31][no_game_date][countryhistory.cpp:171]: Unknown History Command ==>'SOV_vasily_blyukher'<==  for Countryhistory/countries/SOV - Soviet union.txt
[14:01:31][no_game_date][persistent.cpp:66]: Error: "Unknown effect-type: SOV_vasily_blyukher, near line: 982" in file: "history/countries/SOV - Soviet union.txt" near line: 982
[14:01:31][no_game_date][effect.cpp:443]: Invalid effect 'SOV_vitaly_primakov' in history/countries/SOV - Soviet union.txt line : 983
[14:01:31][no_game_date][countryhistory.cpp:171]: Unknown History Command ==>'SOV_vitaly_primakov'<==  for Countryhistory/countries/SOV - Soviet union.txt
[14:01:31][no_game_date][persistent.cpp:66]: Error: "Unknown effect-type: SOV_vitaly_primakov, near line: 983" in file: "history/countries/SOV - Soviet union.txt" near line: 983
[14:01:31][no_game_date][effect.cpp:443]: Invalid effect 'SOV_nikolay_bukharin' in history/countries/SOV - Soviet union.txt line : 984
[14:01:31][no_game_date][countryhistory.cpp:171]: Unknown History Command ==>'SOV_nikolay_bukharin'<==  for Countryhistory/countries/SOV - Soviet union.txt
[14:01:31][no_game_date][persistent.cpp:66]: Error: "Unknown effect-type: SOV_nikolay_bukharin, near line: 984" in file: "history/countries/SOV - Soviet union.txt" near line: 984
[14:01:31][no_game_date][effect.cpp:443]: Invalid effect 'SOV_aleksey_rykov' in history/countries/SOV - Soviet union.txt line : 985
[14:01:31][no_game_date][countryhistory.cpp:171]: Unknown History Command ==>'SOV_aleksey_rykov'<==  for Countryhistory/countries/SOV - Soviet union.txt
[14:01:31][no_game_date][persistent.cpp:66]: Error: "Unknown effect-type: SOV_aleksey_rykov, near line: 985" in file: "history/countries/SOV - Soviet union.txt" near line: 985
[14:01:31][no_game_date][effect.cpp:443]: Invalid effect 'SOV_mikhail_tomsky' in history/countries/SOV - Soviet union.txt line : 986
[14:01:31][no_game_date][countryhistory.cpp:171]: Unknown History Command ==>'SOV_mikhail_tomsky'<==  for Countryhistory/countries/SOV - Soviet union.txt
[14:01:31][no_game_date][persistent.cpp:66]: Error: "Unknown effect-type: SOV_mikhail_tomsky, near line: 986" in file: "history/countries/SOV - Soviet union.txt" near line: 986
[14:01:31][no_game_date][effect.cpp:443]: Invalid effect 'SOV_maksim_litvinov' in history/countries/SOV - Soviet union.txt line : 987
[14:01:31][no_game_date][countryhistory.cpp:171]: Unknown History Command ==>'SOV_maksim_litvinov'<==  for Countryhistory/countries/SOV - Soviet union.txt
[14:01:31][no_game_date][persistent.cpp:66]: Error: "Unknown effect-type: SOV_maksim_litvinov, near line: 987" in file: "history/countries/SOV - Soviet union.txt" near line: 987
[14:01:31][no_game_date][effect.cpp:443]: Invalid effect 'SOV_genrikh_yagoda' in history/countries/SOV - Soviet union.txt line : 988
[14:01:31][no_game_date][countryhistory.cpp:171]: Unknown History Command ==>'SOV_genrikh_yagoda'<==  for Countryhistory/countries/SOV - Soviet union.txt
[14:01:31][no_game_date][persistent.cpp:66]: Error: "Unknown effect-type: SOV_genrikh_yagoda, near line: 988" in file: "history/countries/SOV - Soviet union.txt" near line: 988
[14:01:31][no_game_date][effect.cpp:443]: Invalid effect 'SOV_nikolay_yezhov' in history/countries/SOV - Soviet union.txt line : 989
[14:01:31][no_game_date][countryhistory.cpp:171]: Unknown History Command ==>'SOV_nikolay_yezhov'<==  for Countryhistory/countries/SOV - Soviet union.txt
[14:01:31][no_game_date][persistent.cpp:66]: Error: "Unknown effect-type: SOV_nikolay_yezhov, near line: 989" in file: "history/countries/SOV - Soviet union.txt" near line: 989
[14:01:31][no_game_date][effect.cpp:443]: Invalid effect 'SOV_sergey_khudyakov' in history/countries/SOV - Soviet union.txt line : 990
[14:01:31][no_game_date][countryhistory.cpp:171]: Unknown History Command ==>'SOV_sergey_khudyakov'<==  for Countryhistory/countries/SOV - Soviet union.txt
[14:01:31][no_game_date][persistent.cpp:66]: Error: "Unknown effect-type: SOV_sergey_khudyakov, near line: 990" in file: "history/countries/SOV - Soviet union.txt" near line: 990
[14:01:31][no_game_date][effect.cpp:443]: Invalid effect 'SOV_yakov_smushkevich' in history/countries/SOV - Soviet union.txt line : 991
[14:01:31][no_game_date][countryhistory.cpp:171]: Unknown History Command ==>'SOV_yakov_smushkevich'<==  for Countryhistory/countries/SOV - Soviet union.txt
[14:01:31][no_game_date][persistent.cpp:66]: Error: "Unknown effect-type: SOV_yakov_smushkevich, near line: 991" in file: "history/countries/SOV - Soviet union.txt" near line: 991
[14:01:31][no_game_date][effect.cpp:443]: Invalid effect 'SOV_pavel_rychagov' in history/countries/SOV - Soviet union.txt line : 992
[14:01:31][no_game_date][countryhistory.cpp:171]: Unknown History Command ==>'SOV_pavel_rychagov'<==  for Countryhistory/countries/SOV - Soviet union.txt
[14:01:31][no_game_date][persistent.cpp:66]: Error: "Unknown effect-type: SOV_pavel_rychagov, near line: 992" in file: "history/countries/SOV - Soviet union.txt" near line: 992
[14:01:31][no_game_date][trigger.cpp:568]: Error: "Not a valid value: anarchism, near line: 607" in file: "common/scripted_localisation/00_scripted_localisation_countries_RU_loc.txt" near line: 608
[14:01:31][no_game_date][trigger.cpp:568]: Error: "Not a valid value: marxism, near line: 631" in file: "common/scripted_localisation/00_scripted_localisation_countries_RU_loc.txt" near line: 632
[14:01:31][no_game_date][trigger.cpp:568]: Error: "Not a valid value: anarchist_communism, near line: 9997" in file: "common/scripted_localisation/00_scripted_localisation_countries_RU_loc.txt" near line: 9998
[14:01:31][no_game_date][trigger.cpp:568]: Error: "Not a valid value: nazism, near line: 10327" in file: "common/scripted_localisation/00_scripted_localisation_countries_RU_loc.txt" near line: 10328
[14:01:31][no_game_date][trigger.cpp:568]: Error: "Not a valid value: anarchism, near line: 22376" in file: "common/scripted_localisation/00_scripted_localisation_countries_RU_loc.txt" near line: 22377
[14:01:31][no_game_date][trigger.cpp:568]: Error: "Not a valid value: marxism, near line: 22400" in file: "common/scripted_localisation/00_scripted_localisation_countries_RU_loc.txt" near line: 22401
[14:01:31][no_game_date][trigger.cpp:568]: Error: "Not a valid value: anarchist_communism, near line: 31766" in file: "common/scripted_localisation/00_scripted_localisation_countries_RU_loc.txt" near line: 31767
[14:01:31][no_game_date][trigger.cpp:568]: Error: "Not a valid value: nazism, near line: 32096" in file: "common/scripted_localisation/00_scripted_localisation_countries_RU_loc.txt" near line: 32097
[14:01:31][no_game_date][trigger.cpp:568]: Error: "Not a valid value: anarchism, near line: 44146" in file: "common/scripted_localisation/00_scripted_localisation_countries_RU_loc.txt" near line: 44147
[14:01:31][no_game_date][trigger.cpp:568]: Error: "Not a valid value: marxism, near line: 44170" in file: "common/scripted_localisation/00_scripted_localisation_countries_RU_loc.txt" near line: 44171
[14:01:31][no_game_date][trigger.cpp:568]: Error: "Not a valid value: anarchist_communism, near line: 53537" in file: "common/scripted_localisation/00_scripted_localisation_countries_RU_loc.txt" near line: 53538
[14:01:31][no_game_date][trigger.cpp:568]: Error: "Not a valid value: nazism, near line: 53867" in file: "common/scripted_localisation/00_scripted_localisation_countries_RU_loc.txt" near line: 53868
[14:01:31][no_game_date][trigger.cpp:568]: Error: "Not a valid value: anarchism, near line: 65916" in file: "common/scripted_localisation/00_scripted_localisation_countries_RU_loc.txt" near line: 65917
[14:01:31][no_game_date][trigger.cpp:568]: Error: "Not a valid value: marxism, near line: 65940" in file: "common/scripted_localisation/00_scripted_localisation_countries_RU_loc.txt" near line: 65941
[14:01:31][no_game_date][trigger.cpp:568]: Error: "Not a valid value: anarchist_communism, near line: 75307" in file: "common/scripted_localisation/00_scripted_localisation_countries_RU_loc.txt" near line: 75308
[14:01:31][no_game_date][trigger.cpp:568]: Error: "Not a valid value: nazism, near line: 75644" in file: "common/scripted_localisation/00_scripted_localisation_countries_RU_loc.txt" near line: 75645
[14:01:31][no_game_date][trigger.cpp:568]: Error: "Not a valid value: anarchism, near line: 87686" in file: "common/scripted_localisation/00_scripted_localisation_countries_RU_loc.txt" near line: 87687
[14:01:31][no_game_date][trigger.cpp:568]: Error: "Not a valid value: marxism, near line: 87710" in file: "common/scripted_localisation/00_scripted_localisation_countries_RU_loc.txt" near line: 87711
[14:01:31][no_game_date][trigger.cpp:568]: Error: "Not a valid value: anarchist_communism, near line: 97077" in file: "common/scripted_localisation/00_scripted_localisation_countries_RU_loc.txt" near line: 97078
[14:01:31][no_game_date][trigger.cpp:568]: Error: "Not a valid value: nazism, near line: 97414" in file: "common/scripted_localisation/00_scripted_localisation_countries_RU_loc.txt" near line: 97415
[14:01:31][no_game_date][trigger.cpp:568]: Error: "Not a valid value: anarchism, near line: 109307" in file: "common/scripted_localisation/00_scripted_localisation_countries_RU_loc.txt" near line: 109308
[14:01:31][no_game_date][trigger.cpp:568]: Error: "Not a valid value: marxism, near line: 109326" in file: "common/scripted_localisation/00_scripted_localisation_countries_RU_loc.txt" near line: 109327
[14:01:31][no_game_date][trigger.cpp:568]: Error: "Not a valid value: anarchist_communism, near line: 115042" in file: "common/scripted_localisation/00_scripted_localisation_countries_RU_loc.txt" near line: 115043
[14:01:31][no_game_date][trigger.cpp:568]: Error: "Not a valid value: nazism, near line: 115137" in file: "common/scripted_localisation/00_scripted_localisation_countries_RU_loc.txt" near line: 115138
[14:01:31][no_game_date][trigger.cpp:568]: Error: "Not a valid value: anarchism, near line: 121596" in file: "common/scripted_localisation/00_scripted_localisation_countries_RU_loc.txt" near line: 121597
[14:01:31][no_game_date][trigger.cpp:568]: Error: "Not a valid value: marxism, near line: 121609" in file: "common/scripted_localisation/00_scripted_localisation_countries_RU_loc.txt" near line: 121610
[14:01:31][no_game_date][trigger.cpp:568]: Error: "Not a valid value: anarchist_communism, near line: 127218" in file: "common/scripted_localisation/00_scripted_localisation_countries_RU_loc.txt" near line: 127219
[14:01:31][no_game_date][trigger.cpp:568]: Error: "Not a valid value: nazism, near line: 127313" in file: "common/scripted_localisation/00_scripted_localisation_countries_RU_loc.txt" near line: 127314
[14:01:31][no_game_date][trigger.cpp:568]: Error: "Not a valid value: anarchism, near line: 133745" in file: "common/scripted_localisation/00_scripted_localisation_countries_RU_loc.txt" near line: 133746
[14:01:31][no_game_date][trigger.cpp:568]: Error: "Not a valid value: marxism, near line: 133758" in file: "common/scripted_localisation/00_scripted_localisation_countries_RU_loc.txt" near line: 133759
[14:01:31][no_game_date][trigger.cpp:568]: Error: "Not a valid value: anarchist_communism, near line: 139367" in file: "common/scripted_localisation/00_scripted_localisation_countries_RU_loc.txt" near line: 139368
[14:01:31][no_game_date][trigger.cpp:568]: Error: "Not a valid value: nazism, near line: 139462" in file: "common/scripted_localisation/00_scripted_localisation_countries_RU_loc.txt" near line: 139463
[14:01:31][no_game_date][trigger.cpp:568]: Error: "Not a valid value: anarchism, near line: 145894" in file: "common/scripted_localisation/00_scripted_localisation_countries_RU_loc.txt" near line: 145895
[14:01:31][no_game_date][trigger.cpp:568]: Error: "Not a valid value: marxism, near line: 145907" in file: "common/scripted_localisation/00_scripted_localisation_countries_RU_loc.txt" near line: 145908
[14:01:31][no_game_date][trigger.cpp:568]: Error: "Not a valid value: anarchist_communism, near line: 151533" in file: "common/scripted_localisation/00_scripted_localisation_countries_RU_loc.txt" near line: 151534
[14:01:31][no_game_date][trigger.cpp:568]: Error: "Not a valid value: nazism, near line: 151626" in file: "common/scripted_localisation/00_scripted_localisation_countries_RU_loc.txt" near line: 151627
[14:01:31][no_game_date][trigger.cpp:568]: Error: "Not a valid value: anarchism, near line: 158068" in file: "common/scripted_localisation/00_scripted_localisation_countries_RU_loc.txt" near line: 158069
[14:01:31][no_game_date][trigger.cpp:568]: Error: "Not a valid value: marxism, near line: 158087" in file: "common/scripted_localisation/00_scripted_localisation_countries_RU_loc.txt" near line: 158088
[14:01:31][no_game_date][trigger.cpp:568]: Error: "Not a valid value: anarchist_communism, near line: 163783" in file: "common/scripted_localisation/00_scripted_localisation_countries_RU_loc.txt" near line: 163784
[14:01:31][no_game_date][trigger.cpp:568]: Error: "Not a valid value: nazism, near line: 163888" in file: "common/scripted_localisation/00_scripted_localisation_countries_RU_loc.txt" near line: 163889
[14:01:31][no_game_date][trigger.cpp:568]: Error: "Not a valid value: anarchism, near line: 170457" in file: "common/scripted_localisation/00_scripted_localisation_countries_RU_loc.txt" near line: 170458
[14:01:31][no_game_date][trigger.cpp:568]: Error: "Not a valid value: marxism, near line: 170466" in file: "common/scripted_localisation/00_scripted_localisation_countries_RU_loc.txt" near line: 170467
[14:01:31][no_game_date][trigger.cpp:568]: Error: "Not a valid value: anarchist_communism, near line: 178500" in file: "common/scripted_localisation/00_scripted_localisation_countries_RU_loc.txt" near line: 178501
[14:01:31][no_game_date][trigger.cpp:568]: Error: "Not a valid value: nazism, near line: 178602" in file: "common/scripted_localisation/00_scripted_localisation_countries_RU_loc.txt" near line: 178603
[14:01:31][no_game_date][trigger.cpp:568]: Error: "Not a valid value: anarchism, near line: 562" in file: "common/scripted_localisation/FR_SCRIPTING_FULL_AUTOMATED.txt" near line: 563
[14:01:31][no_game_date][trigger.cpp:568]: Error: "Not a valid value: marxism, near line: 571" in file: "common/scripted_localisation/FR_SCRIPTING_FULL_AUTOMATED.txt" near line: 572
[14:01:31][no_game_date][trigger.cpp:568]: Error: "Not a valid value: anarchist_communism, near line: 8936" in file: "common/scripted_localisation/FR_SCRIPTING_FULL_AUTOMATED.txt" near line: 8937
[14:01:31][no_game_date][trigger.cpp:568]: Error: "Not a valid value: nazism, near line: 9023" in file: "common/scripted_localisation/FR_SCRIPTING_FULL_AUTOMATED.txt" near line: 9024
[14:01:31][no_game_date][trigger.cpp:568]: Error: "Not a valid value: anarchism, near line: 19960" in file: "common/scripted_localisation/FR_SCRIPTING_FULL_AUTOMATED.txt" near line: 19961
[14:01:31][no_game_date][trigger.cpp:568]: Error: "Not a valid value: marxism, near line: 19969" in file: "common/scripted_localisation/FR_SCRIPTING_FULL_AUTOMATED.txt" near line: 19970
[14:01:31][no_game_date][trigger.cpp:568]: Error: "Not a valid value: anarchist_communism, near line: 28292" in file: "common/scripted_localisation/FR_SCRIPTING_FULL_AUTOMATED.txt" near line: 28293
[14:01:31][no_game_date][trigger.cpp:568]: Error: "Not a valid value: nazism, near line: 28379" in file: "common/scripted_localisation/FR_SCRIPTING_FULL_AUTOMATED.txt" near line: 28380
[14:01:31][no_game_date][trigger.cpp:568]: Error: "Not a valid value: anarchism, near line: 39280" in file: "common/scripted_localisation/FR_SCRIPTING_FULL_AUTOMATED.txt" near line: 39281
[14:01:31][no_game_date][trigger.cpp:568]: Error: "Not a valid value: marxism, near line: 39289" in file: "common/scripted_localisation/FR_SCRIPTING_FULL_AUTOMATED.txt" near line: 39290
[14:01:31][no_game_date][trigger.cpp:568]: Error: "Not a valid value: anarchist_communism, near line: 47612" in file: "common/scripted_localisation/FR_SCRIPTING_FULL_AUTOMATED.txt" near line: 47613
[14:01:31][no_game_date][trigger.cpp:568]: Error: "Not a valid value: nazism, near line: 47699" in file: "common/scripted_localisation/FR_SCRIPTING_FULL_AUTOMATED.txt" near line: 47700
[14:01:31][no_game_date][trigger.cpp:568]: Error: "Not a valid value: anarchism, near line: 58601" in file: "common/scripted_localisation/FR_SCRIPTING_FULL_AUTOMATED.txt" near line: 58602
[14:01:31][no_game_date][trigger.cpp:568]: Error: "Not a valid value: marxism, near line: 58610" in file: "common/scripted_localisation/FR_SCRIPTING_FULL_AUTOMATED.txt" near line: 58611
[14:01:31][no_game_date][trigger.cpp:568]: Error: "Not a valid value: anarchist_communism, near line: 66919" in file: "common/scripted_localisation/FR_SCRIPTING_FULL_AUTOMATED.txt" near line: 66920
[14:01:31][no_game_date][trigger.cpp:568]: Error: "Not a valid value: nazism, near line: 67006" in file: "common/scripted_localisation/FR_SCRIPTING_FULL_AUTOMATED.txt" near line: 67007
[14:01:31][no_game_date][trigger.cpp:568]: Error: "Not a valid value: anarchism, near line: 77903" in file: "common/scripted_localisation/FR_SCRIPTING_FULL_AUTOMATED.txt" near line: 77904
[14:01:31][no_game_date][trigger.cpp:568]: Error: "Not a valid value: marxism, near line: 77912" in file: "common/scripted_localisation/FR_SCRIPTING_FULL_AUTOMATED.txt" near line: 77913
[14:01:31][no_game_date][trigger.cpp:568]: Error: "Not a valid value: anarchist_communism, near line: 86214" in file: "common/scripted_localisation/FR_SCRIPTING_FULL_AUTOMATED.txt" near line: 86215
[14:01:31][no_game_date][trigger.cpp:568]: Error: "Not a valid value: nazism, near line: 86301" in file: "common/scripted_localisation/FR_SCRIPTING_FULL_AUTOMATED.txt" near line: 86302
[14:01:31][no_game_date][trigger.cpp:568]: Error: "Not a valid value: anarchism, near line: 97063" in file: "common/scripted_localisation/FR_SCRIPTING_FULL_AUTOMATED.txt" near line: 97064
[14:01:31][no_game_date][trigger.cpp:568]: Error: "Not a valid value: marxism, near line: 97076" in file: "common/scripted_localisation/FR_SCRIPTING_FULL_AUTOMATED.txt" near line: 97077
[14:01:31][no_game_date][trigger.cpp:568]: Error: "Not a valid value: anarchist_communism, near line: 102671" in file: "common/scripted_localisation/FR_SCRIPTING_FULL_AUTOMATED.txt" near line: 102672
[14:01:31][no_game_date][trigger.cpp:568]: Error: "Not a valid value: nazism, near line: 102766" in file: "common/scripted_localisation/FR_SCRIPTING_FULL_AUTOMATED.txt" near line: 102767
[14:01:31][no_game_date][trigger.cpp:568]: Error: "Not a valid value: anarchism, near line: 109198" in file: "common/scripted_localisation/FR_SCRIPTING_FULL_AUTOMATED.txt" near line: 109199
[14:01:31][no_game_date][trigger.cpp:568]: Error: "Not a valid value: marxism, near line: 109211" in file: "common/scripted_localisation/FR_SCRIPTING_FULL_AUTOMATED.txt" near line: 109212
[14:01:31][no_game_date][trigger.cpp:568]: Error: "Not a valid value: anarchist_communism, near line: 114806" in file: "common/scripted_localisation/FR_SCRIPTING_FULL_AUTOMATED.txt" near line: 114807
[14:01:31][no_game_date][trigger.cpp:568]: Error: "Not a valid value: nazism, near line: 114901" in file: "common/scripted_localisation/FR_SCRIPTING_FULL_AUTOMATED.txt" near line: 114902
[14:01:31][no_game_date][trigger.cpp:568]: Error: "Not a valid value: anarchism, near line: 121333" in file: "common/scripted_localisation/FR_SCRIPTING_FULL_AUTOMATED.txt" near line: 121334
[14:01:31][no_game_date][trigger.cpp:568]: Error: "Not a valid value: marxism, near line: 121346" in file: "common/scripted_localisation/FR_SCRIPTING_FULL_AUTOMATED.txt" near line: 121347
[14:01:31][no_game_date][trigger.cpp:568]: Error: "Not a valid value: anarchist_communism, near line: 126941" in file: "common/scripted_localisation/FR_SCRIPTING_FULL_AUTOMATED.txt" near line: 126942
[14:01:31][no_game_date][trigger.cpp:568]: Error: "Not a valid value: nazism, near line: 127036" in file: "common/scripted_localisation/FR_SCRIPTING_FULL_AUTOMATED.txt" near line: 127037
[14:01:31][no_game_date][trigger.cpp:568]: Error: "Not a valid value: anarchism, near line: 133468" in file: "common/scripted_localisation/FR_SCRIPTING_FULL_AUTOMATED.txt" near line: 133469
[14:01:31][no_game_date][trigger.cpp:568]: Error: "Not a valid value: marxism, near line: 133481" in file: "common/scripted_localisation/FR_SCRIPTING_FULL_AUTOMATED.txt" near line: 133482
[14:01:31][no_game_date][trigger.cpp:568]: Error: "Not a valid value: anarchist_communism, near line: 139076" in file: "common/scripted_localisation/FR_SCRIPTING_FULL_AUTOMATED.txt" near line: 139077
[14:01:31][no_game_date][trigger.cpp:568]: Error: "Not a valid value: nazism, near line: 139171" in file: "common/scripted_localisation/FR_SCRIPTING_FULL_AUTOMATED.txt" near line: 139172
[14:01:31][no_game_date][trigger.cpp:568]: Error: "Not a valid value: anarchism, near line: 145641" in file: "common/scripted_localisation/FR_SCRIPTING_FULL_AUTOMATED.txt" near line: 145642
[14:01:31][no_game_date][trigger.cpp:568]: Error: "Not a valid value: marxism, near line: 145657" in file: "common/scripted_localisation/FR_SCRIPTING_FULL_AUTOMATED.txt" near line: 145658
[14:01:31][no_game_date][trigger.cpp:568]: Error: "Not a valid value: anarchist_communism, near line: 151350" in file: "common/scripted_localisation/FR_SCRIPTING_FULL_AUTOMATED.txt" near line: 151351
[14:01:31][no_game_date][trigger.cpp:568]: Error: "Not a valid value: nazism, near line: 151560" in file: "common/scripted_localisation/FR_SCRIPTING_FULL_AUTOMATED.txt" near line: 151561
[14:01:31][no_game_date][trigger.cpp:568]: Error: "Not a valid value: anarchism, near line: 157981" in file: "common/scripted_localisation/FR_SCRIPTING_FULL_AUTOMATED.txt" near line: 157982
[14:01:31][no_game_date][trigger.cpp:568]: Error: "Not a valid value: marxism, near line: 157997" in file: "common/scripted_localisation/FR_SCRIPTING_FULL_AUTOMATED.txt" near line: 157998
[14:01:31][no_game_date][trigger.cpp:568]: Error: "Not a valid value: anarchist_communism, near line: 163690" in file: "common/scripted_localisation/FR_SCRIPTING_FULL_AUTOMATED.txt" near line: 163691
[14:01:31][no_game_date][trigger.cpp:568]: Error: "Not a valid value: nazism, near line: 163900" in file: "common/scripted_localisation/FR_SCRIPTING_FULL_AUTOMATED.txt" near line: 163901
[14:01:31][no_game_date][trigger.cpp:568]: Error: "Not a valid value: anarchism, near line: 170329" in file: "common/scripted_localisation/FR_SCRIPTING_FULL_AUTOMATED.txt" near line: 170330
[14:01:31][no_game_date][trigger.cpp:568]: Error: "Not a valid value: marxism, near line: 170353" in file: "common/scripted_localisation/FR_SCRIPTING_FULL_AUTOMATED.txt" near line: 170354
[14:01:31][no_game_date][trigger.cpp:568]: Error: "Not a valid value: anarchist_communism, near line: 176175" in file: "common/scripted_localisation/FR_SCRIPTING_FULL_AUTOMATED.txt" near line: 176176
[14:01:31][no_game_date][trigger.cpp:568]: Error: "Not a valid value: nazism, near line: 176406" in file: "common/scripted_localisation/FR_SCRIPTING_FULL_AUTOMATED.txt" near line: 176407
[14:01:31][no_game_date][trigger.cpp:568]: Error: "Not a valid value: anarchism, near line: 182824" in file: "common/scripted_localisation/FR_SCRIPTING_FULL_AUTOMATED.txt" near line: 182825
[14:01:31][no_game_date][trigger.cpp:568]: Error: "Not a valid value: marxism, near line: 182848" in file: "common/scripted_localisation/FR_SCRIPTING_FULL_AUTOMATED.txt" near line: 182849
[14:01:31][no_game_date][trigger.cpp:568]: Error: "Not a valid value: anarchist_communism, near line: 188670" in file: "common/scripted_localisation/FR_SCRIPTING_FULL_AUTOMATED.txt" near line: 188671
[14:01:31][no_game_date][trigger.cpp:568]: Error: "Not a valid value: nazism, near line: 188901" in file: "common/scripted_localisation/FR_SCRIPTING_FULL_AUTOMATED.txt" near line: 188902
[14:01:31][no_game_date][trigger.cpp:568]: Error: "Not a valid value: anarchism, near line: 195308" in file: "common/scripted_localisation/FR_SCRIPTING_FULL_AUTOMATED.txt" near line: 195309
[14:01:31][no_game_date][trigger.cpp:568]: Error: "Not a valid value: marxism, near line: 195324" in file: "common/scripted_localisation/FR_SCRIPTING_FULL_AUTOMATED.txt" near line: 195325
[14:01:31][no_game_date][trigger.cpp:568]: Error: "Not a valid value: anarchist_communism, near line: 200969" in file: "common/scripted_localisation/FR_SCRIPTING_FULL_AUTOMATED.txt" near line: 200970
[14:01:31][no_game_date][trigger.cpp:568]: Error: "Not a valid value: nazism, near line: 201120" in file: "common/scripted_localisation/FR_SCRIPTING_FULL_AUTOMATED.txt" near line: 201121
[14:01:31][no_game_date][trigger.cpp:568]: Error: "Not a valid value: anarchism, near line: 207572" in file: "common/scripted_localisation/FR_SCRIPTING_FULL_AUTOMATED.txt" near line: 207573
[14:01:31][no_game_date][trigger.cpp:568]: Error: "Not a valid value: marxism, near line: 207588" in file: "common/scripted_localisation/FR_SCRIPTING_FULL_AUTOMATED.txt" near line: 207589
[14:01:31][no_game_date][trigger.cpp:568]: Error: "Not a valid value: anarchist_communism, near line: 213233" in file: "common/scripted_localisation/FR_SCRIPTING_FULL_AUTOMATED.txt" near line: 213234
[14:01:31][no_game_date][trigger.cpp:568]: Error: "Not a valid value: nazism, near line: 213384" in file: "common/scripted_localisation/FR_SCRIPTING_FULL_AUTOMATED.txt" near line: 213385
[14:01:31][no_game_date][trigger.cpp:568]: Error: "Not a valid value: anarchism, near line: 219828" in file: "common/scripted_localisation/FR_SCRIPTING_FULL_AUTOMATED.txt" near line: 219829
[14:01:31][no_game_date][trigger.cpp:568]: Error: "Not a valid value: marxism, near line: 219845" in file: "common/scripted_localisation/FR_SCRIPTING_FULL_AUTOMATED.txt" near line: 219846
[14:01:31][no_game_date][trigger.cpp:568]: Error: "Not a valid value: anarchist_communism, near line: 225562" in file: "common/scripted_localisation/FR_SCRIPTING_FULL_AUTOMATED.txt" near line: 225563
[14:01:31][no_game_date][trigger.cpp:568]: Error: "Not a valid value: nazism, near line: 225598" in file: "common/scripted_localisation/FR_SCRIPTING_FULL_AUTOMATED.txt" near line: 225599
[14:01:31][no_game_date][trigger.cpp:568]: Error: "Not a valid value: anarchism, near line: 232092" in file: "common/scripted_localisation/FR_SCRIPTING_FULL_AUTOMATED.txt" near line: 232093
[14:01:31][no_game_date][trigger.cpp:568]: Error: "Not a valid value: marxism, near line: 232109" in file: "common/scripted_localisation/FR_SCRIPTING_FULL_AUTOMATED.txt" near line: 232110
[14:01:31][no_game_date][trigger.cpp:568]: Error: "Not a valid value: anarchist_communism, near line: 237826" in file: "common/scripted_localisation/FR_SCRIPTING_FULL_AUTOMATED.txt" near line: 237827
[14:01:31][no_game_date][trigger.cpp:568]: Error: "Not a valid value: nazism, near line: 237862" in file: "common/scripted_localisation/FR_SCRIPTING_FULL_AUTOMATED.txt" near line: 237863
[14:01:31][no_game_date][trigger.cpp:568]: Error: "Not a valid value: anarchism, near line: 244329" in file: "common/scripted_localisation/FR_SCRIPTING_FULL_AUTOMATED.txt" near line: 244330
[14:01:31][no_game_date][trigger.cpp:568]: Error: "Not a valid value: marxism, near line: 244342" in file: "common/scripted_localisation/FR_SCRIPTING_FULL_AUTOMATED.txt" near line: 244343
[14:01:31][no_game_date][trigger.cpp:568]: Error: "Not a valid value: anarchist_communism, near line: 249937" in file: "common/scripted_localisation/FR_SCRIPTING_FULL_AUTOMATED.txt" near line: 249938
[14:01:31][no_game_date][trigger.cpp:568]: Error: "Not a valid value: nazism, near line: 250032" in file: "common/scripted_localisation/FR_SCRIPTING_FULL_AUTOMATED.txt" near line: 250033
[14:01:31][no_game_date][trigger.cpp:568]: Error: "Not a valid value: anarchism, near line: 256464" in file: "common/scripted_localisation/FR_SCRIPTING_FULL_AUTOMATED.txt" near line: 256465
[14:01:31][no_game_date][trigger.cpp:568]: Error: "Not a valid value: marxism, near line: 256477" in file: "common/scripted_localisation/FR_SCRIPTING_FULL_AUTOMATED.txt" near line: 256478
[14:01:31][no_game_date][trigger.cpp:568]: Error: "Not a valid value: anarchist_communism, near line: 262072" in file: "common/scripted_localisation/FR_SCRIPTING_FULL_AUTOMATED.txt" near line: 262073
[14:01:31][no_game_date][trigger.cpp:568]: Error: "Not a valid value: nazism, near line: 262167" in file: "common/scripted_localisation/FR_SCRIPTING_FULL_AUTOMATED.txt" near line: 262168
[14:01:31][no_game_date][trigger.cpp:568]: Error: "Not a valid value: anarchism, near line: 268626" in file: "common/scripted_localisation/FR_SCRIPTING_FULL_AUTOMATED.txt" near line: 268627
[14:01:31][no_game_date][trigger.cpp:568]: Error: "Not a valid value: marxism, near line: 268643" in file: "common/scripted_localisation/FR_SCRIPTING_FULL_AUTOMATED.txt" near line: 268644
[14:01:31][no_game_date][trigger.cpp:568]: Error: "Not a valid value: anarchist_communism, near line: 274368" in file: "common/scripted_localisation/FR_SCRIPTING_FULL_AUTOMATED.txt" near line: 274369
[14:01:31][no_game_date][trigger.cpp:568]: Error: "Not a valid value: nazism, near line: 274396" in file: "common/scripted_localisation/FR_SCRIPTING_FULL_AUTOMATED.txt" near line: 274397
[14:01:31][no_game_date][trigger.cpp:568]: Error: "Not a valid value: anarchism, near line: 280890" in file: "common/scripted_localisation/FR_SCRIPTING_FULL_AUTOMATED.txt" near line: 280891
[14:01:31][no_game_date][trigger.cpp:568]: Error: "Not a valid value: marxism, near line: 280907" in file: "common/scripted_localisation/FR_SCRIPTING_FULL_AUTOMATED.txt" near line: 280908
[14:01:31][no_game_date][trigger.cpp:568]: Error: "Not a valid value: anarchist_communism, near line: 286632" in file: "common/scripted_localisation/FR_SCRIPTING_FULL_AUTOMATED.txt" near line: 286633
[14:01:31][no_game_date][trigger.cpp:568]: Error: "Not a valid value: nazism, near line: 286660" in file: "common/scripted_localisation/FR_SCRIPTING_FULL_AUTOMATED.txt" near line: 286661
[14:01:31][no_game_date][trigger.cpp:568]: Error: "Not a valid value: anarchism, near line: 293127" in file: "common/scripted_localisation/FR_SCRIPTING_FULL_AUTOMATED.txt" near line: 293128
[14:01:31][no_game_date][trigger.cpp:568]: Error: "Not a valid value: marxism, near line: 293140" in file: "common/scripted_localisation/FR_SCRIPTING_FULL_AUTOMATED.txt" near line: 293141
[14:01:31][no_game_date][trigger.cpp:568]: Error: "Not a valid value: anarchist_communism, near line: 298735" in file: "common/scripted_localisation/FR_SCRIPTING_FULL_AUTOMATED.txt" near line: 298736
[14:01:31][no_game_date][trigger.cpp:568]: Error: "Not a valid value: nazism, near line: 298830" in file: "common/scripted_localisation/FR_SCRIPTING_FULL_AUTOMATED.txt" near line: 298831
[14:01:31][no_game_date][trigger.cpp:568]: Error: "Not a valid value: anarchism, near line: 305305" in file: "common/scripted_localisation/FR_SCRIPTING_FULL_AUTOMATED.txt" near line: 305306
[14:01:31][no_game_date][trigger.cpp:568]: Error: "Not a valid value: marxism, near line: 305322" in file: "common/scripted_localisation/FR_SCRIPTING_FULL_AUTOMATED.txt" near line: 305323
[14:01:31][no_game_date][trigger.cpp:568]: Error: "Not a valid value: anarchist_communism, near line: 311155" in file: "common/scripted_localisation/FR_SCRIPTING_FULL_AUTOMATED.txt" near line: 311156
[14:01:31][no_game_date][trigger.cpp:568]: Error: "Not a valid value: nazism, near line: 311190" in file: "common/scripted_localisation/FR_SCRIPTING_FULL_AUTOMATED.txt" near line: 311191
[14:01:31][no_game_date][trigger.cpp:568]: Error: "Not a valid value: anarchism, near line: 317738" in file: "common/scripted_localisation/FR_SCRIPTING_FULL_AUTOMATED.txt" near line: 317739
[14:01:31][no_game_date][trigger.cpp:568]: Error: "Not a valid value: marxism, near line: 317755" in file: "common/scripted_localisation/FR_SCRIPTING_FULL_AUTOMATED.txt" near line: 317756
[14:01:31][no_game_date][trigger.cpp:568]: Error: "Not a valid value: anarchist_communism, near line: 323588" in file: "common/scripted_localisation/FR_SCRIPTING_FULL_AUTOMATED.txt" near line: 323589
[14:01:31][no_game_date][trigger.cpp:568]: Error: "Not a valid value: nazism, near line: 323623" in file: "common/scripted_localisation/FR_SCRIPTING_FULL_AUTOMATED.txt" near line: 323624
[14:01:31][no_game_date][trigger.cpp:568]: Error: "Not a valid value: anarchism, near line: 330165" in file: "common/scripted_localisation/FR_SCRIPTING_FULL_AUTOMATED.txt" near line: 330166
[14:01:31][no_game_date][trigger.cpp:568]: Error: "Not a valid value: marxism, near line: 330182" in file: "common/scripted_localisation/FR_SCRIPTING_FULL_AUTOMATED.txt" near line: 330183
[14:01:31][no_game_date][trigger.cpp:568]: Error: "Not a valid value: anarchist_communism, near line: 335965" in file: "common/scripted_localisation/FR_SCRIPTING_FULL_AUTOMATED.txt" near line: 335966
[14:01:31][no_game_date][trigger.cpp:568]: Error: "Not a valid value: nazism, near line: 336052" in file: "common/scripted_localisation/FR_SCRIPTING_FULL_AUTOMATED.txt" near line: 336053
[14:01:31][no_game_date][trigger.cpp:568]: Error: "Not a valid value: anarchism, near line: 342532" in file: "common/scripted_localisation/FR_SCRIPTING_FULL_AUTOMATED.txt" near line: 342533
[14:01:31][no_game_date][trigger.cpp:568]: Error: "Not a valid value: marxism, near line: 342549" in file: "common/scripted_localisation/FR_SCRIPTING_FULL_AUTOMATED.txt" near line: 342550
[14:01:31][no_game_date][trigger.cpp:568]: Error: "Not a valid value: anarchist_communism, near line: 348332" in file: "common/scripted_localisation/FR_SCRIPTING_FULL_AUTOMATED.txt" near line: 348333
[14:01:31][no_game_date][trigger.cpp:568]: Error: "Not a valid value: nazism, near line: 348419" in file: "common/scripted_localisation/FR_SCRIPTING_FULL_AUTOMATED.txt" near line: 348420
[14:01:31][no_game_date][trigger.cpp:568]: Error: "Not a valid value: anarchism, near line: 354882" in file: "common/scripted_localisation/FR_SCRIPTING_FULL_AUTOMATED.txt" near line: 354883
[14:01:31][no_game_date][trigger.cpp:568]: Error: "Not a valid value: marxism, near line: 354899" in file: "common/scripted_localisation/FR_SCRIPTING_FULL_AUTOMATED.txt" near line: 354900
[14:01:31][no_game_date][trigger.cpp:568]: Error: "Not a valid value: anarchist_communism, near line: 360618" in file: "common/scripted_localisation/FR_SCRIPTING_FULL_AUTOMATED.txt" near line: 360619
[14:01:31][no_game_date][trigger.cpp:568]: Error: "Not a valid value: nazism, near line: 360646" in file: "common/scripted_localisation/FR_SCRIPTING_FULL_AUTOMATED.txt" near line: 360647
[14:01:31][no_game_date][trigger.cpp:568]: Error: "Not a valid value: anarchism, near line: 367119" in file: "common/scripted_localisation/FR_SCRIPTING_FULL_AUTOMATED.txt" near line: 367120
[14:01:31][no_game_date][trigger.cpp:568]: Error: "Not a valid value: marxism, near line: 367136" in file: "common/scripted_localisation/FR_SCRIPTING_FULL_AUTOMATED.txt" near line: 367137
[14:01:31][no_game_date][trigger.cpp:568]: Error: "Not a valid value: anarchist_communism, near line: 372855" in file: "common/scripted_localisation/FR_SCRIPTING_FULL_AUTOMATED.txt" near line: 372856
[14:01:31][no_game_date][trigger.cpp:568]: Error: "Not a valid value: nazism, near line: 372883" in file: "common/scripted_localisation/FR_SCRIPTING_FULL_AUTOMATED.txt" near line: 372884
[14:01:31][no_game_date][trigger.cpp:568]: Error: "Not a valid value: anarchism, near line: 379371" in file: "common/scripted_localisation/FR_SCRIPTING_FULL_AUTOMATED.txt" near line: 379372
[14:01:31][no_game_date][trigger.cpp:568]: Error: "Not a valid value: marxism, near line: 379387" in file: "common/scripted_localisation/FR_SCRIPTING_FULL_AUTOMATED.txt" near line: 379388
[14:01:31][no_game_date][trigger.cpp:568]: Error: "Not a valid value: anarchist_communism, near line: 385032" in file: "common/scripted_localisation/FR_SCRIPTING_FULL_AUTOMATED.txt" near line: 385033
[14:01:31][no_game_date][trigger.cpp:568]: Error: "Not a valid value: nazism, near line: 385168" in file: "common/scripted_localisation/FR_SCRIPTING_FULL_AUTOMATED.txt" near line: 385169
[14:01:31][no_game_date][trigger.cpp:568]: Error: "Not a valid value: anarchism, near line: 391600" in file: "common/scripted_localisation/FR_SCRIPTING_FULL_AUTOMATED.txt" near line: 391601
[14:01:31][no_game_date][trigger.cpp:568]: Error: "Not a valid value: marxism, near line: 391613" in file: "common/scripted_localisation/FR_SCRIPTING_FULL_AUTOMATED.txt" near line: 391614
[14:01:31][no_game_date][trigger.cpp:568]: Error: "Not a valid value: anarchist_communism, near line: 397208" in file: "common/scripted_localisation/FR_SCRIPTING_FULL_AUTOMATED.txt" near line: 397209
[14:01:31][no_game_date][trigger.cpp:568]: Error: "Not a valid value: nazism, near line: 397303" in file: "common/scripted_localisation/FR_SCRIPTING_FULL_AUTOMATED.txt" near line: 397304
[14:01:31][no_game_date][trigger.cpp:568]: Error: "Not a valid value: anarchism, near line: 403770" in file: "common/scripted_localisation/FR_SCRIPTING_FULL_AUTOMATED.txt" near line: 403771
[14:01:31][no_game_date][trigger.cpp:568]: Error: "Not a valid value: marxism, near line: 403786" in file: "common/scripted_localisation/FR_SCRIPTING_FULL_AUTOMATED.txt" near line: 403787
[14:01:31][no_game_date][trigger.cpp:568]: Error: "Not a valid value: anarchist_communism, near line: 409431" in file: "common/scripted_localisation/FR_SCRIPTING_FULL_AUTOMATED.txt" near line: 409432
[14:01:31][no_game_date][trigger.cpp:568]: Error: "Not a valid value: nazism, near line: 409567" in file: "common/scripted_localisation/FR_SCRIPTING_FULL_AUTOMATED.txt" near line: 409568
[14:01:31][no_game_date][trigger.cpp:568]: Error: "Not a valid value: anarchism, near line: 416034" in file: "common/scripted_localisation/FR_SCRIPTING_FULL_AUTOMATED.txt" near line: 416035
[14:01:31][no_game_date][trigger.cpp:568]: Error: "Not a valid value: marxism, near line: 416050" in file: "common/scripted_localisation/FR_SCRIPTING_FULL_AUTOMATED.txt" near line: 416051
[14:01:31][no_game_date][trigger.cpp:568]: Error: "Not a valid value: anarchist_communism, near line: 421695" in file: "common/scripted_localisation/FR_SCRIPTING_FULL_AUTOMATED.txt" near line: 421696
[14:01:31][no_game_date][trigger.cpp:568]: Error: "Not a valid value: nazism, near line: 421831" in file: "common/scripted_localisation/FR_SCRIPTING_FULL_AUTOMATED.txt" near line: 421832
[14:01:31][no_game_date][trigger.cpp:568]: Error: "Not a valid value: anarchism, near line: 428263" in file: "common/scripted_localisation/FR_SCRIPTING_FULL_AUTOMATED.txt" near line: 428264
[14:01:31][no_game_date][trigger.cpp:568]: Error: "Not a valid value: marxism, near line: 428276" in file: "common/scripted_localisation/FR_SCRIPTING_FULL_AUTOMATED.txt" near line: 428277
[14:01:31][no_game_date][trigger.cpp:568]: Error: "Not a valid value: anarchist_communism, near line: 433871" in file: "common/scripted_localisation/FR_SCRIPTING_FULL_AUTOMATED.txt" near line: 433872
[14:01:31][no_game_date][trigger.cpp:568]: Error: "Not a valid value: nazism, near line: 433966" in file: "common/scripted_localisation/FR_SCRIPTING_FULL_AUTOMATED.txt" near line: 433967
[14:01:31][no_game_date][trigger.cpp:568]: Error: "Not a valid value: anarchism, near line: 440398" in file: "common/scripted_localisation/FR_SCRIPTING_FULL_AUTOMATED.txt" near line: 440399
[14:01:31][no_game_date][trigger.cpp:568]: Error: "Not a valid value: marxism, near line: 440411" in file: "common/scripted_localisation/FR_SCRIPTING_FULL_AUTOMATED.txt" near line: 440412
[14:01:31][no_game_date][trigger.cpp:568]: Error: "Not a valid value: anarchist_communism, near line: 446006" in file: "common/scripted_localisation/FR_SCRIPTING_FULL_AUTOMATED.txt" near line: 446007
[14:01:31][no_game_date][trigger.cpp:568]: Error: "Not a valid value: nazism, near line: 446101" in file: "common/scripted_localisation/FR_SCRIPTING_FULL_AUTOMATED.txt" near line: 446102
[14:01:31][no_game_date][trigger.cpp:568]: Error: "Not a valid value: anarchism, near line: 452533" in file: "common/scripted_localisation/FR_SCRIPTING_FULL_AUTOMATED.txt" near line: 452534
[14:01:31][no_game_date][trigger.cpp:568]: Error: "Not a valid value: marxism, near line: 452546" in file: "common/scripted_localisation/FR_SCRIPTING_FULL_AUTOMATED.txt" near line: 452547
[14:01:31][no_game_date][trigger.cpp:568]: Error: "Not a valid value: anarchist_communism, near line: 458141" in file: "common/scripted_localisation/FR_SCRIPTING_FULL_AUTOMATED.txt" near line: 458142
[14:01:31][no_game_date][trigger.cpp:568]: Error: "Not a valid value: nazism, near line: 458236" in file: "common/scripted_localisation/FR_SCRIPTING_FULL_AUTOMATED.txt" near line: 458237
[14:01:31][no_game_date][trigger.cpp:568]: Error: "Not a valid value: anarchism, near line: 464668" in file: "common/scripted_localisation/FR_SCRIPTING_FULL_AUTOMATED.txt" near line: 464669
[14:01:31][no_game_date][trigger.cpp:568]: Error: "Not a valid value: marxism, near line: 464681" in file: "common/scripted_localisation/FR_SCRIPTING_FULL_AUTOMATED.txt" near line: 464682
[14:01:31][no_game_date][trigger.cpp:568]: Error: "Not a valid value: anarchist_communism, near line: 470276" in file: "common/scripted_localisation/FR_SCRIPTING_FULL_AUTOMATED.txt" near line: 470277
[14:01:31][no_game_date][trigger.cpp:568]: Error: "Not a valid value: nazism, near line: 470371" in file: "common/scripted_localisation/FR_SCRIPTING_FULL_AUTOMATED.txt" near line: 470372
[14:01:31][no_game_date][trigger.cpp:568]: Error: "Not a valid value: anarchism, near line: 476830" in file: "common/scripted_localisation/FR_SCRIPTING_FULL_AUTOMATED.txt" near line: 476831
[14:01:31][no_game_date][trigger.cpp:568]: Error: "Not a valid value: marxism, near line: 476847" in file: "common/scripted_localisation/FR_SCRIPTING_FULL_AUTOMATED.txt" near line: 476848
[14:01:31][no_game_date][trigger.cpp:568]: Error: "Not a valid value: anarchist_communism, near line: 482564" in file: "common/scripted_localisation/FR_SCRIPTING_FULL_AUTOMATED.txt" near line: 482565
[14:01:31][no_game_date][trigger.cpp:568]: Error: "Not a valid value: nazism, near line: 482600" in file: "common/scripted_localisation/FR_SCRIPTING_FULL_AUTOMATED.txt" near line: 482601
[14:01:31][no_game_date][trigger.cpp:568]: Error: "Not a valid value: anarchism, near line: 489094" in file: "common/scripted_localisation/FR_SCRIPTING_FULL_AUTOMATED.txt" near line: 489095
[14:01:31][no_game_date][trigger.cpp:568]: Error: "Not a valid value: marxism, near line: 489111" in file: "common/scripted_localisation/FR_SCRIPTING_FULL_AUTOMATED.txt" near line: 489112
[14:01:31][no_game_date][trigger.cpp:568]: Error: "Not a valid value: anarchist_communism, near line: 494828" in file: "common/scripted_localisation/FR_SCRIPTING_FULL_AUTOMATED.txt" near line: 494829
[14:01:31][no_game_date][trigger.cpp:568]: Error: "Not a valid value: nazism, near line: 494864" in file: "common/scripted_localisation/FR_SCRIPTING_FULL_AUTOMATED.txt" near line: 494865
[14:01:31][no_game_date][trigger.cpp:568]: Error: "Not a valid value: anarchism, near line: 501351" in file: "common/scripted_localisation/FR_SCRIPTING_FULL_AUTOMATED.txt" near line: 501352
[14:01:31][no_game_date][trigger.cpp:568]: Error: "Not a valid value: marxism, near line: 501368" in file: "common/scripted_localisation/FR_SCRIPTING_FULL_AUTOMATED.txt" near line: 501369
[14:01:31][no_game_date][trigger.cpp:568]: Error: "Not a valid value: anarchist_communism, near line: 507070" in file: "common/scripted_localisation/FR_SCRIPTING_FULL_AUTOMATED.txt" near line: 507071
[14:01:31][no_game_date][trigger.cpp:568]: Error: "Not a valid value: nazism, near line: 507115" in file: "common/scripted_localisation/FR_SCRIPTING_FULL_AUTOMATED.txt" near line: 507116
[14:01:31][no_game_date][trigger.cpp:568]: Error: "Not a valid value: anarchism, near line: 513588" in file: "common/scripted_localisation/FR_SCRIPTING_FULL_AUTOMATED.txt" near line: 513589
[14:01:31][no_game_date][trigger.cpp:568]: Error: "Not a valid value: marxism, near line: 513605" in file: "common/scripted_localisation/FR_SCRIPTING_FULL_AUTOMATED.txt" near line: 513606
[14:01:31][no_game_date][trigger.cpp:568]: Error: "Not a valid value: anarchist_communism, near line: 519307" in file: "common/scripted_localisation/FR_SCRIPTING_FULL_AUTOMATED.txt" near line: 519308
[14:01:31][no_game_date][trigger.cpp:568]: Error: "Not a valid value: nazism, near line: 519352" in file: "common/scripted_localisation/FR_SCRIPTING_FULL_AUTOMATED.txt" near line: 519353
[14:01:31][no_game_date][trigger.cpp:568]: Error: "Not a valid value: anarchism, near line: 525835" in file: "common/scripted_localisation/FR_SCRIPTING_FULL_AUTOMATED.txt" near line: 525836
[14:01:31][no_game_date][trigger.cpp:568]: Error: "Not a valid value: marxism, near line: 525852" in file: "common/scripted_localisation/FR_SCRIPTING_FULL_AUTOMATED.txt" near line: 525853
[14:01:31][no_game_date][trigger.cpp:568]: Error: "Not a valid value: anarchist_communism, near line: 531612" in file: "common/scripted_localisation/FR_SCRIPTING_FULL_AUTOMATED.txt" near line: 531613
[14:01:31][no_game_date][trigger.cpp:568]: Error: "Not a valid value: nazism, near line: 531716" in file: "common/scripted_localisation/FR_SCRIPTING_FULL_AUTOMATED.txt" near line: 531717
[14:01:31][no_game_date][trigger.cpp:568]: Error: "Not a valid value: anarchism, near line: 538175" in file: "common/scripted_localisation/FR_SCRIPTING_FULL_AUTOMATED.txt" near line: 538176
[14:01:31][no_game_date][trigger.cpp:568]: Error: "Not a valid value: marxism, near line: 538192" in file: "common/scripted_localisation/FR_SCRIPTING_FULL_AUTOMATED.txt" near line: 538193
[14:01:31][no_game_date][trigger.cpp:568]: Error: "Not a valid value: anarchist_communism, near line: 543952" in file: "common/scripted_localisation/FR_SCRIPTING_FULL_AUTOMATED.txt" near line: 543953
[14:01:31][no_game_date][trigger.cpp:568]: Error: "Not a valid value: nazism, near line: 544056" in file: "common/scripted_localisation/FR_SCRIPTING_FULL_AUTOMATED.txt" near line: 544057
[14:01:31][no_game_date][trigger.cpp:568]: Error: "Not a valid value: anarchism, near line: 550485" in file: "common/scripted_localisation/FR_SCRIPTING_FULL_AUTOMATED.txt" near line: 550486
[14:01:31][no_game_date][trigger.cpp:568]: Error: "Not a valid value: marxism, near line: 550498" in file: "common/scripted_localisation/FR_SCRIPTING_FULL_AUTOMATED.txt" near line: 550499
[14:01:31][no_game_date][trigger.cpp:568]: Error: "Not a valid value: anarchist_communism, near line: 556093" in file: "common/scripted_localisation/FR_SCRIPTING_FULL_AUTOMATED.txt" near line: 556094
[14:01:31][no_game_date][trigger.cpp:568]: Error: "Not a valid value: nazism, near line: 556188" in file: "common/scripted_localisation/FR_SCRIPTING_FULL_AUTOMATED.txt" near line: 556189
[14:01:31][no_game_date][trigger.cpp:568]: Error: "Not a valid value: anarchism, near line: 562620" in file: "common/scripted_localisation/FR_SCRIPTING_FULL_AUTOMATED.txt" near line: 562621
[14:01:31][no_game_date][trigger.cpp:568]: Error: "Not a valid value: marxism, near line: 562633" in file: "common/scripted_localisation/FR_SCRIPTING_FULL_AUTOMATED.txt" near line: 562634
[14:01:31][no_game_date][trigger.cpp:568]: Error: "Not a valid value: anarchist_communism, near line: 568228" in file: "common/scripted_localisation/FR_SCRIPTING_FULL_AUTOMATED.txt" near line: 568229
[14:01:31][no_game_date][trigger.cpp:568]: Error: "Not a valid value: nazism, near line: 568323" in file: "common/scripted_localisation/FR_SCRIPTING_FULL_AUTOMATED.txt" near line: 568324
[14:01:31][no_game_date][trigger.cpp:568]: Error: "Not a valid value: anarchism, near line: 574782" in file: "common/scripted_localisation/FR_SCRIPTING_FULL_AUTOMATED.txt" near line: 574783
[14:01:31][no_game_date][trigger.cpp:568]: Error: "Not a valid value: marxism, near line: 574799" in file: "common/scripted_localisation/FR_SCRIPTING_FULL_AUTOMATED.txt" near line: 574800
[14:01:31][no_game_date][trigger.cpp:568]: Error: "Not a valid value: anarchist_communism, near line: 580524" in file: "common/scripted_localisation/FR_SCRIPTING_FULL_AUTOMATED.txt" near line: 580525
[14:01:31][no_game_date][trigger.cpp:568]: Error: "Not a valid value: nazism, near line: 580552" in file: "common/scripted_localisation/FR_SCRIPTING_FULL_AUTOMATED.txt" near line: 580553
[14:01:31][no_game_date][trigger.cpp:568]: Error: "Not a valid value: anarchism, near line: 587046" in file: "common/scripted_localisation/FR_SCRIPTING_FULL_AUTOMATED.txt" near line: 587047
[14:01:31][no_game_date][trigger.cpp:568]: Error: "Not a valid value: marxism, near line: 587063" in file: "common/scripted_localisation/FR_SCRIPTING_FULL_AUTOMATED.txt" near line: 587064
[14:01:31][no_game_date][trigger.cpp:568]: Error: "Not a valid value: anarchist_communism, near line: 592788" in file: "common/scripted_localisation/FR_SCRIPTING_FULL_AUTOMATED.txt" near line: 592789
[14:01:31][no_game_date][trigger.cpp:568]: Error: "Not a valid value: nazism, near line: 592816" in file: "common/scripted_localisation/FR_SCRIPTING_FULL_AUTOMATED.txt" near line: 592817
[14:01:31][no_game_date][trigger.cpp:568]: Error: "Not a valid value: anarchism, near line: 599283" in file: "common/scripted_localisation/FR_SCRIPTING_FULL_AUTOMATED.txt" near line: 599284
[14:01:31][no_game_date][trigger.cpp:568]: Error: "Not a valid value: marxism, near line: 599296" in file: "common/scripted_localisation/FR_SCRIPTING_FULL_AUTOMATED.txt" near line: 599297
[14:01:31][no_game_date][trigger.cpp:568]: Error: "Not a valid value: anarchist_communism, near line: 604908" in file: "common/scripted_localisation/FR_SCRIPTING_FULL_AUTOMATED.txt" near line: 604909
[14:01:31][no_game_date][trigger.cpp:568]: Error: "Not a valid value: nazism, near line: 605001" in file: "common/scripted_localisation/FR_SCRIPTING_FULL_AUTOMATED.txt" near line: 605002
[14:01:31][no_game_date][trigger.cpp:568]: Error: "Not a valid value: anarchism, near line: 611418" in file: "common/scripted_localisation/FR_SCRIPTING_FULL_AUTOMATED.txt" near line: 611419
[14:01:31][no_game_date][trigger.cpp:568]: Error: "Not a valid value: marxism, near line: 611431" in file: "common/scripted_localisation/FR_SCRIPTING_FULL_AUTOMATED.txt" near line: 611432
[14:01:31][no_game_date][trigger.cpp:568]: Error: "Not a valid value: anarchist_communism, near line: 617043" in file: "common/scripted_localisation/FR_SCRIPTING_FULL_AUTOMATED.txt" near line: 617044
[14:01:31][no_game_date][trigger.cpp:568]: Error: "Not a valid value: nazism, near line: 617136" in file: "common/scripted_localisation/FR_SCRIPTING_FULL_AUTOMATED.txt" near line: 617137
[14:01:31][no_game_date][trigger.cpp:568]: Error: "Not a valid value: anarchism, near line: 623553" in file: "common/scripted_localisation/FR_SCRIPTING_FULL_AUTOMATED.txt" near line: 623554
[14:01:31][no_game_date][trigger.cpp:568]: Error: "Not a valid value: marxism, near line: 623566" in file: "common/scripted_localisation/FR_SCRIPTING_FULL_AUTOMATED.txt" near line: 623567
[14:01:31][no_game_date][trigger.cpp:568]: Error: "Not a valid value: anarchist_communism, near line: 629161" in file: "common/scripted_localisation/FR_SCRIPTING_FULL_AUTOMATED.txt" near line: 629162
[14:01:31][no_game_date][trigger.cpp:568]: Error: "Not a valid value: nazism, near line: 629256" in file: "common/scripted_localisation/FR_SCRIPTING_FULL_AUTOMATED.txt" near line: 629257
[14:01:31][no_game_date][trigger.cpp:568]: Error: "Not a valid value: anarchism, near line: 635688" in file: "common/scripted_localisation/FR_SCRIPTING_FULL_AUTOMATED.txt" near line: 635689
[14:01:31][no_game_date][trigger.cpp:568]: Error: "Not a valid value: marxism, near line: 635701" in file: "common/scripted_localisation/FR_SCRIPTING_FULL_AUTOMATED.txt" near line: 635702
[14:01:31][no_game_date][trigger.cpp:568]: Error: "Not a valid value: anarchist_communism, near line: 641296" in file: "common/scripted_localisation/FR_SCRIPTING_FULL_AUTOMATED.txt" near line: 641297
[14:01:31][no_game_date][trigger.cpp:568]: Error: "Not a valid value: nazism, near line: 641391" in file: "common/scripted_localisation/FR_SCRIPTING_FULL_AUTOMATED.txt" near line: 641392
[14:01:31][no_game_date][trigger.cpp:568]: Error: "Not a valid value: anarchism, near line: 647850" in file: "common/scripted_localisation/FR_SCRIPTING_FULL_AUTOMATED.txt" near line: 647851
[14:01:31][no_game_date][trigger.cpp:568]: Error: "Not a valid value: marxism, near line: 647867" in file: "common/scripted_localisation/FR_SCRIPTING_FULL_AUTOMATED.txt" near line: 647868
[14:01:31][no_game_date][trigger.cpp:568]: Error: "Not a valid value: anarchist_communism, near line: 653592" in file: "common/scripted_localisation/FR_SCRIPTING_FULL_AUTOMATED.txt" near line: 653593
[14:01:31][no_game_date][trigger.cpp:568]: Error: "Not a valid value: nazism, near line: 653620" in file: "common/scripted_localisation/FR_SCRIPTING_FULL_AUTOMATED.txt" near line: 653621
[14:01:31][no_game_date][trigger.cpp:568]: Error: "Not a valid value: anarchism, near line: 660114" in file: "common/scripted_localisation/FR_SCRIPTING_FULL_AUTOMATED.txt" near line: 660115
[14:01:31][no_game_date][trigger.cpp:568]: Error: "Not a valid value: marxism, near line: 660131" in file: "common/scripted_localisation/FR_SCRIPTING_FULL_AUTOMATED.txt" near line: 660132
[14:01:31][no_game_date][trigger.cpp:568]: Error: "Not a valid value: anarchist_communism, near line: 665856" in file: "common/scripted_localisation/FR_SCRIPTING_FULL_AUTOMATED.txt" near line: 665857
[14:01:31][no_game_date][trigger.cpp:568]: Error: "Not a valid value: nazism, near line: 665884" in file: "common/scripted_localisation/FR_SCRIPTING_FULL_AUTOMATED.txt" near line: 665885
[14:01:31][no_game_date][trigger.cpp:568]: Error: "Not a valid value: anarchism, near line: 672351" in file: "common/scripted_localisation/FR_SCRIPTING_FULL_AUTOMATED.txt" near line: 672352
[14:01:31][no_game_date][trigger.cpp:568]: Error: "Not a valid value: marxism, near line: 672364" in file: "common/scripted_localisation/FR_SCRIPTING_FULL_AUTOMATED.txt" near line: 672365
[14:01:31][no_game_date][trigger.cpp:568]: Error: "Not a valid value: anarchist_communism, near line: 677976" in file: "common/scripted_localisation/FR_SCRIPTING_FULL_AUTOMATED.txt" near line: 677977
[14:01:31][no_game_date][trigger.cpp:568]: Error: "Not a valid value: nazism, near line: 678069" in file: "common/scripted_localisation/FR_SCRIPTING_FULL_AUTOMATED.txt" near line: 678070
[14:01:31][no_game_date][trigger.cpp:568]: Error: "Not a valid value: anarchism, near line: 684486" in file: "common/scripted_localisation/FR_SCRIPTING_FULL_AUTOMATED.txt" near line: 684487
[14:01:31][no_game_date][trigger.cpp:568]: Error: "Not a valid value: marxism, near line: 684499" in file: "common/scripted_localisation/FR_SCRIPTING_FULL_AUTOMATED.txt" near line: 684500
[14:01:31][no_game_date][trigger.cpp:568]: Error: "Not a valid value: anarchist_communism, near line: 690111" in file: "common/scripted_localisation/FR_SCRIPTING_FULL_AUTOMATED.txt" near line: 690112
[14:01:31][no_game_date][trigger.cpp:568]: Error: "Not a valid value: nazism, near line: 690204" in file: "common/scripted_localisation/FR_SCRIPTING_FULL_AUTOMATED.txt" near line: 690205
[14:01:31][no_game_date][trigger.cpp:568]: Error: "Not a valid value: anarchism, near line: 696621" in file: "common/scripted_localisation/FR_SCRIPTING_FULL_AUTOMATED.txt" near line: 696622
[14:01:31][no_game_date][trigger.cpp:568]: Error: "Not a valid value: marxism, near line: 696634" in file: "common/scripted_localisation/FR_SCRIPTING_FULL_AUTOMATED.txt" near line: 696635
[14:01:31][no_game_date][trigger.cpp:568]: Error: "Not a valid value: anarchist_communism, near line: 702246" in file: "common/scripted_localisation/FR_SCRIPTING_FULL_AUTOMATED.txt" near line: 702247
[14:01:31][no_game_date][trigger.cpp:568]: Error: "Not a valid value: nazism, near line: 702339" in file: "common/scripted_localisation/FR_SCRIPTING_FULL_AUTOMATED.txt" near line: 702340
[14:01:31][no_game_date][trigger.cpp:568]: Error: "Not a valid value: anarchism, near line: 708756" in file: "common/scripted_localisation/FR_SCRIPTING_FULL_AUTOMATED.txt" near line: 708757
[14:01:31][no_game_date][trigger.cpp:568]: Error: "Not a valid value: marxism, near line: 708769" in file: "common/scripted_localisation/FR_SCRIPTING_FULL_AUTOMATED.txt" near line: 708770
[14:01:31][no_game_date][trigger.cpp:568]: Error: "Not a valid value: anarchist_communism, near line: 714381" in file: "common/scripted_localisation/FR_SCRIPTING_FULL_AUTOMATED.txt" near line: 714382
[14:01:31][no_game_date][trigger.cpp:568]: Error: "Not a valid value: nazism, near line: 714474" in file: "common/scripted_localisation/FR_SCRIPTING_FULL_AUTOMATED.txt" near line: 714475
[14:01:31][no_game_date][trigger.cpp:568]: Error: "Not a valid value: anarchism, near line: 720891" in file: "common/scripted_localisation/FR_SCRIPTING_FULL_AUTOMATED.txt" near line: 720892
[14:01:31][no_game_date][trigger.cpp:568]: Error: "Not a valid value: marxism, near line: 720904" in file: "common/scripted_localisation/FR_SCRIPTING_FULL_AUTOMATED.txt" near line: 720905
[14:01:31][no_game_date][trigger.cpp:568]: Error: "Not a valid value: anarchist_communism, near line: 726499" in file: "common/scripted_localisation/FR_SCRIPTING_FULL_AUTOMATED.txt" near line: 726500
[14:01:31][no_game_date][trigger.cpp:568]: Error: "Not a valid value: nazism, near line: 726594" in file: "common/scripted_localisation/FR_SCRIPTING_FULL_AUTOMATED.txt" near line: 726595
[14:01:31][no_game_date][trigger.cpp:568]: Error: "Not a valid value: anarchism, near line: 733026" in file: "common/scripted_localisation/FR_SCRIPTING_FULL_AUTOMATED.txt" near line: 733027
[14:01:31][no_game_date][trigger.cpp:568]: Error: "Not a valid value: marxism, near line: 733039" in file: "common/scripted_localisation/FR_SCRIPTING_FULL_AUTOMATED.txt" near line: 733040
[14:01:31][no_game_date][trigger.cpp:568]: Error: "Not a valid value: anarchist_communism, near line: 738634" in file: "common/scripted_localisation/FR_SCRIPTING_FULL_AUTOMATED.txt" near line: 738635
[14:01:31][no_game_date][trigger.cpp:568]: Error: "Not a valid value: nazism, near line: 738729" in file: "common/scripted_localisation/FR_SCRIPTING_FULL_AUTOMATED.txt" near line: 738730
[14:01:31][no_game_date][trigger.cpp:568]: Error: "Not a valid value: anarchism, near line: 745196" in file: "common/scripted_localisation/FR_SCRIPTING_FULL_AUTOMATED.txt" near line: 745197
[14:01:31][no_game_date][trigger.cpp:568]: Error: "Not a valid value: marxism, near line: 745212" in file: "common/scripted_localisation/FR_SCRIPTING_FULL_AUTOMATED.txt" near line: 745213
[14:01:31][no_game_date][trigger.cpp:568]: Error: "Not a valid value: anarchist_communism, near line: 750857" in file: "common/scripted_localisation/FR_SCRIPTING_FULL_AUTOMATED.txt" near line: 750858
[14:01:31][no_game_date][trigger.cpp:568]: Error: "Not a valid value: nazism, near line: 750993" in file: "common/scripted_localisation/FR_SCRIPTING_FULL_AUTOMATED.txt" near line: 750994
[14:01:31][no_game_date][trigger.cpp:568]: Error: "Not a valid value: anarchism, near line: 757460" in file: "common/scripted_localisation/FR_SCRIPTING_FULL_AUTOMATED.txt" near line: 757461
[14:01:31][no_game_date][trigger.cpp:568]: Error: "Not a valid value: marxism, near line: 757476" in file: "common/scripted_localisation/FR_SCRIPTING_FULL_AUTOMATED.txt" near line: 757477
[14:01:31][no_game_date][trigger.cpp:568]: Error: "Not a valid value: anarchist_communism, near line: 763121" in file: "common/scripted_localisation/FR_SCRIPTING_FULL_AUTOMATED.txt" near line: 763122
[14:01:31][no_game_date][trigger.cpp:568]: Error: "Not a valid value: nazism, near line: 763257" in file: "common/scripted_localisation/FR_SCRIPTING_FULL_AUTOMATED.txt" near line: 763258
[14:01:31][no_game_date][trigger.cpp:568]: Error: "Not a valid value: anarchism, near line: 769689" in file: "common/scripted_localisation/FR_SCRIPTING_FULL_AUTOMATED.txt" near line: 769690
[14:01:31][no_game_date][trigger.cpp:568]: Error: "Not a valid value: marxism, near line: 769702" in file: "common/scripted_localisation/FR_SCRIPTING_FULL_AUTOMATED.txt" near line: 769703
[14:01:31][no_game_date][trigger.cpp:568]: Error: "Not a valid value: anarchist_communism, near line: 775314" in file: "common/scripted_localisation/FR_SCRIPTING_FULL_AUTOMATED.txt" near line: 775315
[14:01:31][no_game_date][trigger.cpp:568]: Error: "Not a valid value: nazism, near line: 775407" in file: "common/scripted_localisation/FR_SCRIPTING_FULL_AUTOMATED.txt" near line: 775408
[14:01:31][no_game_date][trigger.cpp:568]: Error: "Not a valid value: anarchism, near line: 781824" in file: "common/scripted_localisation/FR_SCRIPTING_FULL_AUTOMATED.txt" near line: 781825
[14:01:31][no_game_date][trigger.cpp:568]: Error: "Not a valid value: marxism, near line: 781837" in file: "common/scripted_localisation/FR_SCRIPTING_FULL_AUTOMATED.txt" near line: 781838
[14:01:31][no_game_date][trigger.cpp:568]: Error: "Not a valid value: anarchist_communism, near line: 787449" in file: "common/scripted_localisation/FR_SCRIPTING_FULL_AUTOMATED.txt" near line: 787450
[14:01:31][no_game_date][trigger.cpp:568]: Error: "Not a valid value: nazism, near line: 787542" in file: "common/scripted_localisation/FR_SCRIPTING_FULL_AUTOMATED.txt" near line: 787543
[14:01:31][no_game_date][trigger.cpp:568]: Error: "Not a valid value: anarchism, near line: 793959" in file: "common/scripted_localisation/FR_SCRIPTING_FULL_AUTOMATED.txt" near line: 793960
[14:01:31][no_game_date][trigger.cpp:568]: Error: "Not a valid value: marxism, near line: 793972" in file: "common/scripted_localisation/FR_SCRIPTING_FULL_AUTOMATED.txt" near line: 793973
[14:01:31][no_game_date][trigger.cpp:568]: Error: "Not a valid value: anarchist_communism, near line: 799584" in file: "common/scripted_localisation/FR_SCRIPTING_FULL_AUTOMATED.txt" near line: 799585
[14:01:31][no_game_date][trigger.cpp:568]: Error: "Not a valid value: nazism, near line: 799677" in file: "common/scripted_localisation/FR_SCRIPTING_FULL_AUTOMATED.txt" near line: 799678
[14:01:31][no_game_date][trigger.cpp:568]: Error: "Not a valid value: anarchism, near line: 806094" in file: "common/scripted_localisation/FR_SCRIPTING_FULL_AUTOMATED.txt" near line: 806095
[14:01:31][no_game_date][trigger.cpp:568]: Error: "Not a valid value: marxism, near line: 806107" in file: "common/scripted_localisation/FR_SCRIPTING_FULL_AUTOMATED.txt" near line: 806108
[14:01:31][no_game_date][trigger.cpp:568]: Error: "Not a valid value: anarchist_communism, near line: 811719" in file: "common/scripted_localisation/FR_SCRIPTING_FULL_AUTOMATED.txt" near line: 811720
[14:01:31][no_game_date][trigger.cpp:568]: Error: "Not a valid value: nazism, near line: 811812" in file: "common/scripted_localisation/FR_SCRIPTING_FULL_AUTOMATED.txt" near line: 811813
[14:01:31][no_game_date][trigger.cpp:568]: Error: "Not a valid value: anarchism, near line: 818229" in file: "common/scripted_localisation/FR_SCRIPTING_FULL_AUTOMATED.txt" near line: 818230
[14:01:31][no_game_date][trigger.cpp:568]: Error: "Not a valid value: marxism, near line: 818242" in file: "common/scripted_localisation/FR_SCRIPTING_FULL_AUTOMATED.txt" near line: 818243
[14:01:31][no_game_date][trigger.cpp:568]: Error: "Not a valid value: anarchist_communism, near line: 823854" in file: "common/scripted_localisation/FR_SCRIPTING_FULL_AUTOMATED.txt" near line: 823855
[14:01:31][no_game_date][trigger.cpp:568]: Error: "Not a valid value: nazism, near line: 823947" in file: "common/scripted_localisation/FR_SCRIPTING_FULL_AUTOMATED.txt" near line: 823948
[14:01:31][no_game_date][trigger.cpp:568]: Error: "Not a valid value: anarchism, near line: 830364" in file: "common/scripted_localisation/FR_SCRIPTING_FULL_AUTOMATED.txt" near line: 830365
[14:01:31][no_game_date][trigger.cpp:568]: Error: "Not a valid value: marxism, near line: 830377" in file: "common/scripted_localisation/FR_SCRIPTING_FULL_AUTOMATED.txt" near line: 830378
[14:01:31][no_game_date][trigger.cpp:568]: Error: "Not a valid value: anarchist_communism, near line: 835989" in file: "common/scripted_localisation/FR_SCRIPTING_FULL_AUTOMATED.txt" near line: 835990
[14:01:31][no_game_date][trigger.cpp:568]: Error: "Not a valid value: nazism, near line: 836082" in file: "common/scripted_localisation/FR_SCRIPTING_FULL_AUTOMATED.txt" near line: 836083
[14:01:31][no_game_date][trigger.cpp:568]: Error: "Not a valid value: anarchism, near line: 842499" in file: "common/scripted_localisation/FR_SCRIPTING_FULL_AUTOMATED.txt" near line: 842500
[14:01:31][no_game_date][trigger.cpp:568]: Error: "Not a valid value: marxism, near line: 842512" in file: "common/scripted_localisation/FR_SCRIPTING_FULL_AUTOMATED.txt" near line: 842513
[14:01:31][no_game_date][trigger.cpp:568]: Error: "Not a valid value: anarchist_communism, near line: 848124" in file: "common/scripted_localisation/FR_SCRIPTING_FULL_AUTOMATED.txt" near line: 848125
[14:01:31][no_game_date][trigger.cpp:568]: Error: "Not a valid value: nazism, near line: 848217" in file: "common/scripted_localisation/FR_SCRIPTING_FULL_AUTOMATED.txt" near line: 848218
[14:01:31][no_game_date][trigger.cpp:568]: Error: "Not a valid value: anarchism, near line: 854634" in file: "common/scripted_localisation/FR_SCRIPTING_FULL_AUTOMATED.txt" near line: 854635
[14:01:31][no_game_date][trigger.cpp:568]: Error: "Not a valid value: marxism, near line: 854647" in file: "common/scripted_localisation/FR_SCRIPTING_FULL_AUTOMATED.txt" near line: 854648
[14:01:31][no_game_date][trigger.cpp:568]: Error: "Not a valid value: anarchist_communism, near line: 860242" in file: "common/scripted_localisation/FR_SCRIPTING_FULL_AUTOMATED.txt" near line: 860243
[14:01:31][no_game_date][trigger.cpp:568]: Error: "Not a valid value: nazism, near line: 860337" in file: "common/scripted_localisation/FR_SCRIPTING_FULL_AUTOMATED.txt" near line: 860338
[14:01:31][no_game_date][trigger.cpp:568]: Error: "Not a valid value: anarchism, near line: 866769" in file: "common/scripted_localisation/FR_SCRIPTING_FULL_AUTOMATED.txt" near line: 866770
[14:01:31][no_game_date][trigger.cpp:568]: Error: "Not a valid value: marxism, near line: 866782" in file: "common/scripted_localisation/FR_SCRIPTING_FULL_AUTOMATED.txt" near line: 866783
[14:01:31][no_game_date][trigger.cpp:568]: Error: "Not a valid value: anarchist_communism, near line: 872377" in file: "common/scripted_localisation/FR_SCRIPTING_FULL_AUTOMATED.txt" near line: 872378
[14:01:31][no_game_date][trigger.cpp:568]: Error: "Not a valid value: nazism, near line: 872472" in file: "common/scripted_localisation/FR_SCRIPTING_FULL_AUTOMATED.txt" near line: 872473
[14:01:31][no_game_date][trigger.cpp:568]: Error: "Not a valid value: anarchism, near line: 878932" in file: "common/scripted_localisation/FR_SCRIPTING_FULL_AUTOMATED.txt" near line: 878933
[14:01:31][no_game_date][trigger.cpp:568]: Error: "Not a valid value: marxism, near line: 878948" in file: "common/scripted_localisation/FR_SCRIPTING_FULL_AUTOMATED.txt" near line: 878949
[14:01:31][no_game_date][trigger.cpp:568]: Error: "Not a valid value: anarchist_communism, near line: 884603" in file: "common/scripted_localisation/FR_SCRIPTING_FULL_AUTOMATED.txt" near line: 884604
[14:01:31][no_game_date][trigger.cpp:568]: Error: "Not a valid value: nazism, near line: 884738" in file: "common/scripted_localisation/FR_SCRIPTING_FULL_AUTOMATED.txt" near line: 884739
[14:01:31][no_game_date][trigger.cpp:568]: Error: "Not a valid value: anarchism, near line: 891169" in file: "common/scripted_localisation/FR_SCRIPTING_FULL_AUTOMATED.txt" near line: 891170
[14:01:31][no_game_date][trigger.cpp:568]: Error: "Not a valid value: marxism, near line: 891185" in file: "common/scripted_localisation/FR_SCRIPTING_FULL_AUTOMATED.txt" near line: 891186
[14:01:31][no_game_date][trigger.cpp:568]: Error: "Not a valid value: anarchist_communism, near line: 896840" in file: "common/scripted_localisation/FR_SCRIPTING_FULL_AUTOMATED.txt" near line: 896841
[14:01:31][no_game_date][trigger.cpp:568]: Error: "Not a valid value: nazism, near line: 896975" in file: "common/scripted_localisation/FR_SCRIPTING_FULL_AUTOMATED.txt" near line: 896976
[14:01:32][no_game_date][trigger.cpp:568]: Error: "Not a valid value: anarchism, near line: 903413" in file: "common/scripted_localisation/FR_SCRIPTING_FULL_AUTOMATED.txt" near line: 903414
[14:01:32][no_game_date][trigger.cpp:568]: Error: "Not a valid value: marxism, near line: 903429" in file: "common/scripted_localisation/FR_SCRIPTING_FULL_AUTOMATED.txt" near line: 903430
[14:01:32][no_game_date][trigger.cpp:568]: Error: "Not a valid value: anarchist_communism, near line: 909074" in file: "common/scripted_localisation/FR_SCRIPTING_FULL_AUTOMATED.txt" near line: 909075
[14:01:32][no_game_date][trigger.cpp:568]: Error: "Not a valid value: nazism, near line: 909210" in file: "common/scripted_localisation/FR_SCRIPTING_FULL_AUTOMATED.txt" near line: 909211
[14:01:32][no_game_date][trigger.cpp:568]: Error: "Not a valid value: anarchism, near line: 915642" in file: "common/scripted_localisation/FR_SCRIPTING_FULL_AUTOMATED.txt" near line: 915643
[14:01:32][no_game_date][trigger.cpp:568]: Error: "Not a valid value: marxism, near line: 915655" in file: "common/scripted_localisation/FR_SCRIPTING_FULL_AUTOMATED.txt" near line: 915656
[14:01:32][no_game_date][trigger.cpp:568]: Error: "Not a valid value: anarchist_communism, near line: 921250" in file: "common/scripted_localisation/FR_SCRIPTING_FULL_AUTOMATED.txt" near line: 921251
[14:01:32][no_game_date][trigger.cpp:568]: Error: "Not a valid value: nazism, near line: 921345" in file: "common/scripted_localisation/FR_SCRIPTING_FULL_AUTOMATED.txt" near line: 921346
[14:01:32][no_game_date][trigger.cpp:568]: Error: "Not a valid value: anarchism, near line: 927777" in file: "common/scripted_localisation/FR_SCRIPTING_FULL_AUTOMATED.txt" near line: 927778
[14:01:32][no_game_date][trigger.cpp:568]: Error: "Not a valid value: marxism, near line: 927790" in file: "common/scripted_localisation/FR_SCRIPTING_FULL_AUTOMATED.txt" near line: 927791
[14:01:32][no_game_date][trigger.cpp:568]: Error: "Not a valid value: anarchist_communism, near line: 933385" in file: "common/scripted_localisation/FR_SCRIPTING_FULL_AUTOMATED.txt" near line: 933386
[14:01:32][no_game_date][trigger.cpp:568]: Error: "Not a valid value: nazism, near line: 933480" in file: "common/scripted_localisation/FR_SCRIPTING_FULL_AUTOMATED.txt" near line: 933481
[14:01:32][no_game_date][trigger.cpp:700]: Invalid trigger 'SOV_genrikh_yagoda' in common/scripted_localisation/NSB_soviet_scripted_loc.txt line : 688
[14:01:32][no_game_date][trigger.cpp:568]: Error: "Unknown trigger-type: SOV_genrikh_yagoda, near line: 688" in file: "common/scripted_localisation/NSB_soviet_scripted_loc.txt" near line: 689
[14:01:32][no_game_date][trigger.cpp:700]: Invalid trigger 'SOV_nikolay_yezhov' in common/scripted_localisation/NSB_soviet_scripted_loc.txt line : 695
[14:01:32][no_game_date][trigger.cpp:568]: Error: "Unknown trigger-type: SOV_nikolay_yezhov, near line: 695" in file: "common/scripted_localisation/NSB_soviet_scripted_loc.txt" near line: 696
[14:01:32][no_game_date][trigger.cpp:700]: Invalid trigger 'SOV_lavrenty_beriya' in common/scripted_localisation/NSB_soviet_scripted_loc.txt line : 702
[14:01:32][no_game_date][trigger.cpp:568]: Error: "Unknown trigger-type: SOV_lavrenty_beriya, near line: 702" in file: "common/scripted_localisation/NSB_soviet_scripted_loc.txt" near line: 703
[14:01:32][no_game_date][trigger.cpp:568]: Error: "Not a valid value: anarchist_communism, near line: 18
Not a valid value: anarchism, near line: 19" in file: "common/scripted_triggers/ETH_scripted_triggers.txt" near line: 20
[14:01:32][no_game_date][effect.cpp:443]: Invalid effect 'JAP_hideki_tojo' in common/scripted_effects/JAP_scripted_effects.txt line : 1128
[14:01:32][no_game_date][trigger.cpp:568]: Error: "Unknown effect-type: JAP_hideki_tojo, near line: 1128" in file: "common/scripted_effects/JAP_scripted_effects.txt" near line: 1135
[14:01:32][no_game_date][effect.cpp:443]: Invalid effect 'JAP_hideki_tojo' in common/scripted_effects/JAP_scripted_effects.txt line : 1908
[14:01:32][no_game_date][trigger.cpp:568]: Error: "Unknown effect-type: JAP_hideki_tojo, near line: 1908" in file: "common/scripted_effects/JAP_scripted_effects.txt" near line: 1915
[14:01:32][no_game_date][effect.cpp:443]: Invalid effect 'JAP_machida_chuuji' in common/scripted_effects/JAP_scripted_effects.txt line : 2313
[14:01:32][no_game_date][effect.cpp:356]: Error: "Unknown effect-type: JAP_machida_chuuji, near line: 2313" in file: "common/scripted_effects/JAP_scripted_effects.txt" near line: 2317
[14:01:32][no_game_date][trigger.cpp:700]: Invalid trigger 'SOV_lev_trotsky' in common/scripted_effects/NORDIC_scripted_effects.txt line : 217
[14:01:32][no_game_date][trigger.cpp:568]: Error: "Unknown trigger-type: SOV_lev_trotsky, near line: 217" in file: "common/scripted_effects/NORDIC_scripted_effects.txt" near line: 224
[14:01:32][no_game_date][effect.cpp:443]: Invalid effect 'USA_dwight_d_eisenhower' in common/scripted_effects/PHI_scripted_effects.txt line : 227
[14:01:32][no_game_date][effect.cpp:356]: Error: "Unknown effect-type: USA_dwight_d_eisenhower, near line: 227" in file: "common/scripted_effects/PHI_scripted_effects.txt" near line: 237
[14:01:32][no_game_date][trigger.cpp:700]: Invalid trigger 'SOV_genrikh_yagoda' in common/scripted_effects/SOV_scripted_effects.txt line : 375
[14:01:32][no_game_date][trigger.cpp:568]: Error: "Unknown trigger-type: SOV_genrikh_yagoda, near line: 375" in file: "common/scripted_effects/SOV_scripted_effects.txt" near line: 378
[14:01:32][no_game_date][trigger.cpp:700]: Invalid trigger 'SOV_genrikh_yagoda' in common/scripted_effects/SOV_scripted_effects.txt line : 387
[14:01:32][no_game_date][trigger.cpp:568]: Error: "Unknown trigger-type: SOV_genrikh_yagoda, near line: 387" in file: "common/scripted_effects/SOV_scripted_effects.txt" near line: 390
[14:01:32][no_game_date][trigger.cpp:700]: Invalid trigger 'SOV_nikolay_yezhov' in common/scripted_effects/SOV_scripted_effects.txt line : 418
[14:01:32][no_game_date][trigger.cpp:568]: Error: "Unknown trigger-type: SOV_nikolay_yezhov, near line: 418" in file: "common/scripted_effects/SOV_scripted_effects.txt" near line: 421
[14:01:32][no_game_date][trigger.cpp:700]: Invalid trigger 'SOV_nikolay_yezhov' in common/scripted_effects/SOV_scripted_effects.txt line : 430
[14:01:32][no_game_date][trigger.cpp:568]: Error: "Unknown trigger-type: SOV_nikolay_yezhov, near line: 430" in file: "common/scripted_effects/SOV_scripted_effects.txt" near line: 433
[14:01:32][no_game_date][trigger.cpp:700]: Invalid trigger 'SOV_lavrenty_beriya' in common/scripted_effects/SOV_scripted_effects.txt line : 461
[14:01:32][no_game_date][trigger.cpp:568]: Error: "Unknown trigger-type: SOV_lavrenty_beriya, near line: 461" in file: "common/scripted_effects/SOV_scripted_effects.txt" near line: 464
[14:01:32][no_game_date][trigger.cpp:700]: Invalid trigger 'SOV_lavrenty_beriya' in common/scripted_effects/SOV_scripted_effects.txt line : 473
[14:01:32][no_game_date][trigger.cpp:568]: Error: "Unknown trigger-type: SOV_lavrenty_beriya, near line: 473" in file: "common/scripted_effects/SOV_scripted_effects.txt" near line: 476
[14:01:32][no_game_date][trigger.cpp:700]: Invalid trigger 'SOV_sergey_khudyakov' in common/scripted_effects/SOV_scripted_effects.txt line : 2371
[14:01:32][no_game_date][trigger.cpp:568]: Error: "Unknown trigger-type: SOV_sergey_khudyakov, near line: 2371" in file: "common/scripted_effects/SOV_scripted_effects.txt" near line: 2372
[14:01:32][no_game_date][effect.cpp:443]: Invalid effect 'SOV_sergey_khudyakov' in common/scripted_effects/SOV_scripted_effects.txt line : 2373
[14:01:32][no_game_date][effect.cpp:356]: Error: "Unknown effect-type: SOV_sergey_khudyakov, near line: 2373" in file: "common/scripted_effects/SOV_scripted_effects.txt" near line: 2376
[14:01:32][no_game_date][trigger.cpp:700]: Invalid trigger 'SOV_yakov_smushkevich' in common/scripted_effects/SOV_scripted_effects.txt line : 2381
[14:01:32][no_game_date][trigger.cpp:568]: Error: "Unknown trigger-type: SOV_yakov_smushkevich, near line: 2381" in file: "common/scripted_effects/SOV_scripted_effects.txt" near line: 2382
[14:01:32][no_game_date][effect.cpp:443]: Invalid effect 'SOV_yakov_smushkevich' in common/scripted_effects/SOV_scripted_effects.txt line : 2383
[14:01:32][no_game_date][effect.cpp:356]: Error: "Unknown effect-type: SOV_yakov_smushkevich, near line: 2383" in file: "common/scripted_effects/SOV_scripted_effects.txt" near line: 2386
[14:01:32][no_game_date][trigger.cpp:700]: Invalid trigger 'SOV_pavel_rychagov' in common/scripted_effects/SOV_scripted_effects.txt line : 2391
[14:01:32][no_game_date][trigger.cpp:568]: Error: "Unknown trigger-type: SOV_pavel_rychagov, near line: 2391" in file: "common/scripted_effects/SOV_scripted_effects.txt" near line: 2392
[14:01:32][no_game_date][effect.cpp:443]: Invalid effect 'SOV_pavel_rychagov' in common/scripted_effects/SOV_scripted_effects.txt line : 2393
[14:01:32][no_game_date][effect.cpp:356]: Error: "Unknown effect-type: SOV_pavel_rychagov, near line: 2393" in file: "common/scripted_effects/SOV_scripted_effects.txt" near line: 2396
[14:01:32][no_game_date][effect.cpp:443]: Invalid effect 'SOV_lev_trotsky' in common/scripted_effects/SOV_scripted_effects.txt line : 4224
[14:01:32][no_game_date][effect.cpp:356]: Error: "Unknown effect-type: SOV_lev_trotsky, near line: 4224" in file: "common/scripted_effects/SOV_scripted_effects.txt" near line: 4228
[14:01:32][no_game_date][trigger.cpp:700]: Invalid trigger 'SOV_genrikh_yagoda' in common/scripted_effects/SOV_scripted_effects.txt line : 6968
[14:01:32][no_game_date][trigger.cpp:568]: Error: "Unknown trigger-type: SOV_genrikh_yagoda, near line: 6968" in file: "common/scripted_effects/SOV_scripted_effects.txt" near line: 6969
[14:01:32][no_game_date][trigger.cpp:700]: Invalid trigger 'SOV_nikolay_yezhov' in common/scripted_effects/SOV_scripted_effects.txt line : 6972
[14:01:32][no_game_date][trigger.cpp:568]: Error: "Unknown trigger-type: SOV_nikolay_yezhov, near line: 6972" in file: "common/scripted_effects/SOV_scripted_effects.txt" near line: 6973
[14:01:32][no_game_date][effect.cpp:443]: Invalid effect 'SOV_provisional_government' in common/scripted_effects/SOV_scripted_effects.txt line : 7440
[14:01:32][no_game_date][effect.cpp:356]: Error: "Unknown effect-type: SOV_provisional_government, near line: 7440" in file: "common/scripted_effects/SOV_scripted_effects.txt" near line: 7459
[14:01:32][no_game_date][effect.cpp:443]: Invalid effect 'SOV_iosif_stalin' in common/scripted_effects/SOV_scripted_effects.txt line : 7917
[14:01:32][no_game_date][effect.cpp:356]: Error: "Unknown effect-type: SOV_iosif_stalin, near line: 7917" in file: "common/scripted_effects/SOV_scripted_effects.txt" near line: 7917
[14:01:32][no_game_date][effect.cpp:443]: Invalid effect 'SOV_lavrenty_beriya' in common/scripted_effects/SOV_scripted_effects.txt line : 7921
[14:01:32][no_game_date][effect.cpp:356]: Error: "Unknown effect-type: SOV_lavrenty_beriya, near line: 7921" in file: "common/scripted_effects/SOV_scripted_effects.txt" near line: 7921
[14:01:32][no_game_date][trigger.cpp:700]: Invalid trigger 'SOV_genrikh_yagoda' in common/scripted_effects/SOV_scripted_effects.txt line : 7981
[14:01:32][no_game_date][trigger.cpp:568]: Error: "Unknown trigger-type: SOV_genrikh_yagoda, near line: 7981" in file: "common/scripted_effects/SOV_scripted_effects.txt" near line: 7981
[14:01:32][no_game_date][trigger.cpp:700]: Invalid trigger 'SOV_nikolay_yezhov' in common/scripted_effects/SOV_scripted_effects.txt line : 7985
[14:01:32][no_game_date][trigger.cpp:568]: Error: "Unknown trigger-type: SOV_nikolay_yezhov, near line: 7985" in file: "common/scripted_effects/SOV_scripted_effects.txt" near line: 7985
[14:01:32][no_game_date][trigger.cpp:700]: Invalid trigger 'USA_robert_oppenheimer' in common/achievements.txt line : 6573
[14:01:32][no_game_date][trigger.cpp:568]: Error: "Unknown trigger-type: USA_robert_oppenheimer, near line: 6573" in file: "common/achievements.txt" near line: 6576
[14:01:32][no_game_date][effect.cpp:443]: Invalid effect 'SOV_semyon_budyonny' in events/BBA_Ethiopia.txt line : 6150
[14:01:32][no_game_date][effect.cpp:443]: Invalid effect 'SOV_Vasily_Kuznetsov' in events/BBA_Ethiopia.txt line : 6154
[14:01:32][no_game_date][effect.cpp:356]: Error: "Unknown effect-type: SOV_semyon_budyonny, near line: 6150
Unknown effect-type: SOV_Vasily_Kuznetsov, near line: 6154" in file: "events/BBA_Ethiopia.txt" near line: 6158
[14:01:32][no_game_date][trigger.cpp:568]: Error: "Not a valid value: marxism, near line: 6994" in file: "events/BBA_Italy.txt" near line: 6995
[14:01:32][no_game_date][trigger.cpp:568]: Error: "Not a valid value: marxism, near line: 7433" in file: "events/BBA_Italy.txt" near line: 7434
[14:01:32][no_game_date][effect.cpp:443]: Invalid effect 'add_idea' in events/Cascadia.txt line : 42
[14:01:32][no_game_date][persistent.cpp:66]: Error: "Unknown effect-type: add_idea, near line: 42" in file: "events/Cascadia.txt" near line: 42
[14:01:32][no_game_date][effect.cpp:443]: Invalid effect 'remove_idea' in events/Cascadia.txt line : 43
[14:01:32][no_game_date][persistent.cpp:66]: Error: "Unknown effect-type: remove_idea, near line: 43" in file: "events/Cascadia.txt" near line: 43
[14:01:32][no_game_date][effect.cpp:443]: Invalid effect 'add_idea' in events/Cascadia.txt line : 168
[14:01:32][no_game_date][persistent.cpp:66]: Error: "Unknown effect-type: add_idea, near line: 168" in file: "events/Cascadia.txt" near line: 168
[14:01:32][no_game_date][effect.cpp:443]: Invalid effect 'remove_idea' in events/Cascadia.txt line : 169
[14:01:32][no_game_date][persistent.cpp:66]: Error: "Unknown effect-type: remove_idea, near line: 169" in file: "events/Cascadia.txt" near line: 169
[14:01:32][no_game_date][effect.cpp:443]: Invalid effect 'remove_idea' in events/Cascadia.txt line : 199
[14:01:32][no_game_date][persistent.cpp:66]: Error: "Unknown effect-type: remove_idea, near line: 199" in file: "events/Cascadia.txt" near line: 199
[14:01:32][no_game_date][effect.cpp:443]: Invalid effect 'remove_idea' in events/Cascadia.txt line : 237
[14:01:32][no_game_date][persistent.cpp:66]: Error: "Unknown effect-type: remove_idea, near line: 237" in file: "events/Cascadia.txt" near line: 237
[14:01:32][no_game_date][effect.cpp:443]: Invalid effect 'add_idea' in events/Cascadia.txt line : 238
[14:01:32][no_game_date][persistent.cpp:66]: Error: "Unknown effect-type: add_idea, near line: 238" in file: "events/Cascadia.txt" near line: 238
[14:01:32][no_game_date][database_scoped_variables.h:59]: invalid database object for effect/trigger:  file: events/Mexico.txt line: 100 democracy. use var:var_name to explicitly use variables in effects/triggers
[14:01:32][no_game_date][effect.cpp:443]: Invalid effect 'SOV_vasily_chuykov' in events/SEA_Communist_China.txt line : 6987
[14:01:32][no_game_date][persistent.cpp:66]: Error: "Unknown effect-type: SOV_vasily_chuykov, near line: 6987" in file: "events/SEA_Communist_China.txt" near line: 6989
[14:01:32][no_game_date][effect.cpp:443]: Invalid effect 'SOV_aleksandr_cherepanov' in events/SEA_Communist_China.txt line : 6991
[14:01:32][no_game_date][persistent.cpp:66]: Error: "Unknown effect-type: SOV_aleksandr_cherepanov, near line: 6991" in file: "events/SEA_Communist_China.txt" near line: 6993
[14:01:32][no_game_date][effect.cpp:443]: Invalid effect 'SOV_vasily_chuykov' in events/SEA_Communist_China.txt line : 7078
[14:01:32][no_game_date][persistent.cpp:66]: Error: "Unknown effect-type: SOV_vasily_chuykov, near line: 7078" in file: "events/SEA_Communist_China.txt" near line: 7080
[14:01:32][no_game_date][effect.cpp:443]: Invalid effect 'SOV_aleksandr_cherepanov' in events/SEA_Communist_China.txt line : 7082
[14:01:32][no_game_date][persistent.cpp:66]: Error: "Unknown effect-type: SOV_aleksandr_cherepanov, near line: 7082" in file: "events/SEA_Communist_China.txt" near line: 7084
[14:01:32][no_game_date][effect.cpp:443]: Invalid effect 'KOR_pak_hon_yong' in events/SEA_Japan.txt line : 8762
[14:01:32][no_game_date][effect.cpp:356]: Error: "Unknown effect-type: KOR_pak_hon_yong, near line: 8762" in file: "events/SEA_Japan.txt" near line: 8766
[14:01:32][no_game_date][effect.cpp:443]: Invalid effect 'JAP_jinzaburo_masaki' in events/SEA_Japan.txt line : 9789
[14:01:32][no_game_date][persistent.cpp:66]: Error: "Unknown effect-type: JAP_jinzaburo_masaki, near line: 9789" in file: "events/SEA_Japan.txt" near line: 9791
[14:01:32][no_game_date][effect.cpp:443]: Invalid effect 'JAP_jinzaburo_masaki' in events/SEA_Japan.txt line : 9794
[14:01:32][no_game_date][effect.cpp:356]: Error: "Unknown effect-type: JAP_jinzaburo_masaki, near line: 9794" in file: "events/SEA_Japan.txt" near line: 9804
[14:01:32][no_game_date][effect.cpp:443]: Invalid effect 'JAP_sadao_araki' in events/SEA_Japan.txt line : 9815
[14:01:32][no_game_date][persistent.cpp:66]: Error: "Unknown effect-type: JAP_sadao_araki, near line: 9815" in file: "events/SEA_Japan.txt" near line: 9824
[14:01:32][no_game_date][effect.cpp:443]: Invalid effect 'JAP_sadao_araki' in events/SEA_Japan.txt line : 9827
[14:01:32][no_game_date][effect.cpp:356]: Error: "Unknown effect-type: JAP_sadao_araki, near line: 9827" in file: "events/SEA_Japan.txt" near line: 9837
[14:01:32][no_game_date][effect.cpp:443]: Invalid effect 'JAP_tetsu_katayama' in events/SEA_Japan.txt line : 12352
[14:01:32][no_game_date][effect.cpp:356]: Error: "Unknown effect-type: JAP_tetsu_katayama, near line: 12352" in file: "events/SEA_Japan.txt" near line: 12357
[14:01:32][no_game_date][effect.cpp:443]: Invalid effect 'JAP_tetsu_katayama' in events/SEA_Japan.txt line : 12390
[14:01:32][no_game_date][effect.cpp:356]: Error: "Unknown effect-type: JAP_tetsu_katayama, near line: 12390" in file: "events/SEA_Japan.txt" near line: 12395
[14:01:32][no_game_date][effect.cpp:443]: Invalid effect 'JAP_isoroku_yamamoto' in events/SEA_Japan.txt line : 14512
[14:01:32][no_game_date][effect.cpp:356]: Error: "Unknown effect-type: JAP_isoroku_yamamoto, near line: 14512" in file: "events/SEA_Japan.txt" near line: 14518
[14:01:32][no_game_date][effect.cpp:443]: Invalid effect 'JAP_isoroku_yamamoto' in events/SEA_Japan.txt line : 14548
[14:01:32][no_game_date][persistent.cpp:66]: Error: "Unknown effect-type: JAP_isoroku_yamamoto, near line: 14548" in file: "events/SEA_Japan.txt" near line: 14551
[14:01:32][no_game_date][effect.cpp:443]: Invalid effect 'USA_douglas_macarthur' in events/SEA_Philippines.txt line : 942
[14:01:32][no_game_date][effect.cpp:356]: Error: "Unknown effect-type: USA_douglas_macarthur, near line: 942" in file: "events/SEA_Philippines.txt" near line: 943
[14:01:32][no_game_date][effect.cpp:443]: Invalid effect 'USA_dwight_d_eisenhower' in events/SEA_Philippines.txt line : 997
[14:01:32][no_game_date][effect.cpp:356]: Error: "Unknown effect-type: USA_dwight_d_eisenhower, near line: 997" in file: "events/SEA_Philippines.txt" near line: 998
[14:01:32][no_game_date][effect.cpp:443]: Invalid effect 'USA_douglas_macarthur' in events/SEA_Philippines.txt line : 1331
[14:01:32][no_game_date][effect.cpp:356]: Error: "Unknown effect-type: USA_douglas_macarthur, near line: 1331" in file: "events/SEA_Philippines.txt" near line: 1341
[14:01:32][no_game_date][effect.cpp:443]: Invalid effect 'USA_dwight_d_eisenhower' in events/SEA_Philippines.txt line : 1343
[14:01:32][no_game_date][effect.cpp:356]: Error: "Unknown effect-type: USA_dwight_d_eisenhower, near line: 1343" in file: "events/SEA_Philippines.txt" near line: 1353
[14:01:32][no_game_date][effect.cpp:443]: Invalid effect 'USA_dwight_d_eisenhower' in events/SEA_Philippines.txt line : 1660
[14:01:32][no_game_date][effect.cpp:356]: Error: "Unknown effect-type: USA_dwight_d_eisenhower, near line: 1660" in file: "events/SEA_Philippines.txt" near line: 1663
[14:01:32][no_game_date][effect.cpp:443]: Invalid effect 'USA_dwight_d_eisenhower' in events/SEA_Philippines.txt line : 1665
[14:01:32][no_game_date][effect.cpp:356]: Error: "Unknown effect-type: USA_dwight_d_eisenhower, near line: 1665" in file: "events/SEA_Philippines.txt" near line: 1668
[14:01:32][no_game_date][effect.cpp:443]: Invalid effect 'USA_dwight_d_eisenhower' in events/SEA_Philippines.txt line : 1698
[14:01:32][no_game_date][effect.cpp:356]: Error: "Unknown effect-type: USA_dwight_d_eisenhower, near line: 1698" in file: "events/SEA_Philippines.txt" near line: 1701
[14:01:32][no_game_date][effect.cpp:443]: Invalid effect 'USA_dwight_d_eisenhower' in events/SEA_Philippines.txt line : 1703
[14:01:32][no_game_date][effect.cpp:356]: Error: "Unknown effect-type: USA_dwight_d_eisenhower, near line: 1703" in file: "events/SEA_Philippines.txt" near line: 1706
[14:01:32][no_game_date][effect.cpp:443]: Invalid effect 'JAP_kiyoshi_hasegawa' in events/SEA_Philippines.txt line : 1820
[14:01:32][no_game_date][effect.cpp:356]: Error: "Unknown effect-type: JAP_kiyoshi_hasegawa, near line: 1820" in file: "events/SEA_Philippines.txt" near line: 1825
[14:01:32][no_game_date][effect.cpp:443]: Invalid effect 'JAP_kiyoshi_hasegawa' in events/SEA_Philippines.txt line : 1858
[14:01:32][no_game_date][effect.cpp:356]: Error: "Unknown effect-type: JAP_kiyoshi_hasegawa, near line: 1858" in file: "events/SEA_Philippines.txt" near line: 1863
[14:01:32][no_game_date][effect.cpp:443]: Invalid effect 'JAP_naoki_hoshino' in events/TSR_Manchukuo.txt line : 949
[14:01:32][no_game_date][effect.cpp:356]: Error: "Unknown effect-type: JAP_naoki_hoshino, near line: 949" in file: "events/TSR_Manchukuo.txt" near line: 952
[14:01:32][no_game_date][effect.cpp:443]: Invalid effect 'JAP_naoki_hoshino' in events/TSR_Manchukuo.txt line : 986
[14:01:32][no_game_date][effect.cpp:356]: Error: "Unknown effect-type: JAP_naoki_hoshino, near line: 986" in file: "events/TSR_Manchukuo.txt" near line: 989
[14:01:32][no_game_date][effect.cpp:356]: Error: "Non assign effect is not enclosed in {}: annex_country, near line: 359" in file: "events/Texas.txt" near line: 360
[14:01:32][no_game_date][persistent.cpp:66]: Error: "Non assign effect is not enclosed in {}: annex_country, near line: 410" in file: "events/Texas.txt" near line: 410
[14:01:32][no_game_date][effect.cpp:443]: Invalid effect 'create_war_goal' in events/Turkey.txt line : 21
[14:01:32][no_game_date][persistent.cpp:66]: Error: "Unknown effect-type: create_war_goal, near line: 21" in file: "events/Turkey.txt" near line: 25
[14:01:32][no_game_date][parser.cpp:966]: Error: unexpected token in file: "events/Vermont.txt" near line: 18 ( NYC )
[14:01:32][no_game_date][trigger.cpp:700]: Invalid trigger 'NYC' in events/Vermont.txt line : 18
[14:01:32][no_game_date][trigger.cpp:568]: Error: "Unknown trigger-type: NYC, near line: 18" in file: "events/Vermont.txt" near line: 21
[14:01:32][no_game_date][effect.cpp:443]: Invalid effect 'USA_joseph_stilwell' in events/WTT_China.txt line : 1755
[14:01:32][no_game_date][persistent.cpp:66]: Error: "Unknown effect-type: USA_joseph_stilwell, near line: 1755" in file: "events/WTT_China.txt" near line: 1758
[14:01:32][no_game_date][effect.cpp:443]: Invalid effect 'USA_douglas_macarthur' in events/WTT_China.txt line : 1788
[14:01:32][no_game_date][persistent.cpp:66]: Error: "Unknown effect-type: USA_douglas_macarthur, near line: 1788" in file: "events/WTT_China.txt" near line: 1791
[14:01:32][no_game_date][effect.cpp:443]: Invalid effect 'USA_dwight_d_eisenhower' in events/WTT_China.txt line : 1821
[14:01:32][no_game_date][persistent.cpp:66]: Error: "Unknown effect-type: USA_dwight_d_eisenhower, near line: 1821" in file: "events/WTT_China.txt" near line: 1824
[14:01:32][no_game_date][onaction.cpp:58]: Random Event 12600006 in on_action on_new_term_election is not a valid event.
[14:01:32][no_game_date][onaction.cpp:58]: Random Event 12600007 in on_action on_new_term_election is not a valid event.
[14:01:32][no_game_date][onaction.cpp:58]: Random Event 12600008 in on_action on_new_term_election is not a valid event.
[14:01:32][no_game_date][onaction.cpp:58]: Random Event 12600009 in on_action on_new_term_election is not a valid event.
[14:01:32][no_game_date][onaction.cpp:58]: Random Event 12600010 in on_action on_new_term_election is not a valid event.
[14:01:32][no_game_date][onaction.cpp:58]: Random Event 12600011 in on_action on_new_term_election is not a valid event.
[14:01:32][no_game_date][onaction.cpp:58]: Random Event 12600012 in on_action on_new_term_election is not a valid event.
[14:01:32][no_game_date][persistent.cpp:66]: Error: "Malformed token: spain.9, near line: 114
Malformed token: lar_spain.1, near line: 115" in file: "common/on_actions/00_on_actions.txt" near line: 116
[14:01:32][no_game_date][persistent.cpp:66]: Error: "Malformed token: mexico.18, near line: 4" in file: "common/on_actions/04_mtg_on_actions.txt" near line: 5
[14:01:32][no_game_date][effect.cpp:443]: Invalid effect 'USA_native_american_council' in common/on_actions/04_mtg_on_actions.txt line : 697
[14:01:32][no_game_date][effect.cpp:356]: Error: "Unknown effect-type: USA_native_american_council, near line: 697" in file: "common/on_actions/04_mtg_on_actions.txt" near line: 735
[14:01:32][no_game_date][effect.cpp:443]: Invalid effect 'MEX_indigenous_council' in common/on_actions/04_mtg_on_actions.txt line : 741
[14:01:32][no_game_date][effect.cpp:356]: Error: "Unknown effect-type: MEX_indigenous_council, near line: 741" in file: "common/on_actions/04_mtg_on_actions.txt" near line: 779
[14:01:32][no_game_date][trigger.cpp:700]: Invalid trigger 'SOV_aleksandr_kerensky' in common/on_actions/07_nsb_on_actions.txt line : 985
[14:01:32][no_game_date][trigger.cpp:568]: Error: "Unknown trigger-type: SOV_aleksandr_kerensky, near line: 985" in file: "common/on_actions/07_nsb_on_actions.txt" near line: 988
[14:01:32][no_game_date][effect.cpp:443]: Invalid effect 'SOV_aleksandr_kerensky' in common/on_actions/07_nsb_on_actions.txt line : 989
[14:01:32][no_game_date][effect.cpp:356]: Error: "Unknown effect-type: SOV_aleksandr_kerensky, near line: 989" in file: "common/on_actions/07_nsb_on_actions.txt" near line: 992
[14:01:32][no_game_date][persistent.cpp:66]: Error: "Malformed token: denmark_political_events.3, near line: 92" in file: "common/on_actions/09_aat_on_actions.txt" near line: 93
[14:01:32][no_game_date][trigger.cpp:700]: Invalid trigger 'JAP_yosuke_matsuoka' in common/on_actions/14_sea_on_actions.txt line : 2820
[14:01:32][no_game_date][trigger.cpp:700]: Invalid trigger 'JAP_koyata_iwasaki' in common/on_actions/14_sea_on_actions.txt line : 2823
[14:01:32][no_game_date][trigger.cpp:700]: Invalid trigger 'JAP_chikuhei_nakajima' in common/on_actions/14_sea_on_actions.txt line : 2826
[14:01:32][no_game_date][trigger.cpp:700]: Invalid trigger 'JAP_yoshisuke_aikawa' in common/on_actions/14_sea_on_actions.txt line : 2829
[14:01:32][no_game_date][trigger.cpp:700]: Invalid trigger 'JAP_kenjiro_matsumoto' in common/on_actions/14_sea_on_actions.txt line : 2832
[14:01:32][no_game_date][trigger.cpp:568]: Error: "Unknown trigger-type: JAP_yosuke_matsuoka, near line: 2820
Unknown trigger-type: JAP_koyata_iwasaki, near line: 2823
Unknown trigger-type: JAP_chikuhei_nakajima, near line: 2826
Unknown trigger-type: JAP_yoshisuke_aikawa, near line: 2829
Unknown trigger-type: JAP_kenjiro_matsumoto, near line: 2832" in file: "common/on_actions/14_sea_on_actions.txt" near line: 2835
[14:01:32][no_game_date][database_scoped_variables.cpp:266]: invalid database object for effect/trigger: convoy_interdiction_ti. use var:var_name to explicitly use variables in effects/triggers
[14:01:32][no_game_date][database_scoped_variables.cpp:266]: invalid database object for effect/trigger: unrestricted_submarine_warfare. use var:var_name to explicitly use variables in effects/triggers
[14:01:32][no_game_date][database_scoped_variables.cpp:266]: invalid database object for effect/trigger: wolfpacks. use var:var_name to explicitly use variables in effects/triggers
[14:01:32][no_game_date][database_scoped_variables.cpp:266]: invalid database object for effect/trigger: advanced_submarine_warfare. use var:var_name to explicitly use variables in effects/triggers
[14:01:32][no_game_date][database_scoped_variables.cpp:266]: invalid database object for effect/trigger: combined_operations_raiding. use var:var_name to explicitly use variables in effects/triggers
[14:01:32][no_game_date][database_scoped_variables.cpp:266]: invalid database object for effect/trigger: superior_firepower. use var:var_name to explicitly use variables in effects/triggers
[14:01:32][no_game_date][database_scoped_variables.cpp:266]: invalid database object for effect/trigger: base_strike. use var:var_name to explicitly use variables in effects/triggers
[14:01:32][no_game_date][database_scoped_variables.cpp:266]: invalid database object for effect/trigger: superior_firepower. use var:var_name to explicitly use variables in effects/triggers
[14:01:32][no_game_date][database_scoped_variables.cpp:266]: invalid database object for effect/trigger: base_strike. use var:var_name to explicitly use variables in effects/triggers
[14:01:32][no_game_date][database_scoped_variables.cpp:266]: invalid database object for effect/trigger: superior_firepower. use var:var_name to explicitly use variables in effects/triggers
[14:01:32][no_game_date][database_scoped_variables.cpp:266]: invalid database object for effect/trigger: base_strike. use var:var_name to explicitly use variables in effects/triggers
[14:01:32][no_game_date][database_scoped_variables.cpp:266]: invalid database object for effect/trigger: superior_firepower. use var:var_name to explicitly use variables in effects/triggers
[14:01:32][no_game_date][database_scoped_variables.cpp:266]: invalid database object for effect/trigger: base_strike. use var:var_name to explicitly use variables in effects/triggers
[14:01:32][no_game_date][database_scoped_variables.cpp:266]: invalid database object for effect/trigger: superior_firepower. use var:var_name to explicitly use variables in effects/triggers
[14:01:32][no_game_date][database_scoped_variables.cpp:266]: invalid database object for effect/trigger: base_strike. use var:var_name to explicitly use variables in effects/triggers
[14:01:32][no_game_date][database_scoped_variables.cpp:266]: invalid database object for effect/trigger: superior_firepower. use var:var_name to explicitly use variables in effects/triggers
[14:01:32][no_game_date][database_scoped_variables.cpp:266]: invalid database object for effect/trigger: base_strike. use var:var_name to explicitly use variables in effects/triggers
[14:01:32][no_game_date][database_scoped_variables.cpp:266]: invalid database object for effect/trigger: superior_firepower. use var:var_name to explicitly use variables in effects/triggers
[14:01:32][no_game_date][database_scoped_variables.cpp:266]: invalid database object for effect/trigger: base_strike. use var:var_name to explicitly use variables in effects/triggers
[14:01:32][no_game_date][database_scoped_variables.cpp:266]: invalid database object for effect/trigger: superior_firepower. use var:var_name to explicitly use variables in effects/triggers
[14:01:32][no_game_date][database_scoped_variables.cpp:266]: invalid database object for effect/trigger: base_strike. use var:var_name to explicitly use variables in effects/triggers
[14:01:32][no_game_date][database_scoped_variables.cpp:266]: invalid database object for effect/trigger: superior_firepower. use var:var_name to explicitly use variables in effects/triggers
[14:01:32][no_game_date][database_scoped_variables.cpp:266]: invalid database object for effect/trigger: base_strike. use var:var_name to explicitly use variables in effects/triggers
[14:01:32][no_game_date][database_scoped_variables.cpp:266]: invalid database object for effect/trigger: superior_firepower. use var:var_name to explicitly use variables in effects/triggers
[14:01:32][no_game_date][database_scoped_variables.cpp:266]: invalid database object for effect/trigger: base_strike. use var:var_name to explicitly use variables in effects/triggers
[14:01:32][no_game_date][database_scoped_variables.cpp:266]: invalid database object for effect/trigger: superior_firepower. use var:var_name to explicitly use variables in effects/triggers
[14:01:32][no_game_date][database_scoped_variables.cpp:266]: invalid database object for effect/trigger: base_strike. use var:var_name to explicitly use variables in effects/triggers
[14:01:32][no_game_date][database_scoped_variables.cpp:266]: invalid database object for effect/trigger: superior_firepower. use var:var_name to explicitly use variables in effects/triggers
[14:01:32][no_game_date][database_scoped_variables.cpp:266]: invalid database object for effect/trigger: base_strike. use var:var_name to explicitly use variables in effects/triggers
[14:01:32][no_game_date][database_scoped_variables.cpp:266]: invalid database object for effect/trigger: basic_medium_battery. use var:var_name to explicitly use variables in effects/triggers
[14:01:32][no_game_date][database_scoped_variables.cpp:266]: invalid database object for effect/trigger: improved_airplane_launcher. use var:var_name to explicitly use variables in effects/triggers
[14:01:32][no_game_date][database_scoped_variables.cpp:266]: invalid database object for effect/trigger: superior_firepower. use var:var_name to explicitly use variables in effects/triggers
[14:01:32][no_game_date][database_scoped_variables.cpp:266]: invalid database object for effect/trigger: base_strike. use var:var_name to explicitly use variables in effects/triggers
[14:01:32][no_game_date][database_scoped_variables.cpp:266]: invalid database object for effect/trigger: superior_firepower. use var:var_name to explicitly use variables in effects/triggers
[14:01:32][no_game_date][database_scoped_variables.cpp:266]: invalid database object for effect/trigger: base_strike. use var:var_name to explicitly use variables in effects/triggers
[14:01:32][no_game_date][database_scoped_variables.cpp:266]: invalid database object for effect/trigger: superior_firepower. use var:var_name to explicitly use variables in effects/triggers
[14:01:32][no_game_date][database_scoped_variables.cpp:266]: invalid database object for effect/trigger: base_strike. use var:var_name to explicitly use variables in effects/triggers
[14:01:32][no_game_date][database_scoped_variables.cpp:266]: invalid database object for effect/trigger: superior_firepower. use var:var_name to explicitly use variables in effects/triggers
[14:01:32][no_game_date][database_scoped_variables.cpp:266]: invalid database object for effect/trigger: base_strike. use var:var_name to explicitly use variables in effects/triggers
[14:01:32][no_game_date][database_scoped_variables.cpp:266]: invalid database object for effect/trigger: superior_firepower. use var:var_name to explicitly use variables in effects/triggers
[14:01:32][no_game_date][database_scoped_variables.cpp:266]: invalid database object for effect/trigger: base_strike. use var:var_name to explicitly use variables in effects/triggers
[14:01:32][no_game_date][database_scoped_variables.cpp:266]: invalid database object for effect/trigger: superior_firepower. use var:var_name to explicitly use variables in effects/triggers
[14:01:32][no_game_date][database_scoped_variables.cpp:266]: invalid database object for effect/trigger: base_strike. use var:var_name to explicitly use variables in effects/triggers
[14:01:32][no_game_date][database_scoped_variables.cpp:266]: invalid database object for effect/trigger: basic_medium_battery. use var:var_name to explicitly use variables in effects/triggers
[14:01:32][no_game_date][database_scoped_variables.cpp:266]: invalid database object for effect/trigger: improved_airplane_launcher. use var:var_name to explicitly use variables in effects/triggers
[14:01:32][no_game_date][database_scoped_variables.cpp:266]: invalid database object for effect/trigger: superior_firepower. use var:var_name to explicitly use variables in effects/triggers
[14:01:32][no_game_date][database_scoped_variables.cpp:266]: invalid database object for effect/trigger: base_strike. use var:var_name to explicitly use variables in effects/triggers
[14:01:32][no_game_date][database_scoped_variables.cpp:266]: invalid database object for effect/trigger: superior_firepower. use var:var_name to explicitly use variables in effects/triggers
[14:01:32][no_game_date][database_scoped_variables.cpp:266]: invalid database object for effect/trigger: base_strike. use var:var_name to explicitly use variables in effects/triggers
[14:01:32][no_game_date][database_scoped_variables.cpp:266]: invalid database object for effect/trigger: superior_firepower. use var:var_name to explicitly use variables in effects/triggers
[14:01:32][no_game_date][database_scoped_variables.cpp:266]: invalid database object for effect/trigger: base_strike. use var:var_name to explicitly use variables in effects/triggers
[14:01:32][no_game_date][database_scoped_variables.cpp:266]: invalid database object for effect/trigger: superior_firepower. use var:var_name to explicitly use variables in effects/triggers
[14:01:32][no_game_date][database_scoped_variables.cpp:266]: invalid database object for effect/trigger: base_strike. use var:var_name to explicitly use variables in effects/triggers
[14:01:32][no_game_date][database_scoped_variables.cpp:266]: invalid database object for effect/trigger: superior_firepower. use var:var_name to explicitly use variables in effects/triggers
[14:01:32][no_game_date][database_scoped_variables.cpp:266]: invalid database object for effect/trigger: base_strike. use var:var_name to explicitly use variables in effects/triggers
[14:01:32][no_game_date][database_scoped_variables.cpp:266]: invalid database object for effect/trigger: superior_firepower. use var:var_name to explicitly use variables in effects/triggers
[14:01:32][no_game_date][database_scoped_variables.cpp:266]: invalid database object for effect/trigger: base_strike. use var:var_name to explicitly use variables in effects/triggers
[14:01:32][no_game_date][database_scoped_variables.cpp:266]: invalid database object for effect/trigger: superior_firepower. use var:var_name to explicitly use variables in effects/triggers
[14:01:32][no_game_date][database_scoped_variables.cpp:266]: invalid database object for effect/trigger: base_strike. use var:var_name to explicitly use variables in effects/triggers
[14:01:32][no_game_date][database_scoped_variables.cpp:266]: invalid database object for effect/trigger: superior_firepower. use var:var_name to explicitly use variables in effects/triggers
[14:01:32][no_game_date][database_scoped_variables.cpp:266]: invalid database object for effect/trigger: base_strike. use var:var_name to explicitly use variables in effects/triggers
[14:01:32][no_game_date][database_scoped_variables.cpp:266]: invalid database object for effect/trigger: superior_firepower. use var:var_name to explicitly use variables in effects/triggers
[14:01:32][no_game_date][database_scoped_variables.cpp:266]: invalid database object for effect/trigger: base_strike. use var:var_name to explicitly use variables in effects/triggers
[14:01:32][no_game_date][database_scoped_variables.cpp:266]: invalid database object for effect/trigger: superior_firepower. use var:var_name to explicitly use variables in effects/triggers
[14:01:32][no_game_date][database_scoped_variables.cpp:266]: invalid database object for effect/trigger: base_strike. use var:var_name to explicitly use variables in effects/triggers
[14:01:32][no_game_date][database_scoped_variables.cpp:266]: invalid database object for effect/trigger: superior_firepower. use var:var_name to explicitly use variables in effects/triggers
[14:01:32][no_game_date][database_scoped_variables.cpp:266]: invalid database object for effect/trigger: base_strike. use var:var_name to explicitly use variables in effects/triggers
[14:01:32][no_game_date][database_scoped_variables.cpp:266]: invalid database object for effect/trigger: superior_firepower. use var:var_name to explicitly use variables in effects/triggers
[14:01:32][no_game_date][database_scoped_variables.cpp:266]: invalid database object for effect/trigger: base_strike. use var:var_name to explicitly use variables in effects/triggers
[14:01:32][no_game_date][database_scoped_variables.cpp:266]: invalid database object for effect/trigger: superior_firepower. use var:var_name to explicitly use variables in effects/triggers
[14:01:32][no_game_date][database_scoped_variables.cpp:266]: invalid database object for effect/trigger: base_strike. use var:var_name to explicitly use variables in effects/triggers
[14:01:32][no_game_date][database_scoped_variables.cpp:266]: invalid database object for effect/trigger: superior_firepower. use var:var_name to explicitly use variables in effects/triggers
[14:01:32][no_game_date][database_scoped_variables.cpp:266]: invalid database object for effect/trigger: base_strike. use var:var_name to explicitly use variables in effects/triggers
[14:01:32][no_game_date][database_scoped_variables.cpp:266]: invalid database object for effect/trigger: superior_firepower. use var:var_name to explicitly use variables in effects/triggers
[14:01:32][no_game_date][database_scoped_variables.cpp:266]: invalid database object for effect/trigger: base_strike. use var:var_name to explicitly use variables in effects/triggers
[14:01:32][no_game_date][database_scoped_variables.cpp:266]: invalid database object for effect/trigger: superior_firepower. use var:var_name to explicitly use variables in effects/triggers
[14:01:32][no_game_date][database_scoped_variables.cpp:266]: invalid database object for effect/trigger: base_strike. use var:var_name to explicitly use variables in effects/triggers
[14:01:32][no_game_date][database_scoped_variables.cpp:266]: invalid database object for effect/trigger: superior_firepower. use var:var_name to explicitly use variables in effects/triggers
[14:01:32][no_game_date][database_scoped_variables.cpp:266]: invalid database object for effect/trigger: base_strike. use var:var_name to explicitly use variables in effects/triggers
[14:01:32][no_game_date][database_scoped_variables.cpp:266]: invalid database object for effect/trigger: superior_firepower. use var:var_name to explicitly use variables in effects/triggers
[14:01:32][no_game_date][database_scoped_variables.cpp:266]: invalid database object for effect/trigger: base_strike. use var:var_name to explicitly use variables in effects/triggers
[14:01:32][no_game_date][database_scoped_variables.cpp:266]: invalid database object for effect/trigger: superior_firepower. use var:var_name to explicitly use variables in effects/triggers
[14:01:32][no_game_date][database_scoped_variables.cpp:266]: invalid database object for effect/trigger: base_strike. use var:var_name to explicitly use variables in effects/triggers
[14:01:32][no_game_date][database_scoped_variables.cpp:266]: invalid database object for effect/trigger: superior_firepower. use var:var_name to explicitly use variables in effects/triggers
[14:01:32][no_game_date][database_scoped_variables.cpp:266]: invalid database object for effect/trigger: base_strike. use var:var_name to explicitly use variables in effects/triggers
[14:01:32][no_game_date][database_scoped_variables.cpp:266]: invalid database object for effect/trigger: superior_firepower. use var:var_name to explicitly use variables in effects/triggers
[14:01:32][no_game_date][database_scoped_variables.cpp:266]: invalid database object for effect/trigger: base_strike. use var:var_name to explicitly use variables in effects/triggers
[14:01:32][no_game_date][database_scoped_variables.cpp:266]: invalid database object for effect/trigger: superior_firepower. use var:var_name to explicitly use variables in effects/triggers
[14:01:32][no_game_date][database_scoped_variables.cpp:266]: invalid database object for effect/trigger: base_strike. use var:var_name to explicitly use variables in effects/triggers
[14:01:32][no_game_date][database_scoped_variables.cpp:266]: invalid database object for effect/trigger: superior_firepower. use var:var_name to explicitly use variables in effects/triggers
[14:01:32][no_game_date][database_scoped_variables.cpp:266]: invalid database object for effect/trigger: base_strike. use var:var_name to explicitly use variables in effects/triggers
[14:01:32][no_game_date][database_scoped_variables.cpp:266]: invalid database object for effect/trigger: superior_firepower. use var:var_name to explicitly use variables in effects/triggers
[14:01:32][no_game_date][database_scoped_variables.cpp:266]: invalid database object for effect/trigger: base_strike. use var:var_name to explicitly use variables in effects/triggers
[14:01:32][no_game_date][database_scoped_variables.cpp:266]: invalid database object for effect/trigger: superior_firepower. use var:var_name to explicitly use variables in effects/triggers
[14:01:32][no_game_date][database_scoped_variables.cpp:266]: invalid database object for effect/trigger: base_strike. use var:var_name to explicitly use variables in effects/triggers
[14:01:32][no_game_date][database_scoped_variables.cpp:266]: invalid database object for effect/trigger: superior_firepower. use var:var_name to explicitly use variables in effects/triggers
[14:01:32][no_game_date][database_scoped_variables.cpp:266]: invalid database object for effect/trigger: base_strike. use var:var_name to explicitly use variables in effects/triggers
[14:01:32][no_game_date][database_scoped_variables.cpp:266]: invalid database object for effect/trigger: superior_firepower. use var:var_name to explicitly use variables in effects/triggers
[14:01:32][no_game_date][database_scoped_variables.cpp:266]: invalid database object for effect/trigger: base_strike. use var:var_name to explicitly use variables in effects/triggers
[14:01:32][no_game_date][database_scoped_variables.cpp:266]: invalid database object for effect/trigger: superior_firepower. use var:var_name to explicitly use variables in effects/triggers
[14:01:32][no_game_date][database_scoped_variables.cpp:266]: invalid database object for effect/trigger: base_strike. use var:var_name to explicitly use variables in effects/triggers
[14:01:32][no_game_date][database_scoped_variables.cpp:266]: invalid database object for effect/trigger: superior_firepower. use var:var_name to explicitly use variables in effects/triggers
[14:01:32][no_game_date][database_scoped_variables.cpp:266]: invalid database object for effect/trigger: base_strike. use var:var_name to explicitly use variables in effects/triggers
[14:01:32][no_game_date][database_scoped_variables.cpp:266]: invalid database object for effect/trigger: superior_firepower. use var:var_name to explicitly use variables in effects/triggers
[14:01:32][no_game_date][database_scoped_variables.cpp:266]: invalid database object for effect/trigger: base_strike. use var:var_name to explicitly use variables in effects/triggers
[14:01:32][no_game_date][database_scoped_variables.cpp:266]: invalid database object for effect/trigger: superior_firepower. use var:var_name to explicitly use variables in effects/triggers
[14:01:32][no_game_date][database_scoped_variables.cpp:266]: invalid database object for effect/trigger: base_strike. use var:var_name to explicitly use variables in effects/triggers
[14:01:32][no_game_date][database_scoped_variables.cpp:266]: invalid database object for effect/trigger: superior_firepower. use var:var_name to explicitly use variables in effects/triggers
[14:01:32][no_game_date][database_scoped_variables.cpp:266]: invalid database object for effect/trigger: base_strike. use var:var_name to explicitly use variables in effects/triggers
[14:01:32][no_game_date][database_scoped_variables.cpp:266]: invalid database object for effect/trigger: superior_firepower. use var:var_name to explicitly use variables in effects/triggers
[14:01:32][no_game_date][database_scoped_variables.cpp:266]: invalid database object for effect/trigger: base_strike. use var:var_name to explicitly use variables in effects/triggers
[14:01:32][no_game_date][database_scoped_variables.cpp:266]: invalid database object for effect/trigger: superior_firepower. use var:var_name to explicitly use variables in effects/triggers
[14:01:32][no_game_date][database_scoped_variables.cpp:266]: invalid database object for effect/trigger: base_strike. use var:var_name to explicitly use variables in effects/triggers
[14:01:32][no_game_date][database_scoped_variables.cpp:266]: invalid database object for effect/trigger: superior_firepower. use var:var_name to explicitly use variables in effects/triggers
[14:01:32][no_game_date][database_scoped_variables.cpp:266]: invalid database object for effect/trigger: base_strike. use var:var_name to explicitly use variables in effects/triggers
[14:01:32][no_game_date][database_scoped_variables.cpp:266]: invalid database object for effect/trigger: superior_firepower. use var:var_name to explicitly use variables in effects/triggers
[14:01:32][no_game_date][database_scoped_variables.cpp:266]: invalid database object for effect/trigger: base_strike. use var:var_name to explicitly use variables in effects/triggers
[14:01:32][no_game_date][database_scoped_variables.cpp:266]: invalid database object for effect/trigger: superior_firepower. use var:var_name to explicitly use variables in effects/triggers
[14:01:32][no_game_date][database_scoped_variables.cpp:266]: invalid database object for effect/trigger: base_strike. use var:var_name to explicitly use variables in effects/triggers
[14:01:32][no_game_date][database_scoped_variables.cpp:266]: invalid database object for effect/trigger: superior_firepower. use var:var_name to explicitly use variables in effects/triggers
[14:01:32][no_game_date][database_scoped_variables.cpp:266]: invalid database object for effect/trigger: base_strike. use var:var_name to explicitly use variables in effects/triggers
[14:01:32][no_game_date][database_scoped_variables.cpp:266]: invalid database object for effect/trigger: superior_firepower. use var:var_name to explicitly use variables in effects/triggers
[14:01:32][no_game_date][database_scoped_variables.cpp:266]: invalid database object for effect/trigger: base_strike. use var:var_name to explicitly use variables in effects/triggers
[14:01:32][no_game_date][database_scoped_variables.cpp:266]: invalid database object for effect/trigger: superior_firepower. use var:var_name to explicitly use variables in effects/triggers
[14:01:32][no_game_date][database_scoped_variables.cpp:266]: invalid database object for effect/trigger: base_strike. use var:var_name to explicitly use variables in effects/triggers
[14:01:32][no_game_date][database_scoped_variables.cpp:266]: invalid database object for effect/trigger: superior_firepower. use var:var_name to explicitly use variables in effects/triggers
[14:01:32][no_game_date][database_scoped_variables.cpp:266]: invalid database object for effect/trigger: base_strike. use var:var_name to explicitly use variables in effects/triggers
[14:01:32][no_game_date][database_scoped_variables.cpp:266]: invalid database object for effect/trigger: superior_firepower. use var:var_name to explicitly use variables in effects/triggers
[14:01:32][no_game_date][database_scoped_variables.cpp:266]: invalid database object for effect/trigger: base_strike. use var:var_name to explicitly use variables in effects/triggers
[14:01:32][no_game_date][database_scoped_variables.cpp:266]: invalid database object for effect/trigger: superior_firepower. use var:var_name to explicitly use variables in effects/triggers
[14:01:32][no_game_date][database_scoped_variables.cpp:266]: invalid database object for effect/trigger: base_strike. use var:var_name to explicitly use variables in effects/triggers
[14:01:32][no_game_date][database_scoped_variables.cpp:266]: invalid database object for effect/trigger: superior_firepower. use var:var_name to explicitly use variables in effects/triggers
[14:01:32][no_game_date][database_scoped_variables.cpp:266]: invalid database object for effect/trigger: base_strike. use var:var_name to explicitly use variables in effects/triggers
[14:01:32][no_game_date][database_scoped_variables.cpp:266]: invalid database object for effect/trigger: superior_firepower. use var:var_name to explicitly use variables in effects/triggers
[14:01:32][no_game_date][database_scoped_variables.cpp:266]: invalid database object for effect/trigger: base_strike. use var:var_name to explicitly use variables in effects/triggers
[14:01:32][no_game_date][database_scoped_variables.cpp:266]: invalid database object for effect/trigger: superior_firepower. use var:var_name to explicitly use variables in effects/triggers
[14:01:32][no_game_date][database_scoped_variables.cpp:266]: invalid database object for effect/trigger: base_strike. use var:var_name to explicitly use variables in effects/triggers
[14:01:32][no_game_date][database_scoped_variables.cpp:266]: invalid database object for effect/trigger: superior_firepower. use var:var_name to explicitly use variables in effects/triggers
[14:01:32][no_game_date][database_scoped_variables.cpp:266]: invalid database object for effect/trigger: base_strike. use var:var_name to explicitly use variables in effects/triggers
[14:01:32][no_game_date][database_scoped_variables.cpp:266]: invalid database object for effect/trigger: superior_firepower. use var:var_name to explicitly use variables in effects/triggers
[14:01:32][no_game_date][database_scoped_variables.cpp:266]: invalid database object for effect/trigger: base_strike. use var:var_name to explicitly use variables in effects/triggers
[14:01:32][no_game_date][database_scoped_variables.cpp:266]: invalid database object for effect/trigger: superior_firepower. use var:var_name to explicitly use variables in effects/triggers
[14:01:32][no_game_date][database_scoped_variables.cpp:266]: invalid database object for effect/trigger: base_strike. use var:var_name to explicitly use variables in effects/triggers
[14:01:32][no_game_date][database_scoped_variables.cpp:266]: invalid database object for effect/trigger: superior_firepower. use var:var_name to explicitly use variables in effects/triggers
[14:01:32][no_game_date][database_scoped_variables.cpp:266]: invalid database object for effect/trigger: base_strike. use var:var_name to explicitly use variables in effects/triggers
[14:01:32][no_game_date][database_scoped_variables.cpp:266]: invalid database object for effect/trigger: superior_firepower. use var:var_name to explicitly use variables in effects/triggers
[14:01:32][no_game_date][database_scoped_variables.cpp:266]: invalid database object for effect/trigger: base_strike. use var:var_name to explicitly use variables in effects/triggers
[14:01:32][no_game_date][database_scoped_variables.cpp:266]: invalid database object for effect/trigger: superior_firepower. use var:var_name to explicitly use variables in effects/triggers
[14:01:32][no_game_date][database_scoped_variables.cpp:266]: invalid database object for effect/trigger: base_strike. use var:var_name to explicitly use variables in effects/triggers
[14:01:32][no_game_date][database_scoped_variables.cpp:266]: invalid database object for effect/trigger: superior_firepower. use var:var_name to explicitly use variables in effects/triggers
[14:01:32][no_game_date][database_scoped_variables.cpp:266]: invalid database object for effect/trigger: base_strike. use var:var_name to explicitly use variables in effects/triggers
[14:01:32][no_game_date][database_scoped_variables.cpp:266]: invalid database object for effect/trigger: superior_firepower. use var:var_name to explicitly use variables in effects/triggers
[14:01:32][no_game_date][database_scoped_variables.cpp:266]: invalid database object for effect/trigger: base_strike. use var:var_name to explicitly use variables in effects/triggers
[14:01:32][no_game_date][database_scoped_variables.cpp:266]: invalid database object for effect/trigger: superior_firepower. use var:var_name to explicitly use variables in effects/triggers
[14:01:32][no_game_date][database_scoped_variables.cpp:266]: invalid database object for effect/trigger: base_strike. use var:var_name to explicitly use variables in effects/triggers
[14:01:32][no_game_date][database_scoped_variables.cpp:266]: invalid database object for effect/trigger: superior_firepower. use var:var_name to explicitly use variables in effects/triggers
[14:01:32][no_game_date][database_scoped_variables.cpp:266]: invalid database object for effect/trigger: base_strike. use var:var_name to explicitly use variables in effects/triggers
[14:01:32][no_game_date][database_scoped_variables.cpp:266]: invalid database object for effect/trigger: superior_firepower. use var:var_name to explicitly use variables in effects/triggers
[14:01:32][no_game_date][database_scoped_variables.cpp:266]: invalid database object for effect/trigger: base_strike. use var:var_name to explicitly use variables in effects/triggers
[14:01:32][no_game_date][database_scoped_variables.cpp:266]: invalid database object for effect/trigger: superior_firepower. use var:var_name to explicitly use variables in effects/triggers
[14:01:32][no_game_date][database_scoped_variables.cpp:266]: invalid database object for effect/trigger: base_strike. use var:var_name to explicitly use variables in effects/triggers
[14:01:32][no_game_date][database_scoped_variables.cpp:266]: invalid database object for effect/trigger: superior_firepower. use var:var_name to explicitly use variables in effects/triggers
[14:01:32][no_game_date][database_scoped_variables.cpp:266]: invalid database object for effect/trigger: base_strike. use var:var_name to explicitly use variables in effects/triggers
[14:01:32][no_game_date][database_scoped_variables.cpp:266]: invalid database object for effect/trigger: superior_firepower. use var:var_name to explicitly use variables in effects/triggers
[14:01:32][no_game_date][database_scoped_variables.cpp:266]: invalid database object for effect/trigger: base_strike. use var:var_name to explicitly use variables in effects/triggers
[14:01:32][no_game_date][database_scoped_variables.cpp:266]: invalid database object for effect/trigger: superior_firepower. use var:var_name to explicitly use variables in effects/triggers
[14:01:32][no_game_date][database_scoped_variables.cpp:266]: invalid database object for effect/trigger: base_strike. use var:var_name to explicitly use variables in effects/triggers
[14:01:32][no_game_date][database_scoped_variables.cpp:266]: invalid database object for effect/trigger: superior_firepower. use var:var_name to explicitly use variables in effects/triggers
[14:01:32][no_game_date][database_scoped_variables.cpp:266]: invalid database object for effect/trigger: base_strike. use var:var_name to explicitly use variables in effects/triggers
[14:01:32][no_game_date][database_scoped_variables.cpp:266]: invalid database object for effect/trigger: superior_firepower. use var:var_name to explicitly use variables in effects/triggers
[14:01:32][no_game_date][database_scoped_variables.cpp:266]: invalid database object for effect/trigger: base_strike. use var:var_name to explicitly use variables in effects/triggers
[14:01:32][no_game_date][database_scoped_variables.cpp:266]: invalid database object for effect/trigger: superior_firepower. use var:var_name to explicitly use variables in effects/triggers
[14:01:32][no_game_date][database_scoped_variables.cpp:266]: invalid database object for effect/trigger: base_strike. use var:var_name to explicitly use variables in effects/triggers
[14:01:32][no_game_date][database_scoped_variables.cpp:266]: invalid database object for effect/trigger: superior_firepower. use var:var_name to explicitly use variables in effects/triggers
[14:01:32][no_game_date][database_scoped_variables.cpp:266]: invalid database object for effect/trigger: base_strike. use var:var_name to explicitly use variables in effects/triggers
[14:01:32][no_game_date][database_scoped_variables.cpp:266]: invalid database object for effect/trigger: superior_firepower. use var:var_name to explicitly use variables in effects/triggers
[14:01:32][no_game_date][database_scoped_variables.cpp:266]: invalid database object for effect/trigger: base_strike. use var:var_name to explicitly use variables in effects/triggers
[14:01:32][no_game_date][database_scoped_variables.cpp:266]: invalid database object for effect/trigger: superior_firepower. use var:var_name to explicitly use variables in effects/triggers
[14:01:32][no_game_date][database_scoped_variables.cpp:266]: invalid database object for effect/trigger: base_strike. use var:var_name to explicitly use variables in effects/triggers
[14:01:32][no_game_date][database_scoped_variables.cpp:266]: invalid database object for effect/trigger: superior_firepower. use var:var_name to explicitly use variables in effects/triggers
[14:01:32][no_game_date][database_scoped_variables.cpp:266]: invalid database object for effect/trigger: base_strike. use var:var_name to explicitly use variables in effects/triggers
[14:01:32][no_game_date][database_scoped_variables.cpp:266]: invalid database object for effect/trigger: superior_firepower. use var:var_name to explicitly use variables in effects/triggers
[14:01:32][no_game_date][database_scoped_variables.cpp:266]: invalid database object for effect/trigger: base_strike. use var:var_name to explicitly use variables in effects/triggers
[14:01:32][no_game_date][database_scoped_variables.cpp:266]: invalid database object for effect/trigger: superior_firepower. use var:var_name to explicitly use variables in effects/triggers
[14:01:32][no_game_date][database_scoped_variables.cpp:266]: invalid database object for effect/trigger: base_strike. use var:var_name to explicitly use variables in effects/triggers
[14:01:32][no_game_date][database_scoped_variables.cpp:266]: invalid database object for effect/trigger: grand_battle_plan. use var:var_name to explicitly use variables in effects/triggers
[14:01:32][no_game_date][database_scoped_variables.cpp:266]: invalid database object for effect/trigger: trench_warfare. use var:var_name to explicitly use variables in effects/triggers
[14:01:32][no_game_date][database_scoped_variables.cpp:266]: invalid database object for effect/trigger: fleet_in_being. use var:var_name to explicitly use variables in effects/triggers
[14:01:32][no_game_date][database_scoped_variables.cpp:266]: invalid database object for effect/trigger: battlefleet_concentration. use var:var_name to explicitly use variables in effects/triggers
[14:01:32][no_game_date][database_scoped_variables.cpp:266]: invalid database object for effect/trigger: superior_firepower. use var:var_name to explicitly use variables in effects/triggers
[14:01:32][no_game_date][database_scoped_variables.cpp:266]: invalid database object for effect/trigger: base_strike. use var:var_name to explicitly use variables in effects/triggers
[14:01:32][no_game_date][database_scoped_variables.cpp:266]: invalid database object for effect/trigger: superior_firepower. use var:var_name to explicitly use variables in effects/triggers
[14:01:32][no_game_date][database_scoped_variables.cpp:266]: invalid database object for effect/trigger: base_strike. use var:var_name to explicitly use variables in effects/triggers
[14:01:32][no_game_date][database_scoped_variables.cpp:266]: invalid database object for effect/trigger: superior_firepower. use var:var_name to explicitly use variables in effects/triggers
[14:01:32][no_game_date][database_scoped_variables.cpp:266]: invalid database object for effect/trigger: base_strike. use var:var_name to explicitly use variables in effects/triggers
[14:01:32][no_game_date][database_scoped_variables.cpp:266]: invalid database object for effect/trigger: superior_firepower. use var:var_name to explicitly use variables in effects/triggers
[14:01:32][no_game_date][database_scoped_variables.cpp:266]: invalid database object for effect/trigger: base_strike. use var:var_name to explicitly use variables in effects/triggers
[14:01:32][no_game_date][database_scoped_variables.cpp:266]: invalid database object for effect/trigger: superior_firepower. use var:var_name to explicitly use variables in effects/triggers
[14:01:32][no_game_date][database_scoped_variables.cpp:266]: invalid database object for effect/trigger: base_strike. use var:var_name to explicitly use variables in effects/triggers
[14:01:32][no_game_date][database_scoped_variables.cpp:266]: invalid database object for effect/trigger: superior_firepower. use var:var_name to explicitly use variables in effects/triggers
[14:01:32][no_game_date][database_scoped_variables.cpp:266]: invalid database object for effect/trigger: base_strike. use var:var_name to explicitly use variables in effects/triggers
[14:01:32][no_game_date][database_scoped_variables.cpp:266]: invalid database object for effect/trigger: superior_firepower. use var:var_name to explicitly use variables in effects/triggers
[14:01:32][no_game_date][database_scoped_variables.cpp:266]: invalid database object for effect/trigger: base_strike. use var:var_name to explicitly use variables in effects/triggers
[14:01:32][no_game_date][database_scoped_variables.cpp:266]: invalid database object for effect/trigger: superior_firepower. use var:var_name to explicitly use variables in effects/triggers
[14:01:32][no_game_date][database_scoped_variables.cpp:266]: invalid database object for effect/trigger: base_strike. use var:var_name to explicitly use variables in effects/triggers
[14:01:32][no_game_date][database_scoped_variables.cpp:266]: invalid database object for effect/trigger: superior_firepower. use var:var_name to explicitly use variables in effects/triggers
[14:01:32][no_game_date][database_scoped_variables.cpp:266]: invalid database object for effect/trigger: base_strike. use var:var_name to explicitly use variables in effects/triggers
[14:01:32][no_game_date][database_scoped_variables.cpp:266]: invalid database object for effect/trigger: superior_firepower. use var:var_name to explicitly use variables in effects/triggers
[14:01:32][no_game_date][database_scoped_variables.cpp:266]: invalid database object for effect/trigger: base_strike. use var:var_name to explicitly use variables in effects/triggers
[14:01:32][no_game_date][database_scoped_variables.cpp:266]: invalid database object for effect/trigger: superior_firepower. use var:var_name to explicitly use variables in effects/triggers
[14:01:32][no_game_date][database_scoped_variables.cpp:266]: invalid database object for effect/trigger: base_strike. use var:var_name to explicitly use variables in effects/triggers
[14:01:32][no_game_date][database_scoped_variables.cpp:266]: invalid database object for effect/trigger: superior_firepower. use var:var_name to explicitly use variables in effects/triggers
[14:01:32][no_game_date][database_scoped_variables.cpp:266]: invalid database object for effect/trigger: base_strike. use var:var_name to explicitly use variables in effects/triggers
[14:01:32][no_game_date][database_scoped_variables.cpp:266]: invalid database object for effect/trigger: superior_firepower. use var:var_name to explicitly use variables in effects/triggers
[14:01:32][no_game_date][database_scoped_variables.cpp:266]: invalid database object for effect/trigger: base_strike. use var:var_name to explicitly use variables in effects/triggers
[14:01:32][no_game_date][database_scoped_variables.cpp:266]: invalid database object for effect/trigger: superior_firepower. use var:var_name to explicitly use variables in effects/triggers
[14:01:32][no_game_date][database_scoped_variables.cpp:266]: invalid database object for effect/trigger: base_strike. use var:var_name to explicitly use variables in effects/triggers
[14:01:32][no_game_date][database_scoped_variables.cpp:266]: invalid database object for effect/trigger: superior_firepower. use var:var_name to explicitly use variables in effects/triggers
[14:01:32][no_game_date][database_scoped_variables.cpp:266]: invalid database object for effect/trigger: base_strike. use var:var_name to explicitly use variables in effects/triggers
[14:01:32][no_game_date][database_scoped_variables.cpp:266]: invalid database object for effect/trigger: superior_firepower. use var:var_name to explicitly use variables in effects/triggers
[14:01:32][no_game_date][database_scoped_variables.cpp:266]: invalid database object for effect/trigger: base_strike. use var:var_name to explicitly use variables in effects/triggers
[14:01:32][no_game_date][database_scoped_variables.cpp:266]: invalid database object for effect/trigger: superior_firepower. use var:var_name to explicitly use variables in effects/triggers
[14:01:32][no_game_date][database_scoped_variables.cpp:266]: invalid database object for effect/trigger: base_strike. use var:var_name to explicitly use variables in effects/triggers
[14:01:32][no_game_date][database_scoped_variables.cpp:266]: invalid database object for effect/trigger: air_superiority. use var:var_name to explicitly use variables in effects/triggers
[14:01:32][no_game_date][database_scoped_variables.cpp:266]: invalid database object for effect/trigger: grand_battle_plan. use var:var_name to explicitly use variables in effects/triggers
[14:01:32][no_game_date][database_scoped_variables.cpp:266]: invalid database object for effect/trigger: trench_warfare. use var:var_name to explicitly use variables in effects/triggers
[14:01:32][no_game_date][database_scoped_variables.cpp:266]: invalid database object for effect/trigger: fleet_in_being. use var:var_name to explicitly use variables in effects/triggers
[14:01:32][no_game_date][database_scoped_variables.cpp:266]: invalid database object for effect/trigger: battlefleet_concentration. use var:var_name to explicitly use variables in effects/triggers
[14:01:32][no_game_date][database_scoped_variables.cpp:266]: invalid database object for effect/trigger: convoy_sailing. use var:var_name to explicitly use variables in effects/triggers
[14:01:32][no_game_date][database_scoped_variables.cpp:266]: invalid database object for effect/trigger: superior_firepower. use var:var_name to explicitly use variables in effects/triggers
[14:01:32][no_game_date][database_scoped_variables.cpp:266]: invalid database object for effect/trigger: base_strike. use var:var_name to explicitly use variables in effects/triggers
[14:01:32][no_game_date][database_scoped_variables.cpp:266]: invalid database object for effect/trigger: superior_firepower. use var:var_name to explicitly use variables in effects/triggers
[14:01:32][no_game_date][database_scoped_variables.cpp:266]: invalid database object for effect/trigger: base_strike. use var:var_name to explicitly use variables in effects/triggers
[14:01:32][no_game_date][database_scoped_variables.cpp:266]: invalid database object for effect/trigger: superior_firepower. use var:var_name to explicitly use variables in effects/triggers
[14:01:32][no_game_date][database_scoped_variables.cpp:266]: invalid database object for effect/trigger: base_strike. use var:var_name to explicitly use variables in effects/triggers
[14:01:32][no_game_date][database_scoped_variables.cpp:266]: invalid database object for effect/trigger: superior_firepower. use var:var_name to explicitly use variables in effects/triggers
[14:01:32][no_game_date][database_scoped_variables.cpp:266]: invalid database object for effect/trigger: base_strike. use var:var_name to explicitly use variables in effects/triggers
[14:01:32][no_game_date][database_scoped_variables.cpp:266]: invalid database object for effect/trigger: superior_firepower. use var:var_name to explicitly use variables in effects/triggers
[14:01:32][no_game_date][database_scoped_variables.cpp:266]: invalid database object for effect/trigger: base_strike. use var:var_name to explicitly use variables in effects/triggers
[14:01:32][no_game_date][database_scoped_variables.cpp:266]: invalid database object for effect/trigger: superior_firepower. use var:var_name to explicitly use variables in effects/triggers
[14:01:32][no_game_date][database_scoped_variables.cpp:266]: invalid database object for effect/trigger: base_strike. use var:var_name to explicitly use variables in effects/triggers
[14:01:32][no_game_date][database_scoped_variables.cpp:266]: invalid database object for effect/trigger: superior_firepower. use var:var_name to explicitly use variables in effects/triggers
[14:01:32][no_game_date][database_scoped_variables.cpp:266]: invalid database object for effect/trigger: base_strike. use var:var_name to explicitly use variables in effects/triggers
[14:01:32][no_game_date][database_scoped_variables.cpp:266]: invalid database object for effect/trigger: superior_firepower. use var:var_name to explicitly use variables in effects/triggers
[14:01:32][no_game_date][database_scoped_variables.cpp:266]: invalid database object for effect/trigger: base_strike. use var:var_name to explicitly use variables in effects/triggers
[14:01:32][no_game_date][database_scoped_variables.cpp:266]: invalid database object for effect/trigger: superior_firepower. use var:var_name to explicitly use variables in effects/triggers
[14:01:32][no_game_date][database_scoped_variables.cpp:266]: invalid database object for effect/trigger: base_strike. use var:var_name to explicitly use variables in effects/triggers
[14:01:32][no_game_date][database_scoped_variables.cpp:266]: invalid database object for effect/trigger: basic_medium_battery. use var:var_name to explicitly use variables in effects/triggers
[14:01:32][no_game_date][database_scoped_variables.cpp:266]: invalid database object for effect/trigger: improved_airplane_launcher. use var:var_name to explicitly use variables in effects/triggers
[14:01:32][no_game_date][database_scoped_variables.cpp:266]: invalid database object for effect/trigger: superior_firepower. use var:var_name to explicitly use variables in effects/triggers
[14:01:32][no_game_date][database_scoped_variables.cpp:266]: invalid database object for effect/trigger: base_strike. use var:var_name to explicitly use variables in effects/triggers
[14:01:32][no_game_date][database_scoped_variables.cpp:266]: invalid database object for effect/trigger: superior_firepower. use var:var_name to explicitly use variables in effects/triggers
[14:01:32][no_game_date][database_scoped_variables.cpp:266]: invalid database object for effect/trigger: base_strike. use var:var_name to explicitly use variables in effects/triggers
[14:01:32][no_game_date][database_scoped_variables.cpp:266]: invalid database object for effect/trigger: superior_firepower. use var:var_name to explicitly use variables in effects/triggers
[14:01:32][no_game_date][database_scoped_variables.cpp:266]: invalid database object for effect/trigger: base_strike. use var:var_name to explicitly use variables in effects/triggers
[14:01:32][no_game_date][database_scoped_variables.cpp:266]: invalid database object for effect/trigger: superior_firepower. use var:var_name to explicitly use variables in effects/triggers
[14:01:32][no_game_date][database_scoped_variables.cpp:266]: invalid database object for effect/trigger: base_strike. use var:var_name to explicitly use variables in effects/triggers
[14:01:32][no_game_date][database_scoped_variables.cpp:266]: invalid database object for effect/trigger: superior_firepower. use var:var_name to explicitly use variables in effects/triggers
[14:01:32][no_game_date][database_scoped_variables.cpp:266]: invalid database object for effect/trigger: base_strike. use var:var_name to explicitly use variables in effects/triggers
[14:01:32][no_game_date][database_scoped_variables.cpp:266]: invalid database object for effect/trigger: superior_firepower. use var:var_name to explicitly use variables in effects/triggers
[14:01:32][no_game_date][database_scoped_variables.cpp:266]: invalid database object for effect/trigger: base_strike. use var:var_name to explicitly use variables in effects/triggers
[14:01:32][no_game_date][database_scoped_variables.cpp:266]: invalid database object for effect/trigger: superior_firepower. use var:var_name to explicitly use variables in effects/triggers
[14:01:32][no_game_date][database_scoped_variables.cpp:266]: invalid database object for effect/trigger: base_strike. use var:var_name to explicitly use variables in effects/triggers
[14:01:32][no_game_date][database_scoped_variables.cpp:266]: invalid database object for effect/trigger: superior_firepower. use var:var_name to explicitly use variables in effects/triggers
[14:01:32][no_game_date][database_scoped_variables.cpp:266]: invalid database object for effect/trigger: base_strike. use var:var_name to explicitly use variables in effects/triggers
[14:01:32][no_game_date][database_scoped_variables.cpp:266]: invalid database object for effect/trigger: superior_firepower. use var:var_name to explicitly use variables in effects/triggers
[14:01:32][no_game_date][database_scoped_variables.cpp:266]: invalid database object for effect/trigger: base_strike. use var:var_name to explicitly use variables in effects/triggers
[14:01:32][no_game_date][database_scoped_variables.cpp:266]: invalid database object for effect/trigger: superior_firepower. use var:var_name to explicitly use variables in effects/triggers
[14:01:32][no_game_date][database_scoped_variables.cpp:266]: invalid database object for effect/trigger: base_strike. use var:var_name to explicitly use variables in effects/triggers
[14:01:32][no_game_date][database_scoped_variables.cpp:266]: invalid database object for effect/trigger: superior_firepower. use var:var_name to explicitly use variables in effects/triggers
[14:01:32][no_game_date][database_scoped_variables.cpp:266]: invalid database object for effect/trigger: base_strike. use var:var_name to explicitly use variables in effects/triggers
[14:01:32][no_game_date][database_scoped_variables.cpp:266]: invalid database object for effect/trigger: basic_medium_battery. use var:var_name to explicitly use variables in effects/triggers
[14:01:32][no_game_date][database_scoped_variables.cpp:266]: invalid database object for effect/trigger: improved_airplane_launcher. use var:var_name to explicitly use variables in effects/triggers
[14:01:32][no_game_date][database_scoped_variables.cpp:266]: invalid database object for effect/trigger: superior_firepower. use var:var_name to explicitly use variables in effects/triggers
[14:01:32][no_game_date][database_scoped_variables.cpp:266]: invalid database object for effect/trigger: base_strike. use var:var_name to explicitly use variables in effects/triggers
[14:01:32][no_game_date][database_scoped_variables.cpp:266]: invalid database object for effect/trigger: superior_firepower. use var:var_name to explicitly use variables in effects/triggers
[14:01:32][no_game_date][database_scoped_variables.cpp:266]: invalid database object for effect/trigger: base_strike. use var:var_name to explicitly use variables in effects/triggers
[14:01:32][no_game_date][database_scoped_variables.cpp:266]: invalid database object for effect/trigger: superior_firepower. use var:var_name to explicitly use variables in effects/triggers
[14:01:32][no_game_date][database_scoped_variables.cpp:266]: invalid database object for effect/trigger: base_strike. use var:var_name to explicitly use variables in effects/triggers
[14:01:32][no_game_date][database_scoped_variables.cpp:266]: invalid database object for effect/trigger: superior_firepower. use var:var_name to explicitly use variables in effects/triggers
[14:01:32][no_game_date][database_scoped_variables.cpp:266]: invalid database object for effect/trigger: base_strike. use var:var_name to explicitly use variables in effects/triggers
[14:01:33][no_game_date][effectimplementation.cpp:5643]: common/decisions/BUL.txt:10026: add_country_leader_role: Invalid ideology nazism
[14:01:33][no_game_date][effectimplementation.cpp:5643]: common/decisions/BUL.txt:10074: add_country_leader_role: Invalid ideology anti_revisionism
[14:01:33][no_game_date][effectimplementation.cpp:5643]: common/decisions/CHL.txt:6942: add_country_leader_role: Invalid ideology marxism
[14:01:33][no_game_date][effectimplementation.cpp:5643]: common/decisions/CHL.txt:6951: add_country_leader_role: Invalid ideology falangism
[14:01:33][no_game_date][effectimplementation.cpp:5643]: common/decisions/CHL.txt:7325: add_country_leader_role: Invalid ideology marxism
[14:01:33][no_game_date][effectimplementation.cpp:5643]: common/decisions/CHL.txt:7334: add_country_leader_role: Invalid ideology falangism
[14:01:33][no_game_date][effectimplementation.cpp:5643]: common/decisions/CHL.txt:7906: add_country_leader_role: Invalid ideology marxism
[14:01:33][no_game_date][effectimplementation.cpp:5643]: common/decisions/CHL.txt:7915: add_country_leader_role: Invalid ideology falangism
[14:01:33][no_game_date][effectimplementation.cpp:5643]: common/decisions/CHL.txt:8354: add_country_leader_role: Invalid ideology marxism
[14:01:33][no_game_date][effectimplementation.cpp:5643]: common/decisions/CHL.txt:8363: add_country_leader_role: Invalid ideology falangism
[14:01:33][no_game_date][effectimplementation.cpp:17578]: : invalid on_win event for start border war
[14:01:33][no_game_date][effectimplementation.cpp:17591]: : invalid on_lose event for start border war
[14:01:33][no_game_date][effectimplementation.cpp:17604]: : invalid on_cancel event for start border war
[14:01:33][no_game_date][effectimplementation.cpp:17578]: : invalid on_win event for start border war
[14:01:33][no_game_date][effectimplementation.cpp:17591]: : invalid on_lose event for start border war
[14:01:33][no_game_date][effectimplementation.cpp:17604]: : invalid on_cancel event for start border war
[14:01:33][no_game_date][effectimplementation.cpp:17578]: : invalid on_win event for start border war
[14:01:33][no_game_date][effectimplementation.cpp:17591]: : invalid on_lose event for start border war
[14:01:33][no_game_date][effectimplementation.cpp:17604]: : invalid on_cancel event for start border war
[14:01:33][no_game_date][effectimplementation.cpp:17578]: : invalid on_win event for start border war
[14:01:33][no_game_date][effectimplementation.cpp:17591]: : invalid on_lose event for start border war
[14:01:33][no_game_date][effectimplementation.cpp:17604]: : invalid on_cancel event for start border war
[14:01:33][no_game_date][effectimplementation.cpp:17578]: : invalid on_win event for start border war
[14:01:33][no_game_date][effectimplementation.cpp:17591]: : invalid on_lose event for start border war
[14:01:33][no_game_date][effectimplementation.cpp:17604]: : invalid on_cancel event for start border war
[14:01:33][no_game_date][effectimplementation.cpp:17578]: : invalid on_win event for start border war
[14:01:33][no_game_date][effectimplementation.cpp:17591]: : invalid on_lose event for start border war
[14:01:33][no_game_date][effectimplementation.cpp:17604]: : invalid on_cancel event for start border war
[14:01:33][no_game_date][effectimplementation.cpp:17578]: : invalid on_win event for start border war
[14:01:33][no_game_date][effectimplementation.cpp:17591]: : invalid on_lose event for start border war
[14:01:33][no_game_date][effectimplementation.cpp:17604]: : invalid on_cancel event for start border war
[14:01:33][no_game_date][effectimplementation.cpp:17578]: : invalid on_win event for start border war
[14:01:33][no_game_date][effectimplementation.cpp:17591]: : invalid on_lose event for start border war
[14:01:33][no_game_date][effectimplementation.cpp:17604]: : invalid on_cancel event for start border war
[14:01:33][no_game_date][effectimplementation.cpp:5643]: common/decisions/GER.txt:12843: add_country_leader_role: Invalid ideology nazism
[14:01:33][no_game_date][effectimplementation.cpp:17578]: : invalid on_win event for start border war
[14:01:33][no_game_date][effectimplementation.cpp:17591]: : invalid on_lose event for start border war
[14:01:33][no_game_date][effectimplementation.cpp:17604]: : invalid on_cancel event for start border war
[14:01:33][no_game_date][effectimplementation.cpp:17578]: : invalid on_win event for start border war
[14:01:33][no_game_date][effectimplementation.cpp:17591]: : invalid on_lose event for start border war
[14:01:33][no_game_date][effectimplementation.cpp:17604]: : invalid on_cancel event for start border war
[14:01:33][no_game_date][effectimplementation.cpp:17578]: : invalid on_win event for start border war
[14:01:33][no_game_date][effectimplementation.cpp:17591]: : invalid on_lose event for start border war
[14:01:33][no_game_date][effectimplementation.cpp:17578]: : invalid on_win event for start border war
[14:01:33][no_game_date][effectimplementation.cpp:17591]: : invalid on_lose event for start border war
[14:01:33][no_game_date][effectimplementation.cpp:5643]: common/decisions/formable_nation_decisions.txt:11957: add_country_leader_role: Invalid ideology gen_nazism
[14:01:33][no_game_date][effectimplementation.cpp:5643]: common/national_focus/argentina.txt:1533: add_country_leader_role: Invalid ideology gen_nazism
[14:01:33][no_game_date][effectimplementation.cpp:5789]: common/national_focus/austria.txt:2197: remove_country_leader_role: Invalid ideology marxism
[14:01:33][no_game_date][effectimplementation.cpp:5789]: common/national_focus/austria.txt:2224: remove_country_leader_role: Invalid ideology leninism
[14:01:33][no_game_date][effectimplementation.cpp:5789]: common/national_focus/austria.txt:2281: remove_country_leader_role: Invalid ideology marxism
[14:01:33][no_game_date][effectimplementation.cpp:5643]: common/national_focus/austria.txt:2287: add_country_leader_role: Invalid ideology leninism
[14:01:33][no_game_date][effectimplementation.cpp:5643]: common/national_focus/belgium.txt:2825: add_country_leader_role: Invalid ideology rexism
[14:01:33][no_game_date][effectimplementation.cpp:5643]: common/national_focus/belgium.txt:5718: add_country_leader_role: Invalid ideology marxism
[14:01:33][no_game_date][effectimplementation.cpp:5643]: common/national_focus/brazil.txt:5829: add_country_leader_role: Invalid ideology marxism
[14:01:33][no_game_date][effectimplementation.cpp:5643]: common/national_focus/brazil.txt:5868: add_country_leader_role: Invalid ideology marxism
[14:01:33][no_game_date][effectimplementation.cpp:5643]: common/national_focus/brazil.txt:5904: add_country_leader_role: Invalid ideology anarchist_communism
[14:01:33][no_game_date][effectimplementation.cpp:482]: common/national_focus/china_communist.txt:140: create_country_leader: Invalid ideology marxism
[14:01:33][no_game_date][effectimplementation.cpp:482]: common/national_focus/china_communist.txt:563: create_country_leader: Invalid ideology marxism
[14:01:33][no_game_date][effectimplementation.cpp:5643]: common/national_focus/china_communist_sea.txt:961: add_country_leader_role: Invalid ideology marxism
[14:01:33][no_game_date][effectimplementation.cpp:5643]: common/national_focus/china_communist_sea.txt:4755: add_country_leader_role: Invalid ideology leninism
[14:01:33][no_game_date][effectimplementation.cpp:5643]: common/national_focus/china_communist_sea.txt:5588: add_country_leader_role: Invalid ideology marxism
[14:01:33][no_game_date][effectimplementation.cpp:5643]: common/national_focus/china_warlord_sea.txt:5195: add_country_leader_role: Invalid ideology anti_revisionism
[14:01:33][no_game_date][effectimplementation.cpp:5643]: common/national_focus/china_warlord_sea.txt:5217: add_country_leader_role: Invalid ideology rexism
[14:01:33][no_game_date][effectimplementation.cpp:5643]: common/national_focus/china_warlord_sea.txt:5806: add_country_leader_role: Invalid ideology anti_revisionism
[14:01:33][no_game_date][effectimplementation.cpp:5643]: common/national_focus/china_warlord_sea.txt:5828: add_country_leader_role: Invalid ideology rexism
[14:01:33][no_game_date][effectimplementation.cpp:482]: common/national_focus/france.txt:5385: create_country_leader: Invalid ideology rexism
[14:01:33][no_game_date][effectimplementation.cpp:482]: common/national_focus/france.txt:6187: create_country_leader: Invalid ideology nazism
[14:01:33][no_game_date][effect.cpp:811]: common/national_focus/generic_mil_basic.txt:869: add_tech_bonus: Unknown technology category cl_tech
[14:01:33][no_game_date][effectimplementation.cpp:5643]: common/national_focus/germany.txt:22147: add_country_leader_role: Invalid ideology leninism
[14:01:33][no_game_date][effectimplementation.cpp:5643]: common/national_focus/greece.txt:1322: add_country_leader_role: Invalid ideology marxism
[14:01:33][no_game_date][effectimplementation.cpp:5643]: common/national_focus/hungary.txt:1239: add_country_leader_role: Invalid ideology nazism
[14:01:33][no_game_date][effectimplementation.cpp:5643]: common/national_focus/hungary.txt:1441: add_country_leader_role: Invalid ideology nazism
[14:01:33][no_game_date][effectimplementation.cpp:482]: common/national_focus/hungary.txt:2555: create_country_leader: Invalid ideology marxism
[14:01:33][no_game_date][effectimplementation.cpp:5643]: common/national_focus/hungary_wuw.txt:5892: add_country_leader_role: Invalid ideology nazism
[14:01:33][no_game_date][effectimplementation.cpp:5643]: common/national_focus/india.txt:911: add_country_leader_role: Invalid ideology nazism
[14:01:33][no_game_date][effectimplementation.cpp:5643]: common/national_focus/india_goe.txt:9584: add_country_leader_role: Invalid ideology marxism
[14:01:33][no_game_date][effectimplementation.cpp:5643]: common/national_focus/india_goe.txt:14145: add_country_leader_role: Invalid ideology marxism
[14:01:33][no_game_date][effectimplementation.cpp:5643]: common/national_focus/italy.txt:18714: add_country_leader_role: Invalid ideology marxism
[14:01:33][no_game_date][effectimplementation.cpp:5789]: common/national_focus/italy.txt:20539: remove_country_leader_role: Invalid ideology marxism
[14:01:33][no_game_date][effectimplementation.cpp:5643]: common/national_focus/japan.txt:5863: add_country_leader_role: Invalid ideology emperor_fascism
[14:01:33][no_game_date][effectimplementation.cpp:5643]: common/national_focus/japan.txt:5891: add_country_leader_role: Invalid ideology emperor_fascism
[14:01:33][no_game_date][effectimplementation.cpp:5643]: common/national_focus/japan.txt:5913: add_country_leader_role: Invalid ideology emperor_fascism
[14:01:33][no_game_date][effectimplementation.cpp:5643]: common/national_focus/japan.txt:7282: add_country_leader_role: Invalid ideology japan_militarism_ideology
[14:01:33][no_game_date][effectimplementation.cpp:5643]: common/national_focus/japan.txt:7444: add_country_leader_role: Invalid ideology japan_militarism_ideology
[14:01:33][no_game_date][effectimplementation.cpp:5643]: common/national_focus/japan.txt:7504: add_country_leader_role: Invalid ideology japan_militarism_ideology
[14:01:33][no_game_date][effectimplementation.cpp:5643]: common/national_focus/japan.txt:7565: add_country_leader_role: Invalid ideology japan_militarism_ideology
[14:01:33][no_game_date][effectimplementation.cpp:5643]: common/national_focus/japan.txt:8848: add_country_leader_role: Invalid ideology emperor_fascism
[14:01:33][no_game_date][effectimplementation.cpp:5643]: common/national_focus/japan.txt:8866: add_country_leader_role: Invalid ideology emperor_fascism
[14:01:33][no_game_date][effectimplementation.cpp:5643]: common/national_focus/japan.txt:9856: add_country_leader_role: Invalid ideology emperor_fascism
[14:01:33][no_game_date][effectimplementation.cpp:5643]: common/national_focus/japan.txt:9923: add_country_leader_role: Invalid ideology emperor_fascism
[14:01:33][no_game_date][effectimplementation.cpp:5643]: common/national_focus/japan.txt:9990: add_country_leader_role: Invalid ideology emperor_fascism
[14:01:33][no_game_date][effectimplementation.cpp:5643]: common/national_focus/japan.txt:10753: add_country_leader_role: Invalid ideology emperor_fascism
[14:01:33][no_game_date][effectimplementation.cpp:5643]: common/national_focus/manchukuo.txt:1164: add_country_leader_role: Invalid ideology emperor_fascism
[14:01:33][no_game_date][effectimplementation.cpp:5643]: common/national_focus/manchukuo.txt:1904: add_country_leader_role: Invalid ideology emperor_fascism
[14:01:33][no_game_date][effectimplementation.cpp:5643]: common/national_focus/manchukuo_TSR.txt:3965: add_country_leader_role: Invalid ideology emperor_fascism
[14:01:33][no_game_date][effectimplementation.cpp:5643]: common/national_focus/mexico.txt:384: add_country_leader_role: Invalid ideology marxism
[14:01:33][no_game_date][effectimplementation.cpp:5643]: common/national_focus/mexico.txt:412: add_country_leader_role: Invalid ideology marxism
[14:01:33][no_game_date][effectimplementation.cpp:5643]: common/national_focus/mexico.txt:4008: add_country_leader_role: Invalid ideology leninism
[14:01:33][no_game_date][effectimplementation.cpp:5643]: common/national_focus/persia.txt:13256: add_country_leader_role: Invalid ideology nazism
[14:01:33][no_game_date][effectimplementation.cpp:5643]: common/national_focus/soviet.txt:11633: add_country_leader_role: Invalid ideology marxism
[14:01:33][no_game_date][effectimplementation.cpp:5643]: common/national_focus/spain.txt:1312: add_country_leader_role: Invalid ideology falangism
[14:01:33][no_game_date][effectimplementation.cpp:5643]: common/national_focus/spain.txt:1327: add_country_leader_role: Invalid ideology falangism
[14:01:33][no_game_date][effectimplementation.cpp:5789]: common/national_focus/spain.txt:1642: remove_country_leader_role: Invalid ideology falangism
[14:01:33][no_game_date][effectimplementation.cpp:482]: common/national_focus/spain.txt:7973: create_country_leader: Invalid ideology anarchist_communism
[14:01:33][no_game_date][effectimplementation.cpp:482]: common/national_focus/spain.txt:7983: create_country_leader: Invalid ideology anarchism
[14:01:33][no_game_date][effectimplementation.cpp:482]: common/national_focus/spain.txt:8019: create_country_leader: Invalid ideology anarchist_communism
[14:01:33][no_game_date][effectimplementation.cpp:5643]: common/national_focus/switzerland.txt:7743: add_country_leader_role: Invalid ideology gen_nazism
[14:01:33][no_game_date][effectimplementation.cpp:5643]: common/national_focus/switzerland.txt:7807: add_country_leader_role: Invalid ideology gen_nazism
[14:01:33][no_game_date][effectimplementation.cpp:5789]: common/national_focus/switzerland.txt:7816: remove_country_leader_role: Invalid ideology nazism
[14:01:33][no_game_date][effectimplementation.cpp:5643]: common/national_focus/turkey.txt:469: add_country_leader_role: Invalid ideology rexism
[14:01:33][no_game_date][effectimplementation.cpp:5643]: common/national_focus/turkey.txt:1666: add_country_leader_role: Invalid ideology marxism
[14:01:33][no_game_date][effectimplementation.cpp:5643]: common/national_focus/turkey.txt:1917: add_country_leader_role: Invalid ideology rexism
[14:01:33][no_game_date][effectimplementation.cpp:2250]: common/national_focus/uk.txt:9924: swap_ideas: Invalid idea: wartime_industry_focus. If you wanted to reference a variable, you need to explicitly prefix it with var: or temp_var:.
[14:01:33][no_game_date][effectimplementation.cpp:482]: common/national_focus/uk.txt:12270: create_country_leader: Invalid ideology leninism
[14:01:33][no_game_date][effectimplementation.cpp:2250]: common/national_focus/usa.txt:261: swap_ideas: Invalid idea: USA_armed_forces_desegregation. If you wanted to reference a variable, you need to explicitly prefix it with var: or temp_var:.
[14:01:33][no_game_date][effectimplementation.cpp:2250]: common/national_focus/usa.txt:261: swap_ideas: Invalid idea: USA_full_desegregation. If you wanted to reference a variable, you need to explicitly prefix it with var: or temp_var:.
[14:01:33][no_game_date][effectimplementation.cpp:2250]: common/national_focus/usa.txt:2269: swap_ideas: Invalid idea: USA_limited_intervention. If you wanted to reference a variable, you need to explicitly prefix it with var: or temp_var:.
[14:01:33][no_game_date][effectimplementation.cpp:2250]: common/national_focus/usa.txt:2269: swap_ideas: Invalid idea: USA_lend_lease_act_li. If you wanted to reference a variable, you need to explicitly prefix it with var: or temp_var:.
[14:01:33][no_game_date][effectimplementation.cpp:2250]: common/national_focus/usa.txt:2280: swap_ideas: Invalid idea: USA_neutrality_act_aat. If you wanted to reference a variable, you need to explicitly prefix it with var: or temp_var:.
[14:01:33][no_game_date][effectimplementation.cpp:2250]: common/national_focus/usa.txt:2280: swap_ideas: Invalid idea: USA_lend_lease_act_na. If you wanted to reference a variable, you need to explicitly prefix it with var: or temp_var:.
[14:01:33][no_game_date][effectimplementation.cpp:2250]: common/national_focus/usa.txt:2286: swap_ideas: Invalid idea: USA_neutrality_act. If you wanted to reference a variable, you need to explicitly prefix it with var: or temp_var:.
[14:01:33][no_game_date][effectimplementation.cpp:2250]: common/national_focus/usa.txt:2286: swap_ideas: Invalid idea: USA_lend_lease_act_na. If you wanted to reference a variable, you need to explicitly prefix it with var: or temp_var:.
[14:01:33][no_game_date][effect.cpp:811]: common/national_focus/usa.txt:3089: add_timed_idea: Invalid idea: USA_adjusted_compensation_payment. If you wanted to reference a variable, you need to explicitly prefix it with var: or temp_var:.
[14:01:33][no_game_date][effectimplementation.cpp:2250]: common/national_focus/usa.txt:3580: swap_ideas: Invalid idea: USA_banking_sector_deregulation. If you wanted to reference a variable, you need to explicitly prefix it with var: or temp_var:.
[14:01:33][no_game_date][effectimplementation.cpp:2250]: common/national_focus/usa.txt:3580: swap_ideas: Invalid idea: USA_national_employment_strategy. If you wanted to reference a variable, you need to explicitly prefix it with var: or temp_var:.
[14:01:33][no_game_date][effectimplementation.cpp:2250]: common/national_focus/usa.txt:6045: swap_ideas: Invalid idea: USA_war_department. If you wanted to reference a variable, you need to explicitly prefix it with var: or temp_var:.
[14:01:33][no_game_date][effectimplementation.cpp:2250]: common/national_focus/usa.txt:6045: swap_ideas: Invalid idea: USA_department_of_defense. If you wanted to reference a variable, you need to explicitly prefix it with var: or temp_var:.
[14:01:33][no_game_date][effectimplementation.cpp:482]: history/countries/BRI - Brittany.txt:267: create_country_leader: Invalid ideology nazism
[14:01:33][no_game_date][effectimplementation.cpp:482]: history/countries/CAT - Catalonia.txt:82: create_country_leader: Invalid ideology marxism
[14:01:33][no_game_date][effectimplementation.cpp:482]: history/countries/DNZ - Danzig.txt:106: create_country_leader: Invalid ideology nazism
[14:01:33][no_game_date][effectimplementation.cpp:482]: history/countries/GLC - Galicia.txt:77: create_country_leader: Invalid ideology marxism
[14:01:33][no_game_date][effectimplementation.cpp:482]: history/countries/JOR - Jordan.txt:115: create_country_leader: Invalid ideology leninism
[14:01:33][no_game_date][effectimplementation.cpp:482]: history/countries/LBA - Libya.txt:114: create_country_leader: Invalid ideology leninism
[14:01:33][no_game_date][effectimplementation.cpp:482]: history/countries/LEB - Lebanon.txt:114: create_country_leader: Invalid ideology leninism
[14:01:33][no_game_date][effectimplementation.cpp:482]: history/countries/NAV - Navarra.txt:77: create_country_leader: Invalid ideology marxism
[14:01:33][no_game_date][effectimplementation.cpp:482]: history/countries/PAK - Pakistan.txt:164: create_country_leader: Invalid ideology marxism
[14:01:33][no_game_date][effectimplementation.cpp:482]: history/countries/PAL - Palestine.txt:124: create_country_leader: Invalid ideology leninism
[14:01:33][no_game_date][effectimplementation.cpp:482]: history/countries/SMI - Sami.txt:80: create_country_leader: Invalid ideology marxism
[14:01:33][no_game_date][effectimplementation.cpp:482]: history/countries/WGR - West Germany.txt:188: create_country_leader: Invalid ideology nazism
[14:01:33][no_game_date][effectimplementation.cpp:482]: history/countries/ZIM - Zimbabwe.txt:80: create_country_leader: Invalid ideology nazism
[14:01:33][no_game_date][effectimplementation.cpp:5789]: common/scripted_effects/AUS_scripted_effects.txt:4: remove_country_leader_role: Invalid ideology nazism
[14:01:33][no_game_date][effectimplementation.cpp:5789]: common/scripted_effects/AUS_scripted_effects.txt:58: remove_country_leader_role: Invalid ideology nazism
[14:01:33][no_game_date][effectimplementation.cpp:5789]: common/scripted_effects/AUS_scripted_effects.txt:88: remove_country_leader_role: Invalid ideology nazism
[14:01:33][no_game_date][effectimplementation.cpp:5789]: common/scripted_effects/AUS_scripted_effects.txt:93: remove_country_leader_role: Invalid ideology nazism
[14:01:33][no_game_date][effectimplementation.cpp:5643]: common/scripted_effects/DEN_scripted_effects.txt:3983: add_country_leader_role: Invalid ideology nazism
[14:01:33][no_game_date][effectimplementation.cpp:5643]: common/scripted_effects/ITA_scripted_effects.txt:4631: add_country_leader_role: Invalid ideology marxism
[14:01:33][no_game_date][effectimplementation.cpp:5643]: common/scripted_effects/ITA_scripted_effects.txt:4706: add_country_leader_role: Invalid ideology marxism
[14:01:33][no_game_date][effectimplementation.cpp:5643]: common/scripted_effects/ITA_scripted_effects.txt:4718: add_country_leader_role: Invalid ideology marxism
[14:01:33][no_game_date][effectimplementation.cpp:5643]: common/scripted_effects/JAP_scripted_effects.txt:1154: add_country_leader_role: Invalid ideology emperor_fascism
[14:01:33][no_game_date][effectimplementation.cpp:5643]: common/scripted_effects/JAP_scripted_effects.txt:1934: add_country_leader_role: Invalid ideology emperor_fascism
[14:01:33][no_game_date][effectimplementation.cpp:5643]: common/scripted_effects/POL_scripted_effects.txt:354: add_country_leader_role: Invalid ideology falangism
[14:01:33][no_game_date][effectimplementation.cpp:5643]: common/scripted_effects/SOV_scripted_effects.txt:7362: add_country_leader_role: Invalid ideology marxism
[14:01:33][no_game_date][effectimplementation.cpp:5643]: common/scripted_effects/SOV_scripted_effects.txt:7375: add_country_leader_role: Invalid ideology marxism
[14:01:33][no_game_date][effectimplementation.cpp:5643]: common/scripted_effects/SOV_scripted_effects.txt:7388: add_country_leader_role: Invalid ideology marxism
[14:01:33][no_game_date][effectimplementation.cpp:5643]: common/scripted_effects/SOV_scripted_effects.txt:7401: add_country_leader_role: Invalid ideology marxism
[14:01:33][no_game_date][effectimplementation.cpp:5643]: common/scripted_effects/SOV_scripted_effects.txt:7414: add_country_leader_role: Invalid ideology marxism
[14:01:33][no_game_date][effectimplementation.cpp:5643]: common/scripted_effects/SOV_scripted_effects.txt:7427: add_country_leader_role: Invalid ideology marxism
[14:01:33][no_game_date][effectimplementation.cpp:5643]: common/scripted_effects/SWI_scripted_effects.txt:2767: add_country_leader_role: Invalid ideology anarchist_communism
[14:01:33][no_game_date][effectimplementation.cpp:5643]: common/scripted_effects/SWI_scripted_effects.txt:2776: add_country_leader_role: Invalid ideology marxism
[14:01:33][no_game_date][effectimplementation.cpp:2250]: common/scripted_effects/USA_scripted_effects.txt:16: swap_ideas: Invalid idea: great_depression_2. If you wanted to reference a variable, you need to explicitly prefix it with var: or temp_var:.
[14:01:33][no_game_date][effectimplementation.cpp:2250]: common/scripted_effects/USA_scripted_effects.txt:16: swap_ideas: Invalid idea: great_depression. If you wanted to reference a variable, you need to explicitly prefix it with var: or temp_var:.
[14:01:33][no_game_date][effectimplementation.cpp:2250]: common/scripted_effects/USA_scripted_effects.txt:23: swap_ideas: Invalid idea: great_depression_3. If you wanted to reference a variable, you need to explicitly prefix it with var: or temp_var:.
[14:01:33][no_game_date][effectimplementation.cpp:2250]: common/scripted_effects/USA_scripted_effects.txt:23: swap_ideas: Invalid idea: great_depression_2. If you wanted to reference a variable, you need to explicitly prefix it with var: or temp_var:.
[14:01:33][no_game_date][effectimplementation.cpp:2250]: common/scripted_effects/USA_scripted_effects.txt:41: swap_ideas: Invalid idea: great_depression_2. If you wanted to reference a variable, you need to explicitly prefix it with var: or temp_var:.
[14:01:33][no_game_date][effectimplementation.cpp:2250]: common/scripted_effects/USA_scripted_effects.txt:41: swap_ideas: Invalid idea: great_depression_3. If you wanted to reference a variable, you need to explicitly prefix it with var: or temp_var:.
[14:01:33][no_game_date][effectimplementation.cpp:2250]: common/scripted_effects/USA_scripted_effects.txt:49: swap_ideas: Invalid idea: great_depression. If you wanted to reference a variable, you need to explicitly prefix it with var: or temp_var:.
[14:01:33][no_game_date][effectimplementation.cpp:2250]: common/scripted_effects/USA_scripted_effects.txt:49: swap_ideas: Invalid idea: great_depression_2. If you wanted to reference a variable, you need to explicitly prefix it with var: or temp_var:.
[14:01:33][no_game_date][effectimplementation.cpp:5643]: common/scripted_effects/WTT_warlord_scripted_effects.txt:130: add_country_leader_role: Invalid ideology anti_revisionism
[14:01:33][no_game_date][effectimplementation.cpp:5643]: common/scripted_effects/WTT_warlord_scripted_effects.txt:153: add_country_leader_role: Invalid ideology rexism
[14:01:33][no_game_date][effectimplementation.cpp:5643]: common/scripted_effects/WTT_warlord_scripted_effects.txt:169: add_country_leader_role: Invalid ideology anti_revisionism
[14:01:33][no_game_date][effectimplementation.cpp:5643]: common/scripted_effects/WTT_warlord_scripted_effects.txt:192: add_country_leader_role: Invalid ideology rexism
[14:01:33][no_game_date][effectimplementation.cpp:5643]: common/scripted_effects/WTT_warlord_scripted_effects.txt:208: add_country_leader_role: Invalid ideology anti_revisionism
[14:01:33][no_game_date][effectimplementation.cpp:5643]: common/scripted_effects/WTT_warlord_scripted_effects.txt:230: add_country_leader_role: Invalid ideology rexism
[14:01:33][no_game_date][effectimplementation.cpp:5643]: common/scripted_effects/WTT_warlord_scripted_effects.txt:246: add_country_leader_role: Invalid ideology anti_revisionism
[14:01:33][no_game_date][effectimplementation.cpp:5643]: common/scripted_effects/WTT_warlord_scripted_effects.txt:268: add_country_leader_role: Invalid ideology rexism
[14:01:33][no_game_date][effectimplementation.cpp:5643]: common/scripted_effects/WTT_warlord_scripted_effects.txt:288: add_country_leader_role: Invalid ideology anti_revisionism
[14:01:33][no_game_date][effectimplementation.cpp:5643]: common/scripted_effects/WTT_warlord_scripted_effects.txt:310: add_country_leader_role: Invalid ideology rexism
[14:01:33][no_game_date][effectimplementation.cpp:5643]: common/scripted_effects/WTT_warlord_scripted_effects.txt:328: add_country_leader_role: Invalid ideology anti_revisionism
[14:01:33][no_game_date][effectimplementation.cpp:5643]: common/scripted_effects/WTT_warlord_scripted_effects.txt:350: add_country_leader_role: Invalid ideology rexism
[14:01:33][no_game_date][effectimplementation.cpp:5643]: common/scripted_effects/WTT_warlord_scripted_effects.txt:369: add_country_leader_role: Invalid ideology anti_revisionism
[14:01:33][no_game_date][effectimplementation.cpp:5643]: common/scripted_effects/WTT_warlord_scripted_effects.txt:391: add_country_leader_role: Invalid ideology rexism
[14:01:33][no_game_date][effectimplementation.cpp:5643]: common/scripted_effects/WTT_warlord_scripted_effects.txt:429: add_country_leader_role: Invalid ideology rexism
[14:01:33][no_game_date][effectimplementation.cpp:5643]: common/scripted_effects/WTT_warlord_scripted_effects.txt:445: add_country_leader_role: Invalid ideology anti_revisionism
[14:01:33][no_game_date][effectimplementation.cpp:5643]: common/scripted_effects/WTT_warlord_scripted_effects.txt:468: add_country_leader_role: Invalid ideology rexism
[14:01:33][no_game_date][effectimplementation.cpp:5643]: common/scripted_effects/WTT_warlord_scripted_effects.txt:487: add_country_leader_role: Invalid ideology anti_revisionism
[14:01:33][no_game_date][effectimplementation.cpp:5643]: common/scripted_effects/WTT_warlord_scripted_effects.txt:510: add_country_leader_role: Invalid ideology rexism
[14:01:33][no_game_date][effectimplementation.cpp:5643]: common/scripted_effects/WTT_warlord_scripted_effects.txt:527: add_country_leader_role: Invalid ideology anti_revisionism
[14:01:33][no_game_date][effectimplementation.cpp:5643]: common/scripted_effects/WTT_warlord_scripted_effects.txt:550: add_country_leader_role: Invalid ideology rexism
[14:01:33][no_game_date][effectimplementation.cpp:5643]: common/scripted_effects/WTT_warlord_scripted_effects.txt:566: add_country_leader_role: Invalid ideology anti_revisionism
[14:01:33][no_game_date][effectimplementation.cpp:5643]: common/scripted_effects/WTT_warlord_scripted_effects.txt:589: add_country_leader_role: Invalid ideology rexism
[14:01:33][no_game_date][effectimplementation.cpp:5643]: common/scripted_effects/WTT_warlord_scripted_effects.txt:605: add_country_leader_role: Invalid ideology anti_revisionism
[14:01:33][no_game_date][effectimplementation.cpp:5643]: common/scripted_effects/WTT_warlord_scripted_effects.txt:628: add_country_leader_role: Invalid ideology rexism
[14:01:33][no_game_date][effectimplementation.cpp:5643]: common/scripted_effects/WTT_warlord_scripted_effects.txt:645: add_country_leader_role: Invalid ideology anti_revisionism
[14:01:33][no_game_date][effectimplementation.cpp:5643]: common/scripted_effects/WTT_warlord_scripted_effects.txt:668: add_country_leader_role: Invalid ideology rexism
[14:01:33][no_game_date][effectimplementation.cpp:5643]: common/scripted_effects/WTT_warlord_scripted_effects.txt:687: add_country_leader_role: Invalid ideology anti_revisionism
[14:01:33][no_game_date][effectimplementation.cpp:5643]: common/scripted_effects/WTT_warlord_scripted_effects.txt:710: add_country_leader_role: Invalid ideology rexism
[14:01:33][no_game_date][effectimplementation.cpp:5643]: common/scripted_effects/WTT_warlord_scripted_effects.txt:726: add_country_leader_role: Invalid ideology anti_revisionism
[14:01:33][no_game_date][effectimplementation.cpp:5643]: common/scripted_effects/WTT_warlord_scripted_effects.txt:749: add_country_leader_role: Invalid ideology rexism
[14:01:33][no_game_date][effectimplementation.cpp:5643]: common/scripted_effects/WTT_warlord_scripted_effects.txt:765: add_country_leader_role: Invalid ideology anti_revisionism
[14:01:33][no_game_date][effectimplementation.cpp:5643]: common/scripted_effects/WTT_warlord_scripted_effects.txt:788: add_country_leader_role: Invalid ideology rexism
[14:01:33][no_game_date][effectimplementation.cpp:5643]: common/scripted_effects/WTT_warlord_scripted_effects.txt:804: add_country_leader_role: Invalid ideology anti_revisionism
[14:01:33][no_game_date][effectimplementation.cpp:5643]: common/scripted_effects/WTT_warlord_scripted_effects.txt:827: add_country_leader_role: Invalid ideology rexism
[14:01:33][no_game_date][effectimplementation.cpp:5789]: events/BBA_Italy.txt:6997: remove_country_leader_role: Invalid ideology marxism
[14:01:33][no_game_date][effectimplementation.cpp:5789]: events/BBA_Italy.txt:7026: remove_country_leader_role: Invalid ideology marxism
[14:01:33][no_game_date][effectimplementation.cpp:5789]: events/BBA_Italy.txt:7043: remove_country_leader_role: Invalid ideology marxism
[14:01:33][no_game_date][effectimplementation.cpp:5789]: events/BBA_Italy.txt:7436: remove_country_leader_role: Invalid ideology marxism
[14:01:33][no_game_date][effectimplementation.cpp:5789]: events/BBA_Italy.txt:7465: remove_country_leader_role: Invalid ideology marxism
[14:01:33][no_game_date][effectimplementation.cpp:5643]: events/SEA_Japan.txt:140: add_country_leader_role: Invalid ideology japan_militarism_ideology
[14:01:33][no_game_date][effectimplementation.cpp:5643]: events/SEA_Japan.txt:3389: add_country_leader_role: Invalid ideology japan_militarism_ideology
[14:01:33][no_game_date][effectimplementation.cpp:5643]: events/SEA_Japan.txt:3398: add_country_leader_role: Invalid ideology emperor_fascism
[14:01:33][no_game_date][effectimplementation.cpp:5643]: events/SEA_Japan.txt:3412: add_country_leader_role: Invalid ideology japan_militarism_ideology
[14:01:33][no_game_date][effectimplementation.cpp:5643]: events/SEA_Japan.txt:3421: add_country_leader_role: Invalid ideology emperor_fascism
[14:01:33][no_game_date][effectimplementation.cpp:5643]: events/SEA_Japan.txt:3492: add_country_leader_role: Invalid ideology japan_militarism_ideology
[14:01:33][no_game_date][effectimplementation.cpp:5643]: events/SEA_Japan.txt:3501: add_country_leader_role: Invalid ideology emperor_fascism
[14:01:33][no_game_date][effectimplementation.cpp:5643]: events/SEA_Japan.txt:3564: add_country_leader_role: Invalid ideology japan_militarism_ideology
[14:01:33][no_game_date][effectimplementation.cpp:5643]: events/SEA_Japan.txt:3573: add_country_leader_role: Invalid ideology emperor_fascism
[14:01:33][no_game_date][effectimplementation.cpp:5643]: events/SEA_Japan.txt:3839: add_country_leader_role: Invalid ideology japan_militarism_ideology
[14:01:33][no_game_date][effectimplementation.cpp:5643]: events/SEA_Japan.txt:3930: add_country_leader_role: Invalid ideology japan_militarism_ideology
[14:01:33][no_game_date][effectimplementation.cpp:5643]: events/SEA_Japan.txt:4016: add_country_leader_role: Invalid ideology emperor_fascism
[14:01:33][no_game_date][effectimplementation.cpp:5643]: events/SEA_Japan.txt:4127: add_country_leader_role: Invalid ideology japan_militarism_ideology
[14:01:33][no_game_date][effectimplementation.cpp:5643]: events/SEA_Japan.txt:4218: add_country_leader_role: Invalid ideology japan_militarism_ideology
[14:01:33][no_game_date][effectimplementation.cpp:5643]: events/SEA_Japan.txt:4304: add_country_leader_role: Invalid ideology emperor_fascism
[14:01:33][no_game_date][effectimplementation.cpp:5643]: events/SEA_Japan.txt:4463: add_country_leader_role: Invalid ideology emperor_fascism
[14:01:33][no_game_date][effectimplementation.cpp:5643]: events/SEA_Japan.txt:4764: add_country_leader_role: Invalid ideology japan_militarism_ideology
[14:01:33][no_game_date][effectimplementation.cpp:5643]: events/SEA_Japan.txt:4858: add_country_leader_role: Invalid ideology japan_militarism_ideology
[14:01:33][no_game_date][effectimplementation.cpp:5643]: events/SEA_Japan.txt:4948: add_country_leader_role: Invalid ideology japan_militarism_ideology
[14:01:33][no_game_date][effectimplementation.cpp:5643]: events/SEA_Japan.txt:5065: add_country_leader_role: Invalid ideology japan_militarism_ideology
[14:01:33][no_game_date][effectimplementation.cpp:5643]: events/SEA_Japan.txt:5159: add_country_leader_role: Invalid ideology japan_militarism_ideology
[14:01:33][no_game_date][effectimplementation.cpp:5643]: events/SEA_Japan.txt:5249: add_country_leader_role: Invalid ideology japan_militarism_ideology
[14:01:33][no_game_date][effectimplementation.cpp:5643]: events/SEA_Japan.txt:5448: add_country_leader_role: Invalid ideology japan_militarism_ideology
[14:01:33][no_game_date][effectimplementation.cpp:5643]: events/SEA_Japan.txt:5533: add_country_leader_role: Invalid ideology japan_militarism_ideology
[14:01:33][no_game_date][effectimplementation.cpp:5643]: events/SEA_Japan.txt:5613: add_country_leader_role: Invalid ideology emperor_fascism
[14:01:33][no_game_date][effectimplementation.cpp:5643]: events/SEA_Japan.txt:9017: add_country_leader_role: Invalid ideology japan_militarism_ideology
[14:01:33][no_game_date][effectimplementation.cpp:5643]: events/SEA_Japan.txt:9030: add_country_leader_role: Invalid ideology falangism
[14:01:33][no_game_date][effectimplementation.cpp:5643]: events/SEA_Japan.txt:9057: add_country_leader_role: Invalid ideology japan_militarism_ideology
[14:01:33][no_game_date][effectimplementation.cpp:5643]: events/SEA_Japan.txt:11490: add_country_leader_role: Invalid ideology marxism
[14:01:33][no_game_date][effectimplementation.cpp:5643]: events/SEA_Japan.txt:11534: add_country_leader_role: Invalid ideology marxism
[14:01:33][no_game_date][effectimplementation.cpp:5643]: events/SEA_Japan.txt:11553: add_country_leader_role: Invalid ideology marxism
[14:01:33][no_game_date][effectimplementation.cpp:5643]: events/SEA_Japan.txt:11572: add_country_leader_role: Invalid ideology marxism
[14:01:33][no_game_date][effectimplementation.cpp:5643]: events/SEA_Japan.txt:11922: add_country_leader_role: Invalid ideology buddhist_socialism
[14:01:33][no_game_date][effectimplementation.cpp:5643]: events/SEA_Japan.txt:12320: add_country_leader_role: Invalid ideology emperor_fascism
[14:01:33][no_game_date][effectimplementation.cpp:5643]: events/SEA_Japan.txt:12368: add_country_leader_role: Invalid ideology emperor_fascism
[14:01:33][no_game_date][effectimplementation.cpp:5643]: events/SEA_Japan.txt:12674: add_country_leader_role: Invalid ideology populism
[14:01:33][no_game_date][effectimplementation.cpp:5643]: events/SEA_Japan.txt:12717: add_country_leader_role: Invalid ideology gen_nazism
[14:01:33][no_game_date][effectimplementation.cpp:5643]: events/SEA_Philippines.txt:832: add_country_leader_role: Invalid ideology marxism
[14:01:33][no_game_date][effectimplementation.cpp:5643]: events/SEA_Philippines.txt:854: add_country_leader_role: Invalid ideology marxism
[14:01:33][no_game_date][effectimplementation.cpp:5643]: events/SEA_Philippines.txt:1070: add_country_leader_role: Invalid ideology falangism
[14:01:33][no_game_date][effectimplementation.cpp:5643]: events/SEA_Philippines.txt:1176: add_country_leader_role: Invalid ideology falangism
[14:01:33][no_game_date][effectimplementation.cpp:5643]: events/SEA_Philippines.txt:1211: add_country_leader_role: Invalid ideology falangism
[14:01:33][no_game_date][effectimplementation.cpp:5643]: events/SEA_Philippines.txt:1246: add_country_leader_role: Invalid ideology falangism
[14:01:33][no_game_date][effectimplementation.cpp:5643]: events/SEA_Warlords.txt:108: add_country_leader_role: Invalid ideology anti_revisionism
[14:01:33][no_game_date][effectimplementation.cpp:5643]: events/SEA_Warlords.txt:130: add_country_leader_role: Invalid ideology rexism
[14:01:33][no_game_date][effectimplementation.cpp:5643]: events/SEA_Warlords.txt:2116: add_country_leader_role: Invalid ideology japan_militarism_ideology
[14:01:33][no_game_date][effectimplementation.cpp:5643]: events/SEA_Warlords.txt:2125: add_country_leader_role: Invalid ideology emperor_fascism
[14:01:33][no_game_date][effectimplementation.cpp:5643]: events/TSR_Manchukuo.txt:49: add_country_leader_role: Invalid ideology emperor_fascism
[14:01:33][no_game_date][effectimplementation.cpp:5643]: events/TSR_Manchukuo.txt:72: add_country_leader_role: Invalid ideology emperor_fascism
[14:01:33][no_game_date][effectimplementation.cpp:5643]: events/WUW_Belgium.txt:228: add_country_leader_role: Invalid ideology rexism
[14:01:33][no_game_date][effectimplementation.cpp:5643]: events/WUW_Belgium.txt:3188: add_country_leader_role: Invalid ideology marxism
[14:01:33][no_game_date][effectimplementation.cpp:5643]: events/WUW_Belgium.txt:3211: add_country_leader_role: Invalid ideology marxism
[14:01:33][no_game_date][effectimplementation.cpp:5643]: events/WUW_Congo.txt:1588: add_country_leader_role: Invalid ideology marxism
[14:01:33][no_game_date][effectimplementation.cpp:5643]: events/WUW_Congo.txt:1636: add_country_leader_role: Invalid ideology marxism
[14:01:33][no_game_date][effectimplementation.cpp:5643]: events/WUW_Hungary.txt:4851: add_country_leader_role: Invalid ideology marxism
[14:01:33][no_game_date][effectimplementation.cpp:5643]: events/ss_recruitment_event.txt:1566: add_country_leader_role: Invalid ideology nazism
[14:01:33][no_game_date][effectimplementation.cpp:5643]: events/ss_recruitment_event.txt:1679: add_country_leader_role: Invalid ideology nazism
[14:01:33][no_game_date][effectimplementation.cpp:5643]: common/on_actions/04_mtg_on_actions.txt:617: add_country_leader_role: Invalid ideology marxism
[14:01:33][no_game_date][effectimplementation.cpp:5643]: common/on_actions/04_mtg_on_actions.txt:626: add_country_leader_role: Invalid ideology falangism
[14:01:33][no_game_date][effectimplementation.cpp:5643]: common/on_actions/04_mtg_on_actions.txt:906: add_country_leader_role: Invalid ideology marxism
[14:01:33][no_game_date][effectimplementation.cpp:5643]: common/on_actions/04_mtg_on_actions.txt:915: add_country_leader_role: Invalid ideology falangism
[14:01:33][no_game_date][effectimplementation.cpp:5643]: common/on_actions/04_mtg_on_actions.txt:1006: add_country_leader_role: Invalid ideology marxism
[14:01:33][no_game_date][effectimplementation.cpp:5643]: common/on_actions/04_mtg_on_actions.txt:1015: add_country_leader_role: Invalid ideology falangism
[14:01:33][no_game_date][effectimplementation.cpp:5643]: common/on_actions/04_mtg_on_actions.txt:1061: add_country_leader_role: Invalid ideology marxism
[14:01:33][no_game_date][effectimplementation.cpp:5643]: common/on_actions/04_mtg_on_actions.txt:1070: add_country_leader_role: Invalid ideology falangism
[14:01:33][no_game_date][state.cpp:719]: Error: Province with id: 4973 is already added to state "Khotan" ( with id: 1042 ), adding it to state "Taklamakan" ( with id: 287) and thus overriding first state.
[14:01:33][no_game_date][state.cpp:719]: Error: Province with id: 10911 is already added to state "Khotan" ( with id: 1042 ), adding it to state "Taklamakan" ( with id: 287) and thus overriding first state.
[14:01:33][no_game_date][state.cpp:719]: Error: Province with id: 4288 is already added to state "Central Islands" ( with id: 624 ), adding it to state "Manila" ( with id: 327) and thus overriding first state.
[14:01:33][no_game_date][state.cpp:719]: Error: Province with id: 10272 is already added to state "Central Islands" ( with id: 624 ), adding it to state "Manila" ( with id: 327) and thus overriding first state.
[14:01:33][no_game_date][state.cpp:719]: Error: Province with id: 12299 is already added to state "Singapore" ( with id: 1021 ), adding it to state "Malaya" ( with id: 336) and thus overriding first state.
[14:01:33][no_game_date][state.cpp:719]: Error: Province with id: 1970 is already added to state "Khotan" ( with id: 1042 ), adding it to state "Yarkand" ( with id: 619) and thus overriding first state.
[14:01:33][no_game_date][state.cpp:719]: Error: Province with id: 8112 is already added to state "Khotan" ( with id: 1042 ), adding it to state "Yarkand" ( with id: 619) and thus overriding first state.
[14:01:33][no_game_date][state.cpp:719]: Error: Province with id: 4288 is already added to state "Manila" ( with id: 327 ), adding it to state "Central Islands" ( with id: 624) and thus overriding first state.
[14:01:33][no_game_date][state.cpp:719]: Error: Province with id: 10272 is already added to state "Manila" ( with id: 327 ), adding it to state "Central Islands" ( with id: 624) and thus overriding first state.
[14:01:33][no_game_date][state.cpp:719]: Error: Province with id: 1099 is already added to state "Nanjing" ( with id: 1035 ), adding it to state "Huangshan" ( with id: 749) and thus overriding first state.
[14:01:33][no_game_date][state.cpp:719]: Error: Province with id: 12299 is already added to state "Malaya" ( with id: 336 ), adding it to state "Singapore" ( with id: 1021) and thus overriding first state.
[14:01:33][no_game_date][state.cpp:719]: Error: Province with id: 1099 is already added to state "Huangshan" ( with id: 749 ), adding it to state "Nanjing" ( with id: 1035) and thus overriding first state.
[14:01:33][no_game_date][state.cpp:719]: Error: Province with id: 1970 is already added to state "Yarkand" ( with id: 619 ), adding it to state "Khotan" ( with id: 1042) and thus overriding first state.
[14:01:33][no_game_date][state.cpp:719]: Error: Province with id: 4973 is already added to state "Taklamakan" ( with id: 287 ), adding it to state "Khotan" ( with id: 1042) and thus overriding first state.
[14:01:33][no_game_date][state.cpp:719]: Error: Province with id: 8112 is already added to state "Yarkand" ( with id: 619 ), adding it to state "Khotan" ( with id: 1042) and thus overriding first state.
[14:01:33][no_game_date][state.cpp:719]: Error: Province with id: 10911 is already added to state "Taklamakan" ( with id: 287 ), adding it to state "Khotan" ( with id: 1042) and thus overriding first state.
[14:01:33][no_game_date][strategicregion.cpp:326]: Province '8085' added twice to strategic area Middle East(28)
[14:01:33][no_game_date][strategicregion.cpp:326]: Province '10744' added twice to strategic area Middle East(28)
[14:01:33][no_game_date][strategicregion.cpp:326]: Province '12879' added twice to strategic area Middle East(28)
[14:01:33][no_game_date][strategicregion.cpp:326]: Province '1552' added twice to strategic area Angola(224)
[14:01:33][no_game_date][strategicregion.cpp:326]: Province '2126' added twice to strategic area Angola(224)
[14:01:33][no_game_date][strategicregion.cpp:326]: Province '4735' added twice to strategic area Angola(224)
[14:01:33][no_game_date][strategicregion.cpp:326]: Province '8054' added twice to strategic area Angola(224)
[14:01:33][no_game_date][strategicregion.cpp:326]: Province '5074' added twice to strategic area South Arabia(236)
[14:01:33][no_game_date][strategicregion.cpp:332]: Province has added another strategic region as theirs. Might be duplicates of this province in strategic regions templates. ProvinceID  = 4558 first region: Pakistan(190) overridden by: Ngari(251)
[14:01:33][no_game_date][strategicregion.cpp:332]: Province has added another strategic region as theirs. Might be duplicates of this province in strategic regions templates. ProvinceID  = 12717 first region: Pakistan(190) overridden by: Ngari(251)
[14:01:33][no_game_date][strategicregion.cpp:332]: Province has added another strategic region as theirs. Might be duplicates of this province in strategic regions templates. ProvinceID  = 12763 first region: Pakistan(190) overridden by: Ngari(251)
[14:01:33][no_game_date][strategicregion.cpp:326]: Province '5117' added twice to strategic area West Congo(272)
[14:01:33][no_game_date][strategicregion.cpp:326]: Province '10025' added twice to strategic area West Congo(272)
[14:01:33][no_game_date][strategicregion.cpp:326]: Province '10968' added twice to strategic area West Congo(272)
[14:01:33][no_game_date][strategicregion.cpp:326]: Province '12775' added twice to strategic area West Congo(272)
[14:01:33][no_game_date][strategicregion.cpp:326]: Province '12896' added twice to strategic area West Congo(272)
[14:01:33][no_game_date][strategicregion.cpp:326]: Province '12925' added twice to strategic area West Congo(272)
[14:01:33][no_game_date][strategicregion.cpp:326]: Province '12945' added twice to strategic area West Congo(272)
[14:01:33][no_game_date][strategicregion.cpp:326]: Province '13365' added twice to strategic area West Congo(272)
[14:01:33][no_game_date][strategicregion.cpp:332]: Province has added another strategic region as theirs. Might be duplicates of this province in strategic regions templates. ProvinceID  = 1948 first region: North Afghanistan(162) overridden by: South Afghanistan(289)
[14:01:33][no_game_date][strategicregion.cpp:332]: Province has added another strategic region as theirs. Might be duplicates of this province in strategic regions templates. ProvinceID  = 1995 first region: North Afghanistan(162) overridden by: South Afghanistan(289)
[14:01:33][no_game_date][strategicregion.cpp:332]: Province has added another strategic region as theirs. Might be duplicates of this province in strategic regions templates. ProvinceID  = 2017 first region: North Afghanistan(162) overridden by: South Afghanistan(289)
[14:01:33][no_game_date][strategicregion.cpp:332]: Province has added another strategic region as theirs. Might be duplicates of this province in strategic regions templates. ProvinceID  = 2062 first region: North Afghanistan(162) overridden by: South Afghanistan(289)
[14:01:33][no_game_date][strategicregion.cpp:332]: Province has added another strategic region as theirs. Might be duplicates of this province in strategic regions templates. ProvinceID  = 2078 first region: North Afghanistan(162) overridden by: South Afghanistan(289)
[14:01:33][no_game_date][strategicregion.cpp:332]: Province has added another strategic region as theirs. Might be duplicates of this province in strategic regions templates. ProvinceID  = 2101 first region: North Afghanistan(162) overridden by: South Afghanistan(289)
[14:01:33][no_game_date][strategicregion.cpp:332]: Province has added another strategic region as theirs. Might be duplicates of this province in strategic regions templates. ProvinceID  = 4893 first region: North Afghanistan(162) overridden by: South Afghanistan(289)
[14:01:33][no_game_date][strategicregion.cpp:332]: Province has added another strategic region as theirs. Might be duplicates of this province in strategic regions templates. ProvinceID  = 4949 first region: North Afghanistan(162) overridden by: South Afghanistan(289)
[14:01:33][no_game_date][strategicregion.cpp:332]: Province has added another strategic region as theirs. Might be duplicates of this province in strategic regions templates. ProvinceID  = 5020 first region: North Afghanistan(162) overridden by: South Afghanistan(289)
[14:01:33][no_game_date][strategicregion.cpp:332]: Province has added another strategic region as theirs. Might be duplicates of this province in strategic regions templates. ProvinceID  = 5064 first region: North Afghanistan(162) overridden by: South Afghanistan(289)
[14:01:33][no_game_date][strategicregion.cpp:332]: Province has added another strategic region as theirs. Might be duplicates of this province in strategic regions templates. ProvinceID  = 8053 first region: North Afghanistan(162) overridden by: South Afghanistan(289)
[14:01:33][no_game_date][strategicregion.cpp:332]: Province has added another strategic region as theirs. Might be duplicates of this province in strategic regions templates. ProvinceID  = 8090 first region: North Afghanistan(162) overridden by: South Afghanistan(289)
[14:01:33][no_game_date][strategicregion.cpp:332]: Province has added another strategic region as theirs. Might be duplicates of this province in strategic regions templates. ProvinceID  = 10476 first region: North Afghanistan(162) overridden by: South Afghanistan(289)
[14:01:33][no_game_date][strategicregion.cpp:332]: Province has added another strategic region as theirs. Might be duplicates of this province in strategic regions templates. ProvinceID  = 10789 first region: North Afghanistan(162) overridden by: South Afghanistan(289)
[14:01:33][no_game_date][strategicregion.cpp:332]: Province has added another strategic region as theirs. Might be duplicates of this province in strategic regions templates. ProvinceID  = 12788 first region: North Afghanistan(162) overridden by: South Afghanistan(289)
[14:01:33][no_game_date][strategicregion.cpp:332]: Province has added another strategic region as theirs. Might be duplicates of this province in strategic regions templates. ProvinceID  = 12871 first region: North Afghanistan(162) overridden by: South Afghanistan(289)
[14:01:33][no_game_date][strategicregion.cpp:332]: Province has added another strategic region as theirs. Might be duplicates of this province in strategic regions templates. ProvinceID  = 1159 first region: Eastern India(141) overridden by: Bengal(290)
[14:01:33][no_game_date][strategicregion.cpp:332]: Province has added another strategic region as theirs. Might be duplicates of this province in strategic regions templates. ProvinceID  = 1444 first region: Eastern India(141) overridden by: Bengal(290)
[14:01:33][no_game_date][strategicregion.cpp:332]: Province has added another strategic region as theirs. Might be duplicates of this province in strategic regions templates. ProvinceID  = 1541 first region: Eastern India(141) overridden by: Bengal(290)
[14:01:33][no_game_date][strategicregion.cpp:332]: Province has added another strategic region as theirs. Might be duplicates of this province in strategic regions templates. ProvinceID  = 1569 first region: Eastern India(141) overridden by: Bengal(290)
[14:01:33][no_game_date][strategicregion.cpp:332]: Province has added another strategic region as theirs. Might be duplicates of this province in strategic regions templates. ProvinceID  = 1609 first region: Eastern India(141) overridden by: Bengal(290)
[14:01:33][no_game_date][strategicregion.cpp:332]: Province has added another strategic region as theirs. Might be duplicates of this province in strategic regions templates. ProvinceID  = 1637 first region: Eastern India(141) overridden by: Bengal(290)
[14:01:33][no_game_date][strategicregion.cpp:332]: Province has added another strategic region as theirs. Might be duplicates of this province in strategic regions templates. ProvinceID  = 1656 first region: Eastern India(141) overridden by: Bengal(290)
[14:01:33][no_game_date][strategicregion.cpp:332]: Province has added another strategic region as theirs. Might be duplicates of this province in strategic regions templates. ProvinceID  = 2843 first region: Eastern India(141) overridden by: Bengal(290)
[14:01:33][no_game_date][strategicregion.cpp:332]: Province has added another strategic region as theirs. Might be duplicates of this province in strategic regions templates. ProvinceID  = 4062 first region: Eastern India(141) overridden by: Bengal(290)
[14:01:33][no_game_date][strategicregion.cpp:332]: Province has added another strategic region as theirs. Might be duplicates of this province in strategic regions templates. ProvinceID  = 4162 first region: Eastern India(141) overridden by: Bengal(290)
[14:01:33][no_game_date][strategicregion.cpp:332]: Province has added another strategic region as theirs. Might be duplicates of this province in strategic regions templates. ProvinceID  = 4204 first region: Eastern India(141) overridden by: Bengal(290)
[14:01:33][no_game_date][strategicregion.cpp:332]: Province has added another strategic region as theirs. Might be duplicates of this province in strategic regions templates. ProvinceID  = 4245 first region: Eastern India(141) overridden by: Bengal(290)
[14:01:33][no_game_date][strategicregion.cpp:332]: Province has added another strategic region as theirs. Might be duplicates of this province in strategic regions templates. ProvinceID  = 4459 first region: Eastern India(141) overridden by: Bengal(290)
[14:01:33][no_game_date][strategicregion.cpp:332]: Province has added another strategic region as theirs. Might be duplicates of this province in strategic regions templates. ProvinceID  = 4516 first region: Eastern India(141) overridden by: Bengal(290)
[14:01:33][no_game_date][strategicregion.cpp:332]: Province has added another strategic region as theirs. Might be duplicates of this province in strategic regions templates. ProvinceID  = 4544 first region: Eastern India(141) overridden by: Bengal(290)
[14:01:33][no_game_date][strategicregion.cpp:332]: Province has added another strategic region as theirs. Might be duplicates of this province in strategic regions templates. ProvinceID  = 4571 first region: Eastern India(141) overridden by: Bengal(290)
[14:01:33][no_game_date][strategicregion.cpp:332]: Province has added another strategic region as theirs. Might be duplicates of this province in strategic regions templates. ProvinceID  = 4616 first region: Eastern India(141) overridden by: Bengal(290)
[14:01:33][no_game_date][strategicregion.cpp:332]: Province has added another strategic region as theirs. Might be duplicates of this province in strategic regions templates. ProvinceID  = 4644 first region: Eastern India(141) overridden by: Bengal(290)
[14:01:33][no_game_date][strategicregion.cpp:332]: Province has added another strategic region as theirs. Might be duplicates of this province in strategic regions templates. ProvinceID  = 7078 first region: Eastern India(141) overridden by: Bengal(290)
[14:01:33][no_game_date][strategicregion.cpp:332]: Province has added another strategic region as theirs. Might be duplicates of this province in strategic regions templates. ProvinceID  = 7124 first region: Eastern India(141) overridden by: Bengal(290)
[14:01:33][no_game_date][strategicregion.cpp:332]: Province has added another strategic region as theirs. Might be duplicates of this province in strategic regions templates. ProvinceID  = 7179 first region: Eastern India(141) overridden by: Bengal(290)
[14:01:33][no_game_date][strategicregion.cpp:332]: Province has added another strategic region as theirs. Might be duplicates of this province in strategic regions templates. ProvinceID  = 7220 first region: Eastern India(141) overridden by: Bengal(290)
[14:01:33][no_game_date][strategicregion.cpp:332]: Province has added another strategic region as theirs. Might be duplicates of this province in strategic regions templates. ProvinceID  = 7334 first region: Eastern India(141) overridden by: Bengal(290)
[14:01:33][no_game_date][strategicregion.cpp:332]: Province has added another strategic region as theirs. Might be duplicates of this province in strategic regions templates. ProvinceID  = 7475 first region: Eastern India(141) overridden by: Bengal(290)
[14:01:33][no_game_date][strategicregion.cpp:332]: Province has added another strategic region as theirs. Might be duplicates of this province in strategic regions templates. ProvinceID  = 7537 first region: Eastern India(141) overridden by: Bengal(290)
[14:01:33][no_game_date][strategicregion.cpp:332]: Province has added another strategic region as theirs. Might be duplicates of this province in strategic regions templates. ProvinceID  = 7565 first region: Eastern India(141) overridden by: Bengal(290)
[14:01:33][no_game_date][strategicregion.cpp:332]: Province has added another strategic region as theirs. Might be duplicates of this province in strategic regions templates. ProvinceID  = 7593 first region: Eastern India(141) overridden by: Bengal(290)
[14:01:33][no_game_date][strategicregion.cpp:332]: Province has added another strategic region as theirs. Might be duplicates of this province in strategic regions templates. ProvinceID  = 7662 first region: Eastern India(141) overridden by: Bengal(290)
[14:01:33][no_game_date][strategicregion.cpp:332]: Province has added another strategic region as theirs. Might be duplicates of this province in strategic regions templates. ProvinceID  = 9935 first region: Eastern India(141) overridden by: Bengal(290)
[14:01:33][no_game_date][strategicregion.cpp:332]: Province has added another strategic region as theirs. Might be duplicates of this province in strategic regions templates. ProvinceID  = 9991 first region: Eastern India(141) overridden by: Bengal(290)
[14:01:33][no_game_date][strategicregion.cpp:332]: Province has added another strategic region as theirs. Might be duplicates of this province in strategic regions templates. ProvinceID  = 9993 first region: Eastern India(141) overridden by: Bengal(290)
[14:01:33][no_game_date][strategicregion.cpp:332]: Province has added another strategic region as theirs. Might be duplicates of this province in strategic regions templates. ProvinceID  = 10035 first region: Eastern India(141) overridden by: Bengal(290)
[14:01:33][no_game_date][strategicregion.cpp:332]: Province has added another strategic region as theirs. Might be duplicates of this province in strategic regions templates. ProvinceID  = 10077 first region: Eastern India(141) overridden by: Bengal(290)
[14:01:33][no_game_date][strategicregion.cpp:332]: Province has added another strategic region as theirs. Might be duplicates of this province in strategic regions templates. ProvinceID  = 10358 first region: Eastern India(141) overridden by: Bengal(290)
[14:01:33][no_game_date][strategicregion.cpp:332]: Province has added another strategic region as theirs. Might be duplicates of this province in strategic regions templates. ProvinceID  = 10361 first region: Eastern India(141) overridden by: Bengal(290)
[14:01:33][no_game_date][strategicregion.cpp:332]: Province has added another strategic region as theirs. Might be duplicates of this province in strategic regions templates. ProvinceID  = 10389 first region: Eastern India(141) overridden by: Bengal(290)
[14:01:33][no_game_date][strategicregion.cpp:332]: Province has added another strategic region as theirs. Might be duplicates of this province in strategic regions templates. ProvinceID  = 10416 first region: Eastern India(141) overridden by: Bengal(290)
[14:01:33][no_game_date][strategicregion.cpp:332]: Province has added another strategic region as theirs. Might be duplicates of this province in strategic regions templates. ProvinceID  = 10443 first region: Eastern India(141) overridden by: Bengal(290)
[14:01:33][no_game_date][strategicregion.cpp:332]: Province has added another strategic region as theirs. Might be duplicates of this province in strategic regions templates. ProvinceID  = 10471 first region: Eastern India(141) overridden by: Bengal(290)
[14:01:33][no_game_date][strategicregion.cpp:332]: Province has added another strategic region as theirs. Might be duplicates of this province in strategic regions templates. ProvinceID  = 10751 first region: Eastern India(141) overridden by: Bengal(290)
[14:01:33][no_game_date][strategicregion.cpp:332]: Province has added another strategic region as theirs. Might be duplicates of this province in strategic regions templates. ProvinceID  = 10878 first region: Eastern India(141) overridden by: Bengal(290)
[14:01:33][no_game_date][strategicregion.cpp:332]: Province has added another strategic region as theirs. Might be duplicates of this province in strategic regions templates. ProvinceID  = 11911 first region: Eastern India(141) overridden by: Bengal(290)
[14:01:33][no_game_date][strategicregion.cpp:332]: Province has added another strategic region as theirs. Might be duplicates of this province in strategic regions templates. ProvinceID  = 11929 first region: Eastern India(141) overridden by: Bengal(290)
[14:01:33][no_game_date][strategicregion.cpp:332]: Province has added another strategic region as theirs. Might be duplicates of this province in strategic regions templates. ProvinceID  = 11968 first region: Eastern India(141) overridden by: Bengal(290)
[14:01:33][no_game_date][strategicregion.cpp:332]: Province has added another strategic region as theirs. Might be duplicates of this province in strategic regions templates. ProvinceID  = 12010 first region: Eastern India(141) overridden by: Bengal(290)
[14:01:33][no_game_date][strategicregion.cpp:332]: Province has added another strategic region as theirs. Might be duplicates of this province in strategic regions templates. ProvinceID  = 12035 first region: Eastern India(141) overridden by: Bengal(290)
[14:01:33][no_game_date][strategicregion.cpp:332]: Province has added another strategic region as theirs. Might be duplicates of this province in strategic regions templates. ProvinceID  = 12050 first region: Eastern India(141) overridden by: Bengal(290)
[14:01:33][no_game_date][strategicregion.cpp:332]: Province has added another strategic region as theirs. Might be duplicates of this province in strategic regions templates. ProvinceID  = 12307 first region: Eastern India(141) overridden by: Bengal(290)
[14:01:33][no_game_date][strategicregion.cpp:332]: Province has added another strategic region as theirs. Might be duplicates of this province in strategic regions templates. ProvinceID  = 12338 first region: Eastern India(141) overridden by: Bengal(290)
[14:01:33][no_game_date][strategicregion.cpp:332]: Province has added another strategic region as theirs. Might be duplicates of this province in strategic regions templates. ProvinceID  = 12423 first region: Eastern India(141) overridden by: Bengal(290)
[14:01:33][no_game_date][strategicregion.cpp:332]: Province has added another strategic region as theirs. Might be duplicates of this province in strategic regions templates. ProvinceID  = 12452 first region: Eastern India(141) overridden by: Bengal(290)
[14:01:33][no_game_date][strategicregion.cpp:332]: Province has added another strategic region as theirs. Might be duplicates of this province in strategic regions templates. ProvinceID  = 1179 first region: Pakistan(190) overridden by: Baluchistan(291)
[14:01:33][no_game_date][strategicregion.cpp:332]: Province has added another strategic region as theirs. Might be duplicates of this province in strategic regions templates. ProvinceID  = 5043 first region: Pakistan(190) overridden by: Baluchistan(291)
[14:01:33][no_game_date][strategicregion.cpp:332]: Province has added another strategic region as theirs. Might be duplicates of this province in strategic regions templates. ProvinceID  = 5075 first region: Pakistan(190) overridden by: Baluchistan(291)
[14:01:33][no_game_date][strategicregion.cpp:332]: Province has added another strategic region as theirs. Might be duplicates of this province in strategic regions templates. ProvinceID  = 5105 first region: Pakistan(190) overridden by: Baluchistan(291)
[14:01:33][no_game_date][strategicregion.cpp:332]: Province has added another strategic region as theirs. Might be duplicates of this province in strategic regions templates. ProvinceID  = 7049 first region: Pakistan(190) overridden by: Baluchistan(291)
[14:01:33][no_game_date][strategicregion.cpp:332]: Province has added another strategic region as theirs. Might be duplicates of this province in strategic regions templates. ProvinceID  = 7917 first region: Pakistan(190) overridden by: Baluchistan(291)
[14:01:33][no_game_date][strategicregion.cpp:332]: Province has added another strategic region as theirs. Might be duplicates of this province in strategic regions templates. ProvinceID  = 8013 first region: Pakistan(190) overridden by: Baluchistan(291)
[14:01:33][no_game_date][strategicregion.cpp:332]: Province has added another strategic region as theirs. Might be duplicates of this province in strategic regions templates. ProvinceID  = 8044 first region: Pakistan(190) overridden by: Baluchistan(291)
[14:01:33][no_game_date][strategicregion.cpp:332]: Province has added another strategic region as theirs. Might be duplicates of this province in strategic regions templates. ProvinceID  = 8066 first region: Pakistan(190) overridden by: Baluchistan(291)
[14:01:33][no_game_date][strategicregion.cpp:332]: Province has added another strategic region as theirs. Might be duplicates of this province in strategic regions templates. ProvinceID  = 8098 first region: Pakistan(190) overridden by: Baluchistan(291)
[14:01:33][no_game_date][strategicregion.cpp:332]: Province has added another strategic region as theirs. Might be duplicates of this province in strategic regions templates. ProvinceID  = 12761 first region: Pakistan(190) overridden by: Baluchistan(291)
[14:01:33][no_game_date][strategicregion.cpp:332]: Province has added another strategic region as theirs. Might be duplicates of this province in strategic regions templates. ProvinceID  = 12774 first region: Pakistan(190) overridden by: Baluchistan(291)
[14:01:33][no_game_date][strategicregion.cpp:332]: Province has added another strategic region as theirs. Might be duplicates of this province in strategic regions templates. ProvinceID  = 1170 first region: Tenasserim(189) overridden by: Shan States(292)
[14:01:33][no_game_date][strategicregion.cpp:332]: Province has added another strategic region as theirs. Might be duplicates of this province in strategic regions templates. ProvinceID  = 1566 first region: Tenasserim(189) overridden by: Shan States(292)
[14:01:33][no_game_date][strategicregion.cpp:332]: Province has added another strategic region as theirs. Might be duplicates of this province in strategic regions templates. ProvinceID  = 1607 first region: Tenasserim(189) overridden by: Shan States(292)
[14:01:33][no_game_date][strategicregion.cpp:332]: Province has added another strategic region as theirs. Might be duplicates of this province in strategic regions templates. ProvinceID  = 2061 first region: Tenasserim(189) overridden by: Shan States(292)
[14:01:33][no_game_date][strategicregion.cpp:332]: Province has added another strategic region as theirs. Might be duplicates of this province in strategic regions templates. ProvinceID  = 4175 first region: Tenasserim(189) overridden by: Shan States(292)
[14:01:33][no_game_date][strategicregion.cpp:332]: Province has added another strategic region as theirs. Might be duplicates of this province in strategic regions templates. ProvinceID  = 4210 first region: Tenasserim(189) overridden by: Shan States(292)
[14:01:33][no_game_date][strategicregion.cpp:332]: Province has added another strategic region as theirs. Might be duplicates of this province in strategic regions templates. ProvinceID  = 4654 first region: Tenasserim(189) overridden by: Shan States(292)
[14:01:33][no_game_date][strategicregion.cpp:332]: Province has added another strategic region as theirs. Might be duplicates of this province in strategic regions templates. ProvinceID  = 7400 first region: Tenasserim(189) overridden by: Shan States(292)
[14:01:33][no_game_date][strategicregion.cpp:332]: Province has added another strategic region as theirs. Might be duplicates of this province in strategic regions templates. ProvinceID  = 7603 first region: Tenasserim(189) overridden by: Shan States(292)
[14:01:33][no_game_date][strategicregion.cpp:332]: Province has added another strategic region as theirs. Might be duplicates of this province in strategic regions templates. ProvinceID  = 7647 first region: Tenasserim(189) overridden by: Shan States(292)
[14:01:33][no_game_date][strategicregion.cpp:332]: Province has added another strategic region as theirs. Might be duplicates of this province in strategic regions templates. ProvinceID  = 7909 first region: Tenasserim(189) overridden by: Shan States(292)
[14:01:33][no_game_date][strategicregion.cpp:332]: Province has added another strategic region as theirs. Might be duplicates of this province in strategic regions templates. ProvinceID  = 7974 first region: Tenasserim(189) overridden by: Shan States(292)
[14:01:33][no_game_date][strategicregion.cpp:332]: Province has added another strategic region as theirs. Might be duplicates of this province in strategic regions templates. ProvinceID  = 10920 first region: Tenasserim(189) overridden by: Shan States(292)
[14:01:33][no_game_date][strategicregion.cpp:332]: Province has added another strategic region as theirs. Might be duplicates of this province in strategic regions templates. ProvinceID  = 12317 first region: Tenasserim(189) overridden by: Shan States(292)
[14:01:33][no_game_date][strategicregion.cpp:332]: Province has added another strategic region as theirs. Might be duplicates of this province in strategic regions templates. ProvinceID  = 12363 first region: Tenasserim(189) overridden by: Shan States(292)
[14:01:33][no_game_date][strategicregion.cpp:332]: Province has added another strategic region as theirs. Might be duplicates of this province in strategic regions templates. ProvinceID  = 1296 first region: Tenasserim(189) overridden by: Tenasserim(293)
[14:01:33][no_game_date][strategicregion.cpp:332]: Province has added another strategic region as theirs. Might be duplicates of this province in strategic regions templates. ProvinceID  = 1315 first region: Tenasserim(189) overridden by: Tenasserim(293)
[14:01:33][no_game_date][strategicregion.cpp:332]: Province has added another strategic region as theirs. Might be duplicates of this province in strategic regions templates. ProvinceID  = 1385 first region: Tenasserim(189) overridden by: Tenasserim(293)
[14:01:33][no_game_date][strategicregion.cpp:332]: Province has added another strategic region as theirs. Might be duplicates of this province in strategic regions templates. ProvinceID  = 1403 first region: Tenasserim(189) overridden by: Tenasserim(293)
[14:01:33][no_game_date][strategicregion.cpp:332]: Province has added another strategic region as theirs. Might be duplicates of this province in strategic regions templates. ProvinceID  = 1417 first region: Tenasserim(189) overridden by: Tenasserim(293)
[14:01:33][no_game_date][strategicregion.cpp:332]: Province has added another strategic region as theirs. Might be duplicates of this province in strategic regions templates. ProvinceID  = 4275 first region: Tenasserim(189) overridden by: Tenasserim(293)
[14:01:33][no_game_date][strategicregion.cpp:332]: Province has added another strategic region as theirs. Might be duplicates of this province in strategic regions templates. ProvinceID  = 4293 first region: Tenasserim(189) overridden by: Tenasserim(293)
[14:01:33][no_game_date][strategicregion.cpp:332]: Province has added another strategic region as theirs. Might be duplicates of this province in strategic regions templates. ProvinceID  = 4336 first region: Tenasserim(189) overridden by: Tenasserim(293)
[14:01:33][no_game_date][strategicregion.cpp:332]: Province has added another strategic region as theirs. Might be duplicates of this province in strategic regions templates. ProvinceID  = 4408 first region: Tenasserim(189) overridden by: Tenasserim(293)
[14:01:33][no_game_date][strategicregion.cpp:332]: Province has added another strategic region as theirs. Might be duplicates of this province in strategic regions templates. ProvinceID  = 7295 first region: Tenasserim(189) overridden by: Tenasserim(293)
[14:01:33][no_game_date][strategicregion.cpp:332]: Province has added another strategic region as theirs. Might be duplicates of this province in strategic regions templates. ProvinceID  = 7441 first region: Tenasserim(189) overridden by: Tenasserim(293)
[14:01:33][no_game_date][strategicregion.cpp:332]: Province has added another strategic region as theirs. Might be duplicates of this province in strategic regions templates. ProvinceID  = 10217 first region: Tenasserim(189) overridden by: Tenasserim(293)
[14:01:33][no_game_date][strategicregion.cpp:332]: Province has added another strategic region as theirs. Might be duplicates of this province in strategic regions templates. ProvinceID  = 12125 first region: Tenasserim(189) overridden by: Tenasserim(293)
[14:01:33][no_game_date][strategicregion.cpp:332]: Province has added another strategic region as theirs. Might be duplicates of this province in strategic regions templates. ProvinceID  = 12238 first region: Tenasserim(189) overridden by: Tenasserim(293)
[14:01:33][no_game_date][strategicregion.cpp:332]: Province has added another strategic region as theirs. Might be duplicates of this province in strategic regions templates. ProvinceID  = 12256 first region: Tenasserim(189) overridden by: Tenasserim(293)
[14:01:33][no_game_date][strategicregion.cpp:332]: Province has added another strategic region as theirs. Might be duplicates of this province in strategic regions templates. ProvinceID  = 12292 first region: Tenasserim(189) overridden by: Tenasserim(293)
[14:01:33][no_game_date][strategicregion.cpp:332]: Province has added another strategic region as theirs. Might be duplicates of this province in strategic regions templates. ProvinceID  = 1014 first region: Tenasserim(189) overridden by: Rangoon(294)
[14:01:33][no_game_date][strategicregion.cpp:332]: Province has added another strategic region as theirs. Might be duplicates of this province in strategic regions templates. ProvinceID  = 1142 first region: Tenasserim(189) overridden by: Rangoon(294)
[14:01:33][no_game_date][strategicregion.cpp:332]: Province has added another strategic region as theirs. Might be duplicates of this province in strategic regions templates. ProvinceID  = 1330 first region: Tenasserim(189) overridden by: Rangoon(294)
[14:01:33][no_game_date][strategicregion.cpp:332]: Province has added another strategic region as theirs. Might be duplicates of this province in strategic regions templates. ProvinceID  = 1333 first region: Tenasserim(189) overridden by: Rangoon(294)
[14:01:33][no_game_date][strategicregion.cpp:332]: Province has added another strategic region as theirs. Might be duplicates of this province in strategic regions templates. ProvinceID  = 1650 first region: Tenasserim(189) overridden by: Rangoon(294)
[14:01:33][no_game_date][strategicregion.cpp:332]: Province has added another strategic region as theirs. Might be duplicates of this province in strategic regions templates. ProvinceID  = 3651 first region: Tenasserim(189) overridden by: Rangoon(294)
[14:01:33][no_game_date][strategicregion.cpp:332]: Province has added another strategic region as theirs. Might be duplicates of this province in strategic regions templates. ProvinceID  = 4019 first region: Tenasserim(189) overridden by: Rangoon(294)
[14:01:33][no_game_date][strategicregion.cpp:332]: Province has added another strategic region as theirs. Might be duplicates of this province in strategic regions templates. ProvinceID  = 4059 first region: Tenasserim(189) overridden by: Rangoon(294)
[14:01:33][no_game_date][strategicregion.cpp:332]: Province has added another strategic region as theirs. Might be duplicates of this province in strategic regions templates. ProvinceID  = 4147 first region: Tenasserim(189) overridden by: Rangoon(294)
[14:01:33][no_game_date][strategicregion.cpp:332]: Province has added another strategic region as theirs. Might be duplicates of this province in strategic regions templates. ProvinceID  = 7122 first region: Tenasserim(189) overridden by: Rangoon(294)
[14:01:33][no_game_date][strategicregion.cpp:332]: Province has added another strategic region as theirs. Might be duplicates of this province in strategic regions templates. ProvinceID  = 7254 first region: Tenasserim(189) overridden by: Rangoon(294)
[14:01:33][no_game_date][strategicregion.cpp:332]: Province has added another strategic region as theirs. Might be duplicates of this province in strategic regions templates. ProvinceID  = 7382 first region: Tenasserim(189) overridden by: Rangoon(294)
[14:01:33][no_game_date][strategicregion.cpp:332]: Province has added another strategic region as theirs. Might be duplicates of this province in strategic regions templates. ProvinceID  = 10154 first region: Tenasserim(189) overridden by: Rangoon(294)
[14:01:33][no_game_date][strategicregion.cpp:332]: Province has added another strategic region as theirs. Might be duplicates of this province in strategic regions templates. ProvinceID  = 10182 first region: Tenasserim(189) overridden by: Rangoon(294)
[14:01:33][no_game_date][strategicregion.cpp:332]: Province has added another strategic region as theirs. Might be duplicates of this province in strategic regions templates. ProvinceID  = 10223 first region: Tenasserim(189) overridden by: Rangoon(294)
[14:01:33][no_game_date][strategicregion.cpp:332]: Province has added another strategic region as theirs. Might be duplicates of this province in strategic regions templates. ProvinceID  = 10267 first region: Tenasserim(189) overridden by: Rangoon(294)
[14:01:33][no_game_date][strategicregion.cpp:332]: Province has added another strategic region as theirs. Might be duplicates of this province in strategic regions templates. ProvinceID  = 10283 first region: Tenasserim(189) overridden by: Rangoon(294)
[14:01:33][no_game_date][strategicregion.cpp:332]: Province has added another strategic region as theirs. Might be duplicates of this province in strategic regions templates. ProvinceID  = 10344 first region: Tenasserim(189) overridden by: Rangoon(294)
[14:01:33][no_game_date][strategicregion.cpp:332]: Province has added another strategic region as theirs. Might be duplicates of this province in strategic regions templates. ProvinceID  = 12090 first region: Tenasserim(189) overridden by: Rangoon(294)
[14:01:33][no_game_date][strategicregion.cpp:332]: Province has added another strategic region as theirs. Might be duplicates of this province in strategic regions templates. ProvinceID  = 12127 first region: Tenasserim(189) overridden by: Rangoon(294)
[14:01:33][no_game_date][strategicregion.cpp:332]: Province has added another strategic region as theirs. Might be duplicates of this province in strategic regions templates. ProvinceID  = 12197 first region: Tenasserim(189) overridden by: Rangoon(294)
[14:01:33][no_game_date][strategicregion.cpp:332]: Province has added another strategic region as theirs. Might be duplicates of this province in strategic regions templates. ProvinceID  = 12267 first region: Tenasserim(189) overridden by: Rangoon(294)
[14:01:33][no_game_date][strategicregion.cpp:332]: Province has added another strategic region as theirs. Might be duplicates of this province in strategic regions templates. ProvinceID  = 12284 first region: Tenasserim(189) overridden by: Rangoon(294)
[14:01:33][no_game_date][strategicregion.cpp:332]: Province has added another strategic region as theirs. Might be duplicates of this province in strategic regions templates. ProvinceID  = 1082 first region: Tenasserim(189) overridden by: Mandalay(295)
[14:01:33][no_game_date][strategicregion.cpp:332]: Province has added another strategic region as theirs. Might be duplicates of this province in strategic regions templates. ProvinceID  = 1197 first region: Tenasserim(189) overridden by: Mandalay(295)
[14:01:33][no_game_date][strategicregion.cpp:332]: Province has added another strategic region as theirs. Might be duplicates of this province in strategic regions templates. ProvinceID  = 1492 first region: Tenasserim(189) overridden by: Mandalay(295)
[14:01:33][no_game_date][strategicregion.cpp:332]: Province has added another strategic region as theirs. Might be duplicates of this province in strategic regions templates. ProvinceID  = 1934 first region: Tenasserim(189) overridden by: Mandalay(295)
[14:01:33][no_game_date][strategicregion.cpp:332]: Province has added another strategic region as theirs. Might be duplicates of this province in strategic regions templates. ProvinceID  = 3999 first region: Tenasserim(189) overridden by: Mandalay(295)
[14:01:33][no_game_date][strategicregion.cpp:332]: Province has added another strategic region as theirs. Might be duplicates of this province in strategic regions templates. ProvinceID  = 4087 first region: Tenasserim(189) overridden by: Mandalay(295)
[14:01:33][no_game_date][strategicregion.cpp:332]: Province has added another strategic region as theirs. Might be duplicates of this province in strategic regions templates. ProvinceID  = 4202 first region: Tenasserim(189) overridden by: Mandalay(295)
[14:01:33][no_game_date][strategicregion.cpp:332]: Province has added another strategic region as theirs. Might be duplicates of this province in strategic regions templates. ProvinceID  = 4318 first region: Tenasserim(189) overridden by: Mandalay(295)
[14:01:33][no_game_date][strategicregion.cpp:332]: Province has added another strategic region as theirs. Might be duplicates of this province in strategic regions templates. ProvinceID  = 4425 first region: Tenasserim(189) overridden by: Mandalay(295)
[14:01:33][no_game_date][strategicregion.cpp:332]: Province has added another strategic region as theirs. Might be duplicates of this province in strategic regions templates. ProvinceID  = 4454 first region: Tenasserim(189) overridden by: Mandalay(295)
[14:01:33][no_game_date][strategicregion.cpp:332]: Province has added another strategic region as theirs. Might be duplicates of this province in strategic regions templates. ProvinceID  = 4541 first region: Tenasserim(189) overridden by: Mandalay(295)
[14:01:33][no_game_date][strategicregion.cpp:332]: Province has added another strategic region as theirs. Might be duplicates of this province in strategic regions templates. ProvinceID  = 4585 first region: Tenasserim(189) overridden by: Mandalay(295)
[14:01:33][no_game_date][strategicregion.cpp:332]: Province has added another strategic region as theirs. Might be duplicates of this province in strategic regions templates. ProvinceID  = 4588 first region: Tenasserim(189) overridden by: Mandalay(295)
[14:01:33][no_game_date][strategicregion.cpp:332]: Province has added another strategic region as theirs. Might be duplicates of this province in strategic regions templates. ProvinceID  = 4626 first region: Tenasserim(189) overridden by: Mandalay(295)
[14:01:33][no_game_date][strategicregion.cpp:332]: Province has added another strategic region as theirs. Might be duplicates of this province in strategic regions templates. ProvinceID  = 4996 first region: Tenasserim(189) overridden by: Mandalay(295)
[14:01:33][no_game_date][strategicregion.cpp:332]: Province has added another strategic region as theirs. Might be duplicates of this province in strategic regions templates. ProvinceID  = 7034 first region: Tenasserim(189) overridden by: Mandalay(295)
[14:01:33][no_game_date][strategicregion.cpp:332]: Province has added another strategic region as theirs. Might be duplicates of this province in strategic regions templates. ProvinceID  = 7163 first region: Tenasserim(189) overridden by: Mandalay(295)
[14:01:33][no_game_date][strategicregion.cpp:332]: Province has added another strategic region as theirs. Might be duplicates of this province in strategic regions templates. ProvinceID  = 7190 first region: Tenasserim(189) overridden by: Mandalay(295)
[14:01:33][no_game_date][strategicregion.cpp:332]: Province has added another strategic region as theirs. Might be duplicates of this province in strategic regions templates. ProvinceID  = 7469 first region: Tenasserim(189) overridden by: Mandalay(295)
[14:01:33][no_game_date][strategicregion.cpp:332]: Province has added another strategic region as theirs. Might be duplicates of this province in strategic regions templates. ProvinceID  = 7534 first region: Tenasserim(189) overridden by: Mandalay(295)
[14:01:33][no_game_date][strategicregion.cpp:332]: Province has added another strategic region as theirs. Might be duplicates of this province in strategic regions templates. ProvinceID  = 7562 first region: Tenasserim(189) overridden by: Mandalay(295)
[14:01:33][no_game_date][strategicregion.cpp:332]: Province has added another strategic region as theirs. Might be duplicates of this province in strategic regions templates. ProvinceID  = 8063 first region: Tenasserim(189) overridden by: Mandalay(295)
[14:01:33][no_game_date][strategicregion.cpp:332]: Province has added another strategic region as theirs. Might be duplicates of this province in strategic regions templates. ProvinceID  = 10033 first region: Tenasserim(189) overridden by: Mandalay(295)
[14:01:33][no_game_date][strategicregion.cpp:332]: Province has added another strategic region as theirs. Might be duplicates of this province in strategic regions templates. ProvinceID  = 10386 first region: Tenasserim(189) overridden by: Mandalay(295)
[14:01:33][no_game_date][strategicregion.cpp:332]: Province has added another strategic region as theirs. Might be duplicates of this province in strategic regions templates. ProvinceID  = 10486 first region: Tenasserim(189) overridden by: Mandalay(295)
[14:01:33][no_game_date][strategicregion.cpp:332]: Province has added another strategic region as theirs. Might be duplicates of this province in strategic regions templates. ProvinceID  = 11966 first region: Tenasserim(189) overridden by: Mandalay(295)
[14:01:33][no_game_date][strategicregion.cpp:332]: Province has added another strategic region as theirs. Might be duplicates of this province in strategic regions templates. ProvinceID  = 12335 first region: Tenasserim(189) overridden by: Mandalay(295)
[14:01:33][no_game_date][strategicregion.cpp:332]: Province has added another strategic region as theirs. Might be duplicates of this province in strategic regions templates. ProvinceID  = 12404 first region: Tenasserim(189) overridden by: Mandalay(295)
[14:01:33][no_game_date][strategicregion.cpp:332]: Province has added another strategic region as theirs. Might be duplicates of this province in strategic regions templates. ProvinceID  = 12449 first region: Tenasserim(189) overridden by: Mandalay(295)
[14:01:33][no_game_date][strategicregion.cpp:332]: Province has added another strategic region as theirs. Might be duplicates of this province in strategic regions templates. ProvinceID  = 12464 first region: Tenasserim(189) overridden by: Mandalay(295)
[14:01:33][no_game_date][strategicregion.cpp:332]: Province has added another strategic region as theirs. Might be duplicates of this province in strategic regions templates. ProvinceID  = 12492 first region: Tenasserim(189) overridden by: Mandalay(295)
[14:01:33][no_game_date][strategicregion.cpp:332]: Province has added another strategic region as theirs. Might be duplicates of this province in strategic regions templates. ProvinceID  = 1147 first region: Pakistan(190) overridden by: Gujarat(296)
[14:01:33][no_game_date][strategicregion.cpp:332]: Province has added another strategic region as theirs. Might be duplicates of this province in strategic regions templates. ProvinceID  = 1971 first region: Pakistan(190) overridden by: Gujarat(296)
[14:01:33][no_game_date][strategicregion.cpp:332]: Province has added another strategic region as theirs. Might be duplicates of this province in strategic regions templates. ProvinceID  = 1980 first region: Pakistan(190) overridden by: Gujarat(296)
[14:01:33][no_game_date][strategicregion.cpp:332]: Province has added another strategic region as theirs. Might be duplicates of this province in strategic regions templates. ProvinceID  = 3456 first region: Pakistan(190) overridden by: Gujarat(296)
[14:01:33][no_game_date][strategicregion.cpp:332]: Province has added another strategic region as theirs. Might be duplicates of this province in strategic regions templates. ProvinceID  = 4003 first region: Pakistan(190) overridden by: Gujarat(296)
[14:01:33][no_game_date][strategicregion.cpp:332]: Province has added another strategic region as theirs. Might be duplicates of this province in strategic regions templates. ProvinceID  = 4110 first region: Pakistan(190) overridden by: Gujarat(296)
[14:01:33][no_game_date][strategicregion.cpp:332]: Province has added another strategic region as theirs. Might be duplicates of this province in strategic regions templates. ProvinceID  = 4382 first region: Pakistan(190) overridden by: Gujarat(296)
[14:01:33][no_game_date][strategicregion.cpp:332]: Province has added another strategic region as theirs. Might be duplicates of this province in strategic regions templates. ProvinceID  = 7084 first region: Pakistan(190) overridden by: Gujarat(296)
[14:01:33][no_game_date][strategicregion.cpp:332]: Province has added another strategic region as theirs. Might be duplicates of this province in strategic regions templates. ProvinceID  = 10108 first region: Pakistan(190) overridden by: Gujarat(296)
[14:01:33][no_game_date][strategicregion.cpp:332]: Province has added another strategic region as theirs. Might be duplicates of this province in strategic regions templates. ProvinceID  = 10735 first region: Pakistan(190) overridden by: Gujarat(296)
[14:01:33][no_game_date][strategicregion.cpp:332]: Province has added another strategic region as theirs. Might be duplicates of this province in strategic regions templates. ProvinceID  = 1889 first region: Central Iranian Range(116) overridden by: Eastern-Iranian Range(297)
[14:01:33][no_game_date][strategicregion.cpp:332]: Province has added another strategic region as theirs. Might be duplicates of this province in strategic regions templates. ProvinceID  = 1986 first region: Central Iranian Range(116) overridden by: Eastern-Iranian Range(297)
[14:01:33][no_game_date][strategicregion.cpp:332]: Province has added another strategic region as theirs. Might be duplicates of this province in strategic regions templates. ProvinceID  = 2039 first region: Central Iranian Range(116) overridden by: Eastern-Iranian Range(297)
[14:01:33][no_game_date][strategicregion.cpp:332]: Province has added another strategic region as theirs. Might be duplicates of this province in strategic regions templates. ProvinceID  = 2070 first region: Central Iranian Range(116) overridden by: Eastern-Iranian Range(297)
[14:01:33][no_game_date][strategicregion.cpp:332]: Province has added another strategic region as theirs. Might be duplicates of this province in strategic regions templates. ProvinceID  = 4891 first region: Central Iranian Range(116) overridden by: Eastern-Iranian Range(297)
[14:01:33][no_game_date][strategicregion.cpp:332]: Province has added another strategic region as theirs. Might be duplicates of this province in strategic regions templates. ProvinceID  = 7990 first region: Central Iranian Range(116) overridden by: Eastern-Iranian Range(297)
[14:01:33][no_game_date][strategicregion.cpp:332]: Province has added another strategic region as theirs. Might be duplicates of this province in strategic regions templates. ProvinceID  = 10759 first region: Central Iranian Range(116) overridden by: Eastern-Iranian Range(297)
[14:01:33][no_game_date][strategicregion.cpp:332]: Province has added another strategic region as theirs. Might be duplicates of this province in strategic regions templates. ProvinceID  = 10782 first region: Central Iranian Range(116) overridden by: Eastern-Iranian Range(297)
[14:01:33][no_game_date][strategicregion.cpp:332]: Province has added another strategic region as theirs. Might be duplicates of this province in strategic regions templates. ProvinceID  = 10890 first region: Central Iranian Range(116) overridden by: Eastern-Iranian Range(297)
[14:01:33][no_game_date][strategicregion.cpp:332]: Province has added another strategic region as theirs. Might be duplicates of this province in strategic regions templates. ProvinceID  = 10913 first region: Central Iranian Range(116) overridden by: Eastern-Iranian Range(297)
[14:01:33][no_game_date][strategicregion.cpp:332]: Province has added another strategic region as theirs. Might be duplicates of this province in strategic regions templates. ProvinceID  = 11249 first region: Central Iranian Range(116) overridden by: Eastern-Iranian Range(297)
[14:01:33][no_game_date][strategicregion.cpp:332]: Province has added another strategic region as theirs. Might be duplicates of this province in strategic regions templates. ProvinceID  = 12739 first region: Central Iranian Range(116) overridden by: Eastern-Iranian Range(297)
[14:01:33][no_game_date][strategicregion.cpp:332]: Province has added another strategic region as theirs. Might be duplicates of this province in strategic regions templates. ProvinceID  = 12809 first region: Central Iranian Range(116) overridden by: Eastern-Iranian Range(297)
[14:01:33][no_game_date][strategicregion.cpp:332]: Province has added another strategic region as theirs. Might be duplicates of this province in strategic regions templates. ProvinceID  = 12852 first region: Central Iranian Range(116) overridden by: Eastern-Iranian Range(297)
[14:01:33][no_game_date][strategicregion.cpp:332]: Province has added another strategic region as theirs. Might be duplicates of this province in strategic regions templates. ProvinceID  = 12895 first region: Central Iranian Range(116) overridden by: Eastern-Iranian Range(297)
[14:01:33][no_game_date][strategicregion.cpp:332]: Province has added another strategic region as theirs. Might be duplicates of this province in strategic regions templates. ProvinceID  = 13082 first region: Central Iranian Range(116) overridden by: Eastern-Iranian Range(297)
[14:01:33][no_game_date][strategicregion.cpp:332]: Province has added another strategic region as theirs. Might be duplicates of this province in strategic regions templates. ProvinceID  = 4959 first region: Western Zagros(240) overridden by: Eastern Zagros(298)
[14:01:33][no_game_date][strategicregion.cpp:332]: Province has added another strategic region as theirs. Might be duplicates of this province in strategic regions templates. ProvinceID  = 4966 first region: Western Zagros(240) overridden by: Eastern Zagros(298)
[14:01:33][no_game_date][strategicregion.cpp:332]: Province has added another strategic region as theirs. Might be duplicates of this province in strategic regions templates. ProvinceID  = 7982 first region: Western Zagros(240) overridden by: Eastern Zagros(298)
[14:01:33][no_game_date][strategicregion.cpp:332]: Province has added another strategic region as theirs. Might be duplicates of this province in strategic regions templates. ProvinceID  = 8117 first region: Western Zagros(240) overridden by: Eastern Zagros(298)
[14:01:33][no_game_date][strategicregion.cpp:332]: Province has added another strategic region as theirs. Might be duplicates of this province in strategic regions templates. ProvinceID  = 10797 first region: Western Zagros(240) overridden by: Eastern Zagros(298)
[14:01:33][no_game_date][strategicregion.cpp:332]: Province has added another strategic region as theirs. Might be duplicates of this province in strategic regions templates. ProvinceID  = 10881 first region: Western Zagros(240) overridden by: Eastern Zagros(298)
[14:01:33][no_game_date][strategicregion.cpp:332]: Province has added another strategic region as theirs. Might be duplicates of this province in strategic regions templates. ProvinceID  = 12780 first region: Western Zagros(240) overridden by: Eastern Zagros(298)
[14:01:33][no_game_date][strategicregion.cpp:332]: Province has added another strategic region as theirs. Might be duplicates of this province in strategic regions templates. ProvinceID  = 12832 first region: Western Zagros(240) overridden by: Eastern Zagros(298)
[14:01:33][no_game_date][strategicregion.cpp:332]: Province has added another strategic region as theirs. Might be duplicates of this province in strategic regions templates. ProvinceID  = 12863 first region: Western Zagros(240) overridden by: Eastern Zagros(298)
[14:01:33][no_game_date][strategicregion.cpp:332]: Province has added another strategic region as theirs. Might be duplicates of this province in strategic regions templates. ProvinceID  = 13312 first region: Western Zagros(240) overridden by: Eastern Zagros(298)
[14:01:34][no_game_date][gamestate.cpp:3139]: Invalid Country Tag - SPA
[14:01:34][no_game_date][gamestate.cpp:3139]: Invalid Country Tag - color
[14:01:34][no_game_date][parser.cpp:966]: Error: unexpected token in file: "common/countries/colors.txt" near line: 1370 ( { )
[14:01:34][no_game_date][gamestate.cpp:3139]: Invalid Country Tag - {
[14:01:34][no_game_date][parser.cpp:966]: Error: unexpected token in file: "common/countries/colors.txt" near line: 1370 ( 205 )
[14:01:34][no_game_date][gamestate.cpp:3139]: Invalid Country Tag - 205
[14:01:35][no_game_date][effect.cpp:443]: Invalid effect 'JAP_hideki_tojo' in common/scripted_effects/JAP_scripted_effects.txt line : 1128
[14:01:35][no_game_date][trigger.cpp:568]: Error: "Unknown effect-type: JAP_hideki_tojo, near line: 1128" in file: "common/scripted_effects/JAP_scripted_effects.txt" near line: 1135
[14:01:35][no_game_date][effect.cpp:443]: Invalid effect 'JAP_hideki_tojo' in common/scripted_effects/JAP_scripted_effects.txt line : 1908
[14:01:35][no_game_date][trigger.cpp:568]: Error: "Unknown effect-type: JAP_hideki_tojo, near line: 1908" in file: "common/scripted_effects/JAP_scripted_effects.txt" near line: 1915
[14:01:35][no_game_date][effect.cpp:443]: Invalid effect 'JAP_machida_chuuji' in common/scripted_effects/JAP_scripted_effects.txt line : 2313
[14:01:35][no_game_date][effect.cpp:356]: Error: "Unknown effect-type: JAP_machida_chuuji, near line: 2313" in file: "common/scripted_effects/JAP_scripted_effects.txt" near line: 2317
[14:01:35][no_game_date][trigger.cpp:700]: Invalid trigger 'SOV_lev_trotsky' in common/scripted_effects/NORDIC_scripted_effects.txt line : 217
[14:01:35][no_game_date][trigger.cpp:568]: Error: "Unknown trigger-type: SOV_lev_trotsky, near line: 217" in file: "common/scripted_effects/NORDIC_scripted_effects.txt" near line: 224
[14:01:35][no_game_date][effect.cpp:443]: Invalid effect 'USA_dwight_d_eisenhower' in common/scripted_effects/PHI_scripted_effects.txt line : 227
[14:01:35][no_game_date][effect.cpp:356]: Error: "Unknown effect-type: USA_dwight_d_eisenhower, near line: 227" in file: "common/scripted_effects/PHI_scripted_effects.txt" near line: 237
[14:01:35][no_game_date][trigger.cpp:700]: Invalid trigger 'SOV_genrikh_yagoda' in common/scripted_effects/SOV_scripted_effects.txt line : 375
[14:01:35][no_game_date][trigger.cpp:568]: Error: "Unknown trigger-type: SOV_genrikh_yagoda, near line: 375" in file: "common/scripted_effects/SOV_scripted_effects.txt" near line: 378
[14:01:35][no_game_date][trigger.cpp:700]: Invalid trigger 'SOV_genrikh_yagoda' in common/scripted_effects/SOV_scripted_effects.txt line : 387
[14:01:35][no_game_date][trigger.cpp:568]: Error: "Unknown trigger-type: SOV_genrikh_yagoda, near line: 387" in file: "common/scripted_effects/SOV_scripted_effects.txt" near line: 390
[14:01:35][no_game_date][trigger.cpp:700]: Invalid trigger 'SOV_nikolay_yezhov' in common/scripted_effects/SOV_scripted_effects.txt line : 418
[14:01:35][no_game_date][trigger.cpp:568]: Error: "Unknown trigger-type: SOV_nikolay_yezhov, near line: 418" in file: "common/scripted_effects/SOV_scripted_effects.txt" near line: 421
[14:01:35][no_game_date][trigger.cpp:700]: Invalid trigger 'SOV_nikolay_yezhov' in common/scripted_effects/SOV_scripted_effects.txt line : 430
[14:01:35][no_game_date][trigger.cpp:568]: Error: "Unknown trigger-type: SOV_nikolay_yezhov, near line: 430" in file: "common/scripted_effects/SOV_scripted_effects.txt" near line: 433
[14:01:35][no_game_date][trigger.cpp:700]: Invalid trigger 'SOV_lavrenty_beriya' in common/scripted_effects/SOV_scripted_effects.txt line : 461
[14:01:35][no_game_date][trigger.cpp:568]: Error: "Unknown trigger-type: SOV_lavrenty_beriya, near line: 461" in file: "common/scripted_effects/SOV_scripted_effects.txt" near line: 464
[14:01:35][no_game_date][trigger.cpp:700]: Invalid trigger 'SOV_lavrenty_beriya' in common/scripted_effects/SOV_scripted_effects.txt line : 473
[14:01:35][no_game_date][trigger.cpp:568]: Error: "Unknown trigger-type: SOV_lavrenty_beriya, near line: 473" in file: "common/scripted_effects/SOV_scripted_effects.txt" near line: 476
[14:01:35][no_game_date][trigger.cpp:700]: Invalid trigger 'SOV_sergey_khudyakov' in common/scripted_effects/SOV_scripted_effects.txt line : 2371
[14:01:35][no_game_date][trigger.cpp:568]: Error: "Unknown trigger-type: SOV_sergey_khudyakov, near line: 2371" in file: "common/scripted_effects/SOV_scripted_effects.txt" near line: 2372
[14:01:35][no_game_date][effect.cpp:443]: Invalid effect 'SOV_sergey_khudyakov' in common/scripted_effects/SOV_scripted_effects.txt line : 2373
[14:01:35][no_game_date][effect.cpp:356]: Error: "Unknown effect-type: SOV_sergey_khudyakov, near line: 2373" in file: "common/scripted_effects/SOV_scripted_effects.txt" near line: 2376
[14:01:35][no_game_date][trigger.cpp:700]: Invalid trigger 'SOV_yakov_smushkevich' in common/scripted_effects/SOV_scripted_effects.txt line : 2381
[14:01:35][no_game_date][trigger.cpp:568]: Error: "Unknown trigger-type: SOV_yakov_smushkevich, near line: 2381" in file: "common/scripted_effects/SOV_scripted_effects.txt" near line: 2382
[14:01:35][no_game_date][effect.cpp:443]: Invalid effect 'SOV_yakov_smushkevich' in common/scripted_effects/SOV_scripted_effects.txt line : 2383
[14:01:35][no_game_date][effect.cpp:356]: Error: "Unknown effect-type: SOV_yakov_smushkevich, near line: 2383" in file: "common/scripted_effects/SOV_scripted_effects.txt" near line: 2386
[14:01:35][no_game_date][trigger.cpp:700]: Invalid trigger 'SOV_pavel_rychagov' in common/scripted_effects/SOV_scripted_effects.txt line : 2391
[14:01:35][no_game_date][trigger.cpp:568]: Error: "Unknown trigger-type: SOV_pavel_rychagov, near line: 2391" in file: "common/scripted_effects/SOV_scripted_effects.txt" near line: 2392
[14:01:35][no_game_date][effect.cpp:443]: Invalid effect 'SOV_pavel_rychagov' in common/scripted_effects/SOV_scripted_effects.txt line : 2393
[14:01:35][no_game_date][effect.cpp:356]: Error: "Unknown effect-type: SOV_pavel_rychagov, near line: 2393" in file: "common/scripted_effects/SOV_scripted_effects.txt" near line: 2396
[14:01:35][no_game_date][effect.cpp:443]: Invalid effect 'SOV_lev_trotsky' in common/scripted_effects/SOV_scripted_effects.txt line : 4224
[14:01:35][no_game_date][effect.cpp:356]: Error: "Unknown effect-type: SOV_lev_trotsky, near line: 4224" in file: "common/scripted_effects/SOV_scripted_effects.txt" near line: 4228
[14:01:35][no_game_date][trigger.cpp:700]: Invalid trigger 'SOV_genrikh_yagoda' in common/scripted_effects/SOV_scripted_effects.txt line : 6968
[14:01:35][no_game_date][trigger.cpp:568]: Error: "Unknown trigger-type: SOV_genrikh_yagoda, near line: 6968" in file: "common/scripted_effects/SOV_scripted_effects.txt" near line: 6969
[14:01:35][no_game_date][trigger.cpp:700]: Invalid trigger 'SOV_nikolay_yezhov' in common/scripted_effects/SOV_scripted_effects.txt line : 6972
[14:01:35][no_game_date][trigger.cpp:568]: Error: "Unknown trigger-type: SOV_nikolay_yezhov, near line: 6972" in file: "common/scripted_effects/SOV_scripted_effects.txt" near line: 6973
[14:01:35][no_game_date][effect.cpp:443]: Invalid effect 'SOV_provisional_government' in common/scripted_effects/SOV_scripted_effects.txt line : 7440
[14:01:35][no_game_date][effect.cpp:356]: Error: "Unknown effect-type: SOV_provisional_government, near line: 7440" in file: "common/scripted_effects/SOV_scripted_effects.txt" near line: 7459
[14:01:35][no_game_date][effect.cpp:443]: Invalid effect 'SOV_iosif_stalin' in common/scripted_effects/SOV_scripted_effects.txt line : 7917
[14:01:35][no_game_date][effect.cpp:356]: Error: "Unknown effect-type: SOV_iosif_stalin, near line: 7917" in file: "common/scripted_effects/SOV_scripted_effects.txt" near line: 7917
[14:01:35][no_game_date][effect.cpp:443]: Invalid effect 'SOV_lavrenty_beriya' in common/scripted_effects/SOV_scripted_effects.txt line : 7921
[14:01:35][no_game_date][effect.cpp:356]: Error: "Unknown effect-type: SOV_lavrenty_beriya, near line: 7921" in file: "common/scripted_effects/SOV_scripted_effects.txt" near line: 7921
[14:01:35][no_game_date][trigger.cpp:700]: Invalid trigger 'SOV_genrikh_yagoda' in common/scripted_effects/SOV_scripted_effects.txt line : 7981
[14:01:35][no_game_date][trigger.cpp:568]: Error: "Unknown trigger-type: SOV_genrikh_yagoda, near line: 7981" in file: "common/scripted_effects/SOV_scripted_effects.txt" near line: 7981
[14:01:35][no_game_date][trigger.cpp:700]: Invalid trigger 'SOV_nikolay_yezhov' in common/scripted_effects/SOV_scripted_effects.txt line : 7985
[14:01:35][no_game_date][trigger.cpp:568]: Error: "Unknown trigger-type: SOV_nikolay_yezhov, near line: 7985" in file: "common/scripted_effects/SOV_scripted_effects.txt" near line: 7985
[14:01:35][no_game_date][gameitemdatabase.h:323]: 50 errors.
[14:01:35][no_game_date][gameitemdatabase.h:335]: =============================
[14:01:35][no_game_date][flagtextureatlas.cpp:524]: Error loading flag for country GER : Ideology conservative_democrat : Path gfx/flags/ : File not found
[14:01:35][no_game_date][flagtextureatlas.cpp:524]: Error loading flag for country ENG : Ideology conservative_democrat : Path gfx/flags/ : File not found
[14:01:35][no_game_date][flagtextureatlas.cpp:524]: Error loading flag for country SOV : Ideology conservative_democrat : Path gfx/flags/ : File not found
[14:01:35][no_game_date][flagtextureatlas.cpp:524]: Error loading flag for country SWE : Ideology conservative_democrat : Path gfx/flags/ : File not found
[14:01:35][no_game_date][flagtextureatlas.cpp:524]: Error loading flag for country FRA : Ideology conservative_democrat : Path gfx/flags/ : File not found
[14:01:35][no_game_date][flagtextureatlas.cpp:524]: Error loading flag for country LUX : Ideology conservative_democrat : Path gfx/flags/ : File not found
[14:01:35][no_game_date][flagtextureatlas.cpp:524]: Error loading flag for country BEL : Ideology conservative_democrat : Path gfx/flags/ : File not found
[14:01:35][no_game_date][flagtextureatlas.cpp:524]: Error loading flag for country HOL : Ideology conservative_democrat : Path gfx/flags/ : File not found
[14:01:35][no_game_date][flagtextureatlas.cpp:524]: Error loading flag for country CZE : Ideology conservative_democrat : Path gfx/flags/ : File not found
[14:01:35][no_game_date][flagtextureatlas.cpp:524]: Error loading flag for country POL : Ideology conservative_democrat : Path gfx/flags/ : File not found
[14:01:35][no_game_date][flagtextureatlas.cpp:524]: Error loading flag for country AUS : Ideology conservative_democrat : Path gfx/flags/ : File not found
[14:01:35][no_game_date][flagtextureatlas.cpp:524]: Error loading flag for country LIT : Ideology conservative_democrat : Path gfx/flags/ : File not found
[14:01:35][no_game_date][flagtextureatlas.cpp:524]: Error loading flag for country EST : Ideology conservative_democrat : Path gfx/flags/ : File not found
[14:01:35][no_game_date][flagtextureatlas.cpp:524]: Error loading flag for country LAT : Ideology conservative_democrat : Path gfx/flags/ : File not found
[14:01:35][no_game_date][flagtextureatlas.cpp:524]: Error loading flag for country SPR : Ideology conservative_democrat : Path gfx/flags/ : File not found
[14:01:35][no_game_date][flagtextureatlas.cpp:524]: Error loading flag for country ITA : Ideology conservative_democrat : Path gfx/flags/ : File not found
[14:01:35][no_game_date][flagtextureatlas.cpp:524]: Error loading flag for country YUG : Ideology conservative_democrat : Path gfx/flags/ : File not found
[14:01:35][no_game_date][flagtextureatlas.cpp:524]: Error loading flag for country SWI : Ideology conservative_democrat : Path gfx/flags/ : File not found
[14:01:35][no_game_date][flagtextureatlas.cpp:524]: Error loading flag for country TUR : Ideology conservative_democrat : Path gfx/flags/ : File not found
[14:01:35][no_game_date][flagtextureatlas.cpp:524]: Error loading flag for country GRE : Ideology conservative_democrat : Path gfx/flags/ : File not found
[14:01:35][no_game_date][flagtextureatlas.cpp:524]: Error loading flag for country ALB : Ideology conservative_democrat : Path gfx/flags/ : File not found
[14:01:35][no_game_date][flagtextureatlas.cpp:524]: Error loading flag for country NOR : Ideology conservative_democrat : Path gfx/flags/ : File not found
[14:01:35][no_game_date][flagtextureatlas.cpp:524]: Error loading flag for country DEN : Ideology conservative_democrat : Path gfx/flags/ : File not found
[14:01:35][no_game_date][flagtextureatlas.cpp:524]: Error loading flag for country BUL : Ideology conservative_democrat : Path gfx/flags/ : File not found
[14:01:35][no_game_date][flagtextureatlas.cpp:524]: Error loading flag for country POR : Ideology conservative_democrat : Path gfx/flags/ : File not found
[14:01:35][no_game_date][flagtextureatlas.cpp:524]: Error loading flag for country FIN : Ideology conservative_democrat : Path gfx/flags/ : File not found
[14:01:35][no_game_date][flagtextureatlas.cpp:524]: Error loading flag for country IRE : Ideology conservative_democrat : Path gfx/flags/ : File not found
[14:01:35][no_game_date][flagtextureatlas.cpp:524]: Error loading flag for country HUN : Ideology conservative_democrat : Path gfx/flags/ : File not found
[14:01:35][no_game_date][flagtextureatlas.cpp:524]: Error loading flag for country AFG : Ideology conservative_democrat : Path gfx/flags/ : File not found
[14:01:35][no_game_date][flagtextureatlas.cpp:524]: Error loading flag for country ARG : Ideology conservative_democrat : Path gfx/flags/ : File not found
[14:01:35][no_game_date][flagtextureatlas.cpp:524]: Error loading flag for country AST : Ideology conservative_democrat : Path gfx/flags/ : File not found
[14:01:35][no_game_date][flagtextureatlas.cpp:524]: Error loading flag for country BHU : Ideology conservative_democrat : Path gfx/flags/ : File not found
[14:01:35][no_game_date][flagtextureatlas.cpp:524]: Error loading flag for country BOL : Ideology conservative_democrat : Path gfx/flags/ : File not found
[14:01:35][no_game_date][flagtextureatlas.cpp:524]: Error loading flag for country BRA : Ideology conservative_democrat : Path gfx/flags/ : File not found
[14:01:35][no_game_date][flagtextureatlas.cpp:524]: Error loading flag for country CHI : Ideology conservative_democrat : Path gfx/flags/ : File not found
[14:01:35][no_game_date][flagtextureatlas.cpp:524]: Error loading flag for country CHL : Ideology conservative_democrat : Path gfx/flags/ : File not found
[14:01:35][no_game_date][flagtextureatlas.cpp:524]: Error loading flag for country COL : Ideology conservative_democrat : Path gfx/flags/ : File not found
[14:01:35][no_game_date][flagtextureatlas.cpp:524]: Error loading flag for country COS : Ideology conservative_democrat : Path gfx/flags/ : File not found
[14:01:35][no_game_date][flagtextureatlas.cpp:524]: Error loading flag for country ECU : Ideology conservative_democrat : Path gfx/flags/ : File not found
[14:01:35][no_game_date][flagtextureatlas.cpp:524]: Error loading flag for country ELS : Ideology conservative_democrat : Path gfx/flags/ : File not found
[14:01:35][no_game_date][flagtextureatlas.cpp:524]: Error loading flag for country ETH : Ideology conservative_democrat : Path gfx/flags/ : File not found
[14:01:35][no_game_date][flagtextureatlas.cpp:524]: Error loading flag for country GUA : Ideology conservative_democrat : Path gfx/flags/ : File not found
[14:01:35][no_game_date][flagtextureatlas.cpp:524]: Error loading flag for country HON : Ideology conservative_democrat : Path gfx/flags/ : File not found
[14:01:35][no_game_date][flagtextureatlas.cpp:524]: Error loading flag for country IRQ : Ideology conservative_democrat : Path gfx/flags/ : File not found
[14:01:35][no_game_date][flagtextureatlas.cpp:524]: Error loading flag for country JAP : Ideology conservative_democrat : Path gfx/flags/ : File not found
[14:01:35][no_game_date][flagtextureatlas.cpp:524]: Error loading flag for country KOR : Ideology conservative_democrat : Path gfx/flags/ : File not found
[14:01:35][no_game_date][flagtextureatlas.cpp:524]: Error loading flag for country LIB : Ideology conservative_democrat : Path gfx/flags/ : File not found
[14:01:35][no_game_date][flagtextureatlas.cpp:524]: Error loading flag for country NEP : Ideology conservative_democrat : Path gfx/flags/ : File not found
[14:01:35][no_game_date][flagtextureatlas.cpp:524]: Error loading flag for country NIC : Ideology conservative_democrat : Path gfx/flags/ : File not found
[14:01:35][no_game_date][flagtextureatlas.cpp:524]: Error loading flag for country NZL : Ideology conservative_democrat : Path gfx/flags/ : File not found
[14:01:35][no_game_date][flagtextureatlas.cpp:524]: Error loading flag for country PER : Ideology conservative_democrat : Path gfx/flags/ : File not found
[14:01:35][no_game_date][flagtextureatlas.cpp:524]: Error loading flag for country PHI : Ideology conservative_democrat : Path gfx/flags/ : File not found
[14:01:35][no_game_date][flagtextureatlas.cpp:524]: Error loading flag for country PRU : Ideology conservative_democrat : Path gfx/flags/ : File not found
[14:01:35][no_game_date][flagtextureatlas.cpp:524]: Error loading flag for country SAF : Ideology conservative_democrat : Path gfx/flags/ : File not found
[14:01:35][no_game_date][flagtextureatlas.cpp:524]: Error loading flag for country SAU : Ideology conservative_democrat : Path gfx/flags/ : File not found
[14:01:35][no_game_date][flagtextureatlas.cpp:524]: Error loading flag for country SIA : Ideology conservative_democrat : Path gfx/flags/ : File not found
[14:01:35][no_game_date][flagtextureatlas.cpp:524]: Error loading flag for country SIK : Ideology conservative_democrat : Path gfx/flags/ : File not found
[14:01:35][no_game_date][flagtextureatlas.cpp:524]: Error loading flag for country TIB : Ideology conservative_democrat : Path gfx/flags/ : File not found
[14:01:35][no_game_date][flagtextureatlas.cpp:524]: Error loading flag for country URG : Ideology conservative_democrat : Path gfx/flags/ : File not found
[14:01:35][no_game_date][flagtextureatlas.cpp:524]: Error loading flag for country VEN : Ideology conservative_democrat : Path gfx/flags/ : File not found
[14:01:35][no_game_date][flagtextureatlas.cpp:524]: Error loading flag for country YUN : Ideology conservative_democrat : Path gfx/flags/ : File not found
[14:01:35][no_game_date][flagtextureatlas.cpp:524]: Error loading flag for country MON : Ideology conservative_democrat : Path gfx/flags/ : File not found
[14:01:35][no_game_date][flagtextureatlas.cpp:524]: Error loading flag for country TAN : Ideology conservative_democrat : Path gfx/flags/ : File not found
[14:01:35][no_game_date][flagtextureatlas.cpp:524]: Error loading flag for country PAR : Ideology conservative_democrat : Path gfx/flags/ : File not found
[14:01:35][no_game_date][flagtextureatlas.cpp:524]: Error loading flag for country CUB : Ideology conservative_democrat : Path gfx/flags/ : File not found
[14:01:35][no_game_date][flagtextureatlas.cpp:524]: Error loading flag for country DOM : Ideology conservative_democrat : Path gfx/flags/ : File not found
[14:01:35][no_game_date][flagtextureatlas.cpp:524]: Error loading flag for country HAI : Ideology conservative_democrat : Path gfx/flags/ : File not found
[14:01:35][no_game_date][flagtextureatlas.cpp:524]: Error loading flag for country YEM : Ideology conservative_democrat : Path gfx/flags/ : File not found
[14:01:35][no_game_date][flagtextureatlas.cpp:524]: Error loading flag for country OMA : Ideology conservative_democrat : Path gfx/flags/ : File not found
[14:01:35][no_game_date][flagtextureatlas.cpp:524]: Error loading flag for country SLO : Ideology conservative_democrat : Path gfx/flags/ : File not found
[14:01:35][no_game_date][flagtextureatlas.cpp:524]: Error loading flag for country CRO : Ideology conservative_democrat : Path gfx/flags/ : File not found
[14:01:35][no_game_date][flagtextureatlas.cpp:524]: Error loading flag for country GXC : Ideology conservative_democrat : Path gfx/flags/ : File not found
[14:01:35][no_game_date][flagtextureatlas.cpp:524]: Error loading flag for country PRC : Ideology conservative_democrat : Path gfx/flags/ : File not found
[14:01:35][no_game_date][flagtextureatlas.cpp:524]: Error loading flag for country SHX : Ideology conservative_democrat : Path gfx/flags/ : File not found
[14:01:35][no_game_date][flagtextureatlas.cpp:524]: Error loading flag for country XSM : Ideology conservative_democrat : Path gfx/flags/ : File not found
[14:01:35][no_game_date][flagtextureatlas.cpp:524]: Error loading flag for country VIN : Ideology conservative_democrat : Path gfx/flags/ : File not found
[14:01:35][no_game_date][flagtextureatlas.cpp:524]: Error loading flag for country CAM : Ideology conservative_democrat : Path gfx/flags/ : File not found
[14:01:35][no_game_date][flagtextureatlas.cpp:524]: Error loading flag for country KAZ : Ideology conservative_democrat : Path gfx/flags/ : File not found
[14:01:35][no_game_date][flagtextureatlas.cpp:524]: Error loading flag for country AZR : Ideology conservative_democrat : Path gfx/flags/ : File not found
[14:01:35][no_game_date][flagtextureatlas.cpp:524]: Error loading flag for country ANG : Ideology conservative_democrat : Path gfx/flags/ : File not found
[14:01:35][no_game_date][flagtextureatlas.cpp:524]: Error loading flag for country MZB : Ideology conservative_democrat : Path gfx/flags/ : File not found
[14:01:35][no_game_date][flagtextureatlas.cpp:524]: Error loading flag for country ZIM : Ideology conservative_democrat : Path gfx/flags/ : File not found
[14:01:35][no_game_date][flagtextureatlas.cpp:524]: Error loading flag for country COG : Ideology conservative_democrat : Path gfx/flags/ : File not found
[14:01:35][no_game_date][flagtextureatlas.cpp:524]: Error loading flag for country KEN : Ideology conservative_democrat : Path gfx/flags/ : File not found
[14:01:35][no_game_date][flagtextureatlas.cpp:524]: Error loading flag for country BOT : Ideology conservative_democrat : Path gfx/flags/ : File not found
[14:01:35][no_game_date][flagtextureatlas.cpp:524]: Error loading flag for country BAH : Ideology conservative_democrat : Path gfx/flags/ : File not found
[14:01:35][no_game_date][flagtextureatlas.cpp:524]: Error loading flag for country BAN : Ideology conservative_democrat : Path gfx/flags/ : File not found
[14:01:35][no_game_date][flagtextureatlas.cpp:524]: Error loading flag for country BLZ : Ideology conservative_democrat : Path gfx/flags/ : File not found
[14:01:35][no_game_date][flagtextureatlas.cpp:524]: Error loading flag for country BRM : Ideology conservative_democrat : Path gfx/flags/ : File not found
[14:01:35][no_game_date][flagtextureatlas.cpp:524]: Error loading flag for country CRC : Ideology conservative_democrat : Path gfx/flags/ : File not found
[14:01:35][no_game_date][flagtextureatlas.cpp:524]: Error loading flag for country GDL : Ideology conservative_democrat : Path gfx/flags/ : File not found
[14:01:35][no_game_date][flagtextureatlas.cpp:524]: Error loading flag for country GYA : Ideology conservative_democrat : Path gfx/flags/ : File not found
[14:01:35][no_game_date][flagtextureatlas.cpp:524]: Error loading flag for country JAM : Ideology conservative_democrat : Path gfx/flags/ : File not found
[14:01:35][no_game_date][flagtextureatlas.cpp:524]: Error loading flag for country JAN : Ideology conservative_democrat : Path gfx/flags/ : File not found
[14:01:35][no_game_date][flagtextureatlas.cpp:524]: Error loading flag for country KYR : Ideology conservative_democrat : Path gfx/flags/ : File not found
[14:01:35][no_game_date][flagtextureatlas.cpp:524]: Error loading flag for country MAD : Ideology conservative_democrat : Path gfx/flags/ : File not found
[14:01:35][no_game_date][flagtextureatlas.cpp:524]: Error loading flag for country MOL : Ideology conservative_democrat : Path gfx/flags/ : File not found
[14:01:35][no_game_date][flagtextureatlas.cpp:524]: Error loading flag for country PNG : Ideology conservative_democrat : Path gfx/flags/ : File not found
[14:01:35][no_game_date][flagtextureatlas.cpp:524]: Error loading flag for country PUE : Ideology conservative_democrat : Path gfx/flags/ : File not found
[14:01:35][no_game_date][flagtextureatlas.cpp:524]: Error loading flag for country QAT : Ideology conservative_democrat : Path gfx/flags/ : File not found
[14:01:35][no_game_date][flagtextureatlas.cpp:524]: Error loading flag for country SCO : Ideology conservative_democrat : Path gfx/flags/ : File not found
[14:01:35][no_game_date][flagtextureatlas.cpp:524]: Error loading flag for country SRL : Ideology conservative_democrat : Path gfx/flags/ : File not found
[14:01:35][no_game_date][flagtextureatlas.cpp:524]: Error loading flag for country SUR : Ideology conservative_democrat : Path gfx/flags/ : File not found
[14:01:35][no_game_date][flagtextureatlas.cpp:524]: Error loading flag for country TAJ : Ideology conservative_democrat : Path gfx/flags/ : File not found
[14:01:35][no_game_date][flagtextureatlas.cpp:524]: Error loading flag for country TRI : Ideology conservative_democrat : Path gfx/flags/ : File not found
[14:01:35][no_game_date][flagtextureatlas.cpp:524]: Error loading flag for country TMS : Ideology conservative_democrat : Path gfx/flags/ : File not found
[14:01:35][no_game_date][flagtextureatlas.cpp:524]: Error loading flag for country UAE : Ideology conservative_democrat : Path gfx/flags/ : File not found
[14:01:35][no_game_date][flagtextureatlas.cpp:524]: Error loading flag for country UZB : Ideology conservative_democrat : Path gfx/flags/ : File not found
[14:01:35][no_game_date][flagtextureatlas.cpp:524]: Error loading flag for country KUW : Ideology conservative_democrat : Path gfx/flags/ : File not found
[14:01:35][no_game_date][flagtextureatlas.cpp:524]: Error loading flag for country CYP : Ideology conservative_democrat : Path gfx/flags/ : File not found
[14:01:35][no_game_date][flagtextureatlas.cpp:524]: Error loading flag for country MLT : Ideology conservative_democrat : Path gfx/flags/ : File not found
[14:01:35][no_game_date][flagtextureatlas.cpp:524]: Error loading flag for country ALG : Ideology conservative_democrat : Path gfx/flags/ : File not found
[14:01:35][no_game_date][flagtextureatlas.cpp:524]: Error loading flag for country MOR : Ideology conservative_democrat : Path gfx/flags/ : File not found
[14:01:35][no_game_date][flagtextureatlas.cpp:524]: Error loading flag for country TUN : Ideology conservative_democrat : Path gfx/flags/ : File not found
[14:01:35][no_game_date][flagtextureatlas.cpp:524]: Error loading flag for country SUD : Ideology conservative_democrat : Path gfx/flags/ : File not found
[14:01:35][no_game_date][flagtextureatlas.cpp:524]: Error loading flag for country ERI : Ideology conservative_democrat : Path gfx/flags/ : File not found
[14:01:35][no_game_date][flagtextureatlas.cpp:524]: Error loading flag for country DJI : Ideology conservative_democrat : Path gfx/flags/ : File not found
[14:01:35][no_game_date][flagtextureatlas.cpp:524]: Error loading flag for country SOM : Ideology conservative_democrat : Path gfx/flags/ : File not found
[14:01:35][no_game_date][flagtextureatlas.cpp:524]: Error loading flag for country UGA : Ideology conservative_democrat : Path gfx/flags/ : File not found
[14:01:35][no_game_date][flagtextureatlas.cpp:524]: Error loading flag for country RWA : Ideology conservative_democrat : Path gfx/flags/ : File not found
[14:01:35][no_game_date][flagtextureatlas.cpp:524]: Error loading flag for country BRD : Ideology conservative_democrat : Path gfx/flags/ : File not found
[14:01:35][no_game_date][flagtextureatlas.cpp:524]: Error loading flag for country TZN : Ideology conservative_democrat : Path gfx/flags/ : File not found
[14:01:35][no_game_date][flagtextureatlas.cpp:524]: Error loading flag for country ZAM : Ideology conservative_democrat : Path gfx/flags/ : File not found
[14:01:35][no_game_date][flagtextureatlas.cpp:524]: Error loading flag for country MLW : Ideology conservative_democrat : Path gfx/flags/ : File not found
[14:01:35][no_game_date][flagtextureatlas.cpp:524]: Error loading flag for country GAB : Ideology conservative_democrat : Path gfx/flags/ : File not found
[14:01:35][no_game_date][flagtextureatlas.cpp:524]: Error loading flag for country RCG : Ideology conservative_democrat : Path gfx/flags/ : File not found
[14:01:35][no_game_date][flagtextureatlas.cpp:524]: Error loading flag for country EQG : Ideology conservative_democrat : Path gfx/flags/ : File not found
[14:01:35][no_game_date][flagtextureatlas.cpp:524]: Error loading flag for country CMR : Ideology conservative_democrat : Path gfx/flags/ : File not found
[14:01:35][no_game_date][flagtextureatlas.cpp:524]: Error loading flag for country CAR : Ideology conservative_democrat : Path gfx/flags/ : File not found
[14:01:35][no_game_date][flagtextureatlas.cpp:524]: Error loading flag for country CHA : Ideology conservative_democrat : Path gfx/flags/ : File not found
[14:01:35][no_game_date][flagtextureatlas.cpp:524]: Error loading flag for country NGA : Ideology conservative_democrat : Path gfx/flags/ : File not found
[14:01:35][no_game_date][flagtextureatlas.cpp:524]: Error loading flag for country DAH : Ideology conservative_democrat : Path gfx/flags/ : File not found
[14:01:35][no_game_date][flagtextureatlas.cpp:524]: Error loading flag for country TOG : Ideology conservative_democrat : Path gfx/flags/ : File not found
[14:01:35][no_game_date][flagtextureatlas.cpp:524]: Error loading flag for country GHA : Ideology conservative_democrat : Path gfx/flags/ : File not found
[14:01:35][no_game_date][flagtextureatlas.cpp:524]: Error loading flag for country IVO : Ideology conservative_democrat : Path gfx/flags/ : File not found
[14:01:35][no_game_date][flagtextureatlas.cpp:524]: Error loading flag for country VOL : Ideology conservative_democrat : Path gfx/flags/ : File not found
[14:01:35][no_game_date][flagtextureatlas.cpp:524]: Error loading flag for country MLI : Ideology conservative_democrat : Path gfx/flags/ : File not found
[14:01:35][no_game_date][flagtextureatlas.cpp:524]: Error loading flag for country GNA : Ideology conservative_democrat : Path gfx/flags/ : File not found
[14:01:35][no_game_date][flagtextureatlas.cpp:524]: Error loading flag for country GNB : Ideology conservative_democrat : Path gfx/flags/ : File not found
[14:01:35][no_game_date][flagtextureatlas.cpp:524]: Error loading flag for country SEN : Ideology conservative_democrat : Path gfx/flags/ : File not found
[14:01:35][no_game_date][flagtextureatlas.cpp:524]: Error loading flag for country GAM : Ideology conservative_democrat : Path gfx/flags/ : File not found
[14:01:35][no_game_date][flagtextureatlas.cpp:524]: Error loading flag for country WLS : Ideology conservative_democrat : Path gfx/flags/ : File not found
[14:01:35][no_game_date][flagtextureatlas.cpp:524]: Error loading flag for country NGR : Ideology conservative_democrat : Path gfx/flags/ : File not found
[14:01:35][no_game_date][flagtextureatlas.cpp:524]: Error loading flag for country USB : Ideology conservative_democrat : Path gfx/flags/ : File not found
[14:01:35][no_game_date][flagtextureatlas.cpp:524]: Error loading flag for country MRT : Ideology conservative_democrat : Path gfx/flags/ : File not found
[14:01:35][no_game_date][flagtextureatlas.cpp:524]: Error loading flag for country NMB : Ideology conservative_democrat : Path gfx/flags/ : File not found
[14:01:35][no_game_date][flagtextureatlas.cpp:524]: Error loading flag for country WES : Ideology conservative_democrat : Path gfx/flags/ : File not found
[14:01:35][no_game_date][flagtextureatlas.cpp:524]: Error loading flag for country BAS : Ideology conservative_democrat : Path gfx/flags/ : File not found
[14:01:35][no_game_date][flagtextureatlas.cpp:524]: Error loading flag for country CAY : Ideology conservative_democrat : Path gfx/flags/ : File not found
[14:01:35][no_game_date][flagtextureatlas.cpp:524]: Error loading flag for country MLD : Ideology conservative_democrat : Path gfx/flags/ : File not found
[14:01:35][no_game_date][flagtextureatlas.cpp:524]: Error loading flag for country FIJ : Ideology conservative_democrat : Path gfx/flags/ : File not found
[14:01:35][no_game_date][flagtextureatlas.cpp:524]: Error loading flag for country TAH : Ideology conservative_democrat : Path gfx/flags/ : File not found
[14:01:35][no_game_date][flagtextureatlas.cpp:524]: Error loading flag for country SLV : Ideology conservative_democrat : Path gfx/flags/ : File not found
[14:01:35][no_game_date][flagtextureatlas.cpp:524]: Error loading flag for country BOS : Ideology conservative_democrat : Path gfx/flags/ : File not found
[14:01:35][no_game_date][flagtextureatlas.cpp:524]: Error loading flag for country MAC : Ideology conservative_democrat : Path gfx/flags/ : File not found
[14:01:35][no_game_date][flagtextureatlas.cpp:524]: Error loading flag for country NIR : Ideology conservative_democrat : Path gfx/flags/ : File not found
[14:01:35][no_game_date][flagtextureatlas.cpp:524]: Error loading flag for country BAY : Ideology conservative_democrat : Path gfx/flags/ : File not found
[14:01:35][no_game_date][flagtextureatlas.cpp:524]: Error loading flag for country MEK : Ideology conservative_democrat : Path gfx/flags/ : File not found
[14:01:35][no_game_date][flagtextureatlas.cpp:524]: Error loading flag for country PRE : Ideology conservative_democrat : Path gfx/flags/ : File not found
[14:01:35][no_game_date][flagtextureatlas.cpp:524]: Error loading flag for country SAX : Ideology conservative_democrat : Path gfx/flags/ : File not found
[14:01:35][no_game_date][flagtextureatlas.cpp:524]: Error loading flag for country HAN : Ideology conservative_democrat : Path gfx/flags/ : File not found
[14:01:35][no_game_date][flagtextureatlas.cpp:524]: Error loading flag for country WUR : Ideology conservative_democrat : Path gfx/flags/ : File not found
[14:01:35][no_game_date][flagtextureatlas.cpp:524]: Error loading flag for country SHL : Ideology conservative_democrat : Path gfx/flags/ : File not found
[14:01:35][no_game_date][flagtextureatlas.cpp:524]: Error loading flag for country BUK : Ideology conservative_democrat : Path gfx/flags/ : File not found
[14:01:35][no_game_date][flagtextureatlas.cpp:524]: Error loading flag for country ALT : Ideology conservative_democrat : Path gfx/flags/ : File not found
[14:01:35][no_game_date][flagtextureatlas.cpp:524]: Error loading flag for country KAL : Ideology conservative_democrat : Path gfx/flags/ : File not found
[14:01:35][no_game_date][flagtextureatlas.cpp:524]: Error loading flag for country KAR : Ideology conservative_democrat : Path gfx/flags/ : File not found
[14:01:35][no_game_date][flagtextureatlas.cpp:524]: Error loading flag for country CRI : Ideology conservative_democrat : Path gfx/flags/ : File not found
[14:01:35][no_game_date][flagtextureatlas.cpp:524]: Error loading flag for country TAT : Ideology conservative_democrat : Path gfx/flags/ : File not found
[14:01:35][no_game_date][flagtextureatlas.cpp:524]: Error loading flag for country CIN : Ideology conservative_democrat : Path gfx/flags/ : File not found
[14:01:35][no_game_date][flagtextureatlas.cpp:524]: Error loading flag for country DAG : Ideology conservative_democrat : Path gfx/flags/ : File not found
[14:01:35][no_game_date][flagtextureatlas.cpp:524]: Error loading flag for country BYA : Ideology conservative_democrat : Path gfx/flags/ : File not found
[14:01:35][no_game_date][flagtextureatlas.cpp:524]: Error loading flag for country CKK : Ideology conservative_democrat : Path gfx/flags/ : File not found
[14:01:35][no_game_date][flagtextureatlas.cpp:524]: Error loading flag for country FER : Ideology conservative_democrat : Path gfx/flags/ : File not found
[14:01:35][no_game_date][flagtextureatlas.cpp:524]: Error loading flag for country YAK : Ideology conservative_democrat : Path gfx/flags/ : File not found
[14:01:35][no_game_date][flagtextureatlas.cpp:524]: Error loading flag for country VLA : Ideology conservative_democrat : Path gfx/flags/ : File not found
[14:01:35][no_game_date][flagtextureatlas.cpp:524]: Error loading flag for country KKP : Ideology conservative_democrat : Path gfx/flags/ : File not found
[14:01:35][no_game_date][flagtextureatlas.cpp:524]: Error loading flag for country YAM : Ideology conservative_democrat : Path gfx/flags/ : File not found
[14:01:35][no_game_date][flagtextureatlas.cpp:524]: Error loading flag for country TAY : Ideology conservative_democrat : Path gfx/flags/ : File not found
[14:01:35][no_game_date][flagtextureatlas.cpp:524]: Error loading flag for country OVO : Ideology conservative_democrat : Path gfx/flags/ : File not found
[14:01:35][no_game_date][flagtextureatlas.cpp:524]: Error loading flag for country NEN : Ideology conservative_democrat : Path gfx/flags/ : File not found
[14:01:35][no_game_date][flagtextureatlas.cpp:524]: Error loading flag for country KOM : Ideology conservative_democrat : Path gfx/flags/ : File not found
[14:01:35][no_game_date][flagtextureatlas.cpp:524]: Error loading flag for country ABK : Ideology conservative_democrat : Path gfx/flags/ : File not found
[14:01:35][no_game_date][flagtextureatlas.cpp:524]: Error loading flag for country KBK : Ideology conservative_democrat : Path gfx/flags/ : File not found
[14:01:35][no_game_date][flagtextureatlas.cpp:524]: Error loading flag for country NOA : Ideology conservative_democrat : Path gfx/flags/ : File not found
[14:01:35][no_game_date][flagtextureatlas.cpp:524]: Error loading flag for country VGE : Ideology conservative_democrat : Path gfx/flags/ : File not found
[14:01:35][no_game_date][flagtextureatlas.cpp:524]: Error loading flag for country BSK : Ideology conservative_democrat : Path gfx/flags/ : File not found
[14:01:35][no_game_date][flagtextureatlas.cpp:524]: Error loading flag for country KHI : Ideology conservative_democrat : Path gfx/flags/ : File not found
[14:01:35][no_game_date][flagtextureatlas.cpp:524]: Error loading flag for country UDM : Ideology conservative_democrat : Path gfx/flags/ : File not found
[14:01:35][no_game_date][flagtextureatlas.cpp:524]: Error loading flag for country CHU : Ideology conservative_democrat : Path gfx/flags/ : File not found
[14:01:35][no_game_date][flagtextureatlas.cpp:524]: Error loading flag for country MEL : Ideology conservative_democrat : Path gfx/flags/ : File not found
[14:01:35][no_game_date][flagtextureatlas.cpp:524]: Error loading flag for country RIF : Ideology conservative_democrat : Path gfx/flags/ : File not found
[14:01:35][no_game_date][flagtextureatlas.cpp:524]: Error loading flag for country AFA : Ideology conservative_democrat : Path gfx/flags/ : File not found
[14:01:35][no_game_date][flagtextureatlas.cpp:524]: Error loading flag for country BEG : Ideology conservative_democrat : Path gfx/flags/ : File not found
[14:01:35][no_game_date][flagtextureatlas.cpp:524]: Error loading flag for country AOI : Ideology conservative_democrat : Path gfx/flags/ : File not found
[14:01:35][no_game_date][flagtextureatlas.cpp:524]: Error loading flag for country GRN : Ideology conservative_democrat : Path gfx/flags/ : File not found
[14:01:35][no_game_date][flagtextureatlas.cpp:524]: Error loading flag for country RAP : Ideology conservative_democrat : Path gfx/flags/ : File not found
[14:01:35][no_game_date][flagtextureatlas.cpp:524]: Error loading flag for country YUC : Ideology conservative_democrat : Path gfx/flags/ : File not found
[14:01:35][no_game_date][flagtextureatlas.cpp:524]: Error loading flag for country RIG : Ideology conservative_democrat : Path gfx/flags/ : File not found
[14:01:35][no_game_date][flagtextureatlas.cpp:524]: Error loading flag for country QUE : Ideology conservative_democrat : Path gfx/flags/ : File not found
[14:01:35][no_game_date][flagtextureatlas.cpp:524]: Error loading flag for country KAT : Ideology conservative_democrat : Path gfx/flags/ : File not found
[14:01:35][no_game_date][flagtextureatlas.cpp:524]: Error loading flag for country BIA : Ideology conservative_democrat : Path gfx/flags/ : File not found
[14:01:35][no_game_date][flagtextureatlas.cpp:524]: Error loading flag for country CBV : Ideology conservative_democrat : Path gfx/flags/ : File not found
[14:01:35][no_game_date][flagtextureatlas.cpp:524]: Error loading flag for country BAR : Ideology conservative_democrat : Path gfx/flags/ : File not found
[14:01:35][no_game_date][flagtextureatlas.cpp:524]: Error loading flag for country EVE : Ideology conservative_democrat : Path gfx/flags/ : File not found
[14:01:35][no_game_date][flagtextureatlas.cpp:524]: Error loading flag for country SOK : Ideology conservative_democrat : Path gfx/flags/ : File not found
[14:01:35][no_game_date][flagtextureatlas.cpp:524]: Error loading flag for country THU : Ideology conservative_democrat : Path gfx/flags/ : File not found
[14:01:35][no_game_date][flagtextureatlas.cpp:524]: Error loading flag for country HES : Ideology conservative_democrat : Path gfx/flags/ : File not found
[14:01:35][no_game_date][flagtextureatlas.cpp:524]: Error loading flag for country RHI : Ideology conservative_democrat : Path gfx/flags/ : File not found
[14:01:35][no_game_date][flagtextureatlas.cpp:524]: Error loading flag for country UBD : Ideology conservative_democrat : Path gfx/flags/ : File not found
[14:01:35][no_game_date][flagtextureatlas.cpp:524]: Error loading flag for country GAR : Ideology conservative_democrat : Path gfx/flags/ : File not found
[14:01:35][no_game_date][flagtextureatlas.cpp:524]: Error loading flag for country MIS : Ideology conservative_democrat : Path gfx/flags/ : File not found
[14:01:35][no_game_date][flagtextureatlas.cpp:524]: Error loading flag for country MAY : Ideology conservative_democrat : Path gfx/flags/ : File not found
[14:01:35][no_game_date][flagtextureatlas.cpp:524]: Error loading flag for country INU : Ideology conservative_democrat : Path gfx/flags/ : File not found
[14:01:35][no_game_date][flagtextureatlas.cpp:524]: Error loading flag for country CHR : Ideology conservative_democrat : Path gfx/flags/ : File not found
[14:01:35][no_game_date][flagtextureatlas.cpp:524]: Error loading flag for country ITZ : Ideology conservative_democrat : Path gfx/flags/ : File not found
[14:01:35][no_game_date][flagtextureatlas.cpp:524]: Error loading flag for country NAH : Ideology conservative_democrat : Path gfx/flags/ : File not found
[14:01:35][no_game_date][flagtextureatlas.cpp:524]: Error loading flag for country IAS : Ideology conservative_democrat : Path gfx/flags/ : File not found
[14:01:35][no_game_date][flagtextureatlas.cpp:524]: Error loading flag for country PSH : Ideology conservative_democrat : Path gfx/flags/ : File not found
[14:01:35][no_game_date][flagtextureatlas.cpp:524]: Error loading flag for country HYD : Ideology conservative_democrat : Path gfx/flags/ : File not found
[14:01:35][no_game_date][flagtextureatlas.cpp:524]: Error loading flag for country MYS : Ideology conservative_democrat : Path gfx/flags/ : File not found
[14:01:35][no_game_date][flagtextureatlas.cpp:524]: Error loading flag for country RJP : Ideology conservative_democrat : Path gfx/flags/ : File not found
[14:01:35][no_game_date][flagtextureatlas.cpp:524]: Error loading flag for country CIP : Ideology conservative_democrat : Path gfx/flags/ : File not found
[14:01:35][no_game_date][flagtextureatlas.cpp:524]: Error loading flag for country RAS : Ideology conservative_democrat : Path gfx/flags/ : File not found
[14:01:35][no_game_date][flagtextureatlas.cpp:524]: Error loading flag for country NWF : Ideology conservative_democrat : Path gfx/flags/ : File not found
[14:01:35][no_game_date][flagtextureatlas.cpp:524]: Error loading flag for country MPU : Ideology conservative_democrat : Path gfx/flags/ : File not found
[14:01:35][no_game_date][flagtextureatlas.cpp:524]: Error loading flag for country WIS : Ideology conservative_democrat : Path gfx/flags/ : File not found
[14:01:35][no_game_date][flagtextureatlas.cpp:524]: Error loading flag for country KOL : Ideology conservative_democrat : Path gfx/flags/ : File not found
[14:01:35][no_game_date][flagtextureatlas.cpp:524]: Error loading flag for country KHL : Ideology conservative_democrat : Path gfx/flags/ : File not found
[14:01:35][no_game_date][flagtextureatlas.cpp:524]: Error loading flag for country SIN : Ideology conservative_democrat : Path gfx/flags/ : File not found
[14:01:35][no_game_date][flagtextureatlas.cpp:524]: Error loading flag for country KLT : Ideology conservative_democrat : Path gfx/flags/ : File not found
[14:01:35][no_game_date][flagtextureatlas.cpp:524]: Error loading flag for country SKK : Ideology conservative_democrat : Path gfx/flags/ : File not found
[14:01:35][no_game_date][flagtextureatlas.cpp:524]: Error loading flag for country FSA : Ideology conservative_democrat : Path gfx/flags/ : File not found
[14:01:35][no_game_date][flagtextureatlas.cpp:524]: Error loading flag for country ASY : Ideology conservative_democrat : Path gfx/flags/ : File not found
[14:01:35][no_game_date][flagtextureatlas.cpp:524]: Error loading flag for country BHR : Ideology conservative_democrat : Path gfx/flags/ : File not found
[14:01:35][no_game_date][flagtextureatlas.cpp:524]: Error loading flag for country IMO : Ideology conservative_democrat : Path gfx/flags/ : File not found
[14:01:35][no_game_date][flagtextureatlas.cpp:524]: Error loading flag for country BLC : Ideology conservative_democrat : Path gfx/flags/ : File not found
[14:01:35][no_game_date][flagtextureatlas.cpp:524]: Error loading flag for country EZO : Ideology conservative_democrat : Path gfx/flags/ : File not found
[14:01:35][no_game_date][flagtextureatlas.cpp:524]: Error loading flag for country OKN : Ideology conservative_democrat : Path gfx/flags/ : File not found
[14:01:35][no_game_date][flagtextureatlas.cpp:524]: Error loading flag for country ANU : Ideology conservative_democrat : Path gfx/flags/ : File not found
[14:01:35][no_game_date][flagtextureatlas.cpp:524]: Error loading flag for country PLU : Ideology conservative_democrat : Path gfx/flags/ : File not found
[14:01:35][no_game_date][flagtextureatlas.cpp:524]: Error loading flag for country FOR : Ideology conservative_democrat : Path gfx/flags/ : File not found
[14:01:35][no_game_date][flagtextureatlas.cpp:524]: Error loading flag for country TML : Ideology conservative_democrat : Path gfx/flags/ : File not found
[14:01:35][no_game_date][flagtextureatlas.cpp:524]: Error loading flag for country CHM : Ideology conservative_democrat : Path gfx/flags/ : File not found
[14:01:35][no_game_date][flagtextureatlas.cpp:524]: Error loading flag for country SNG : Ideology conservative_democrat : Path gfx/flags/ : File not found
[14:01:35][no_game_date][flagtextureatlas.cpp:524]: Error loading flag for country SAR : Ideology conservative_democrat : Path gfx/flags/ : File not found
[14:01:35][no_game_date][flagtextureatlas.cpp:524]: Error loading flag for country SAB : Ideology conservative_democrat : Path gfx/flags/ : File not found
[14:01:35][no_game_date][flagtextureatlas.cpp:524]: Error loading flag for country BRN : Ideology conservative_democrat : Path gfx/flags/ : File not found
[14:01:35][no_game_date][flagtextureatlas.cpp:524]: Error loading flag for country WPG : Ideology conservative_democrat : Path gfx/flags/ : File not found
[14:01:35][no_game_date][flagtextureatlas.cpp:524]: Error loading flag for country HBC : Ideology conservative_democrat : Path gfx/flags/ : File not found
[14:01:35][no_game_date][flagtextureatlas.cpp:524]: Error loading flag for country GER : Ideology conservative_democrat : Path gfx/flags/medium/ : File not found
[14:01:35][no_game_date][flagtextureatlas.cpp:524]: Error loading flag for country ENG : Ideology conservative_democrat : Path gfx/flags/medium/ : File not found
[14:01:35][no_game_date][flagtextureatlas.cpp:524]: Error loading flag for country SOV : Ideology conservative_democrat : Path gfx/flags/medium/ : File not found
[14:01:35][no_game_date][flagtextureatlas.cpp:524]: Error loading flag for country SWE : Ideology conservative_democrat : Path gfx/flags/medium/ : File not found
[14:01:35][no_game_date][flagtextureatlas.cpp:524]: Error loading flag for country FRA : Ideology conservative_democrat : Path gfx/flags/medium/ : File not found
[14:01:35][no_game_date][flagtextureatlas.cpp:524]: Error loading flag for country LUX : Ideology conservative_democrat : Path gfx/flags/medium/ : File not found
[14:01:35][no_game_date][flagtextureatlas.cpp:524]: Error loading flag for country BEL : Ideology conservative_democrat : Path gfx/flags/medium/ : File not found
[14:01:35][no_game_date][flagtextureatlas.cpp:524]: Error loading flag for country HOL : Ideology conservative_democrat : Path gfx/flags/medium/ : File not found
[14:01:35][no_game_date][flagtextureatlas.cpp:524]: Error loading flag for country CZE : Ideology conservative_democrat : Path gfx/flags/medium/ : File not found
[14:01:35][no_game_date][flagtextureatlas.cpp:524]: Error loading flag for country POL : Ideology conservative_democrat : Path gfx/flags/medium/ : File not found
[14:01:35][no_game_date][flagtextureatlas.cpp:524]: Error loading flag for country AUS : Ideology conservative_democrat : Path gfx/flags/medium/ : File not found
[14:01:35][no_game_date][flagtextureatlas.cpp:524]: Error loading flag for country LIT : Ideology conservative_democrat : Path gfx/flags/medium/ : File not found
[14:01:35][no_game_date][flagtextureatlas.cpp:524]: Error loading flag for country EST : Ideology conservative_democrat : Path gfx/flags/medium/ : File not found
[14:01:35][no_game_date][flagtextureatlas.cpp:524]: Error loading flag for country LAT : Ideology conservative_democrat : Path gfx/flags/medium/ : File not found
[14:01:35][no_game_date][flagtextureatlas.cpp:524]: Error loading flag for country SPR : Ideology conservative_democrat : Path gfx/flags/medium/ : File not found
[14:01:35][no_game_date][flagtextureatlas.cpp:524]: Error loading flag for country ITA : Ideology conservative_democrat : Path gfx/flags/medium/ : File not found
[14:01:35][no_game_date][flagtextureatlas.cpp:524]: Error loading flag for country YUG : Ideology conservative_democrat : Path gfx/flags/medium/ : File not found
[14:01:35][no_game_date][flagtextureatlas.cpp:524]: Error loading flag for country SWI : Ideology conservative_democrat : Path gfx/flags/medium/ : File not found
[14:01:35][no_game_date][flagtextureatlas.cpp:524]: Error loading flag for country TUR : Ideology conservative_democrat : Path gfx/flags/medium/ : File not found
[14:01:35][no_game_date][flagtextureatlas.cpp:524]: Error loading flag for country GRE : Ideology conservative_democrat : Path gfx/flags/medium/ : File not found
[14:01:35][no_game_date][flagtextureatlas.cpp:524]: Error loading flag for country ALB : Ideology conservative_democrat : Path gfx/flags/medium/ : File not found
[14:01:35][no_game_date][flagtextureatlas.cpp:524]: Error loading flag for country NOR : Ideology conservative_democrat : Path gfx/flags/medium/ : File not found
[14:01:35][no_game_date][flagtextureatlas.cpp:524]: Error loading flag for country DEN : Ideology conservative_democrat : Path gfx/flags/medium/ : File not found
[14:01:35][no_game_date][flagtextureatlas.cpp:524]: Error loading flag for country BUL : Ideology conservative_democrat : Path gfx/flags/medium/ : File not found
[14:01:35][no_game_date][flagtextureatlas.cpp:524]: Error loading flag for country POR : Ideology conservative_democrat : Path gfx/flags/medium/ : File not found
[14:01:35][no_game_date][flagtextureatlas.cpp:524]: Error loading flag for country FIN : Ideology conservative_democrat : Path gfx/flags/medium/ : File not found
[14:01:35][no_game_date][flagtextureatlas.cpp:524]: Error loading flag for country IRE : Ideology conservative_democrat : Path gfx/flags/medium/ : File not found
[14:01:35][no_game_date][flagtextureatlas.cpp:524]: Error loading flag for country HUN : Ideology conservative_democrat : Path gfx/flags/medium/ : File not found
[14:01:35][no_game_date][flagtextureatlas.cpp:524]: Error loading flag for country AFG : Ideology conservative_democrat : Path gfx/flags/medium/ : File not found
[14:01:35][no_game_date][flagtextureatlas.cpp:524]: Error loading flag for country ARG : Ideology conservative_democrat : Path gfx/flags/medium/ : File not found
[14:01:35][no_game_date][flagtextureatlas.cpp:524]: Error loading flag for country AST : Ideology conservative_democrat : Path gfx/flags/medium/ : File not found
[14:01:35][no_game_date][flagtextureatlas.cpp:524]: Error loading flag for country BHU : Ideology conservative_democrat : Path gfx/flags/medium/ : File not found
[14:01:35][no_game_date][flagtextureatlas.cpp:524]: Error loading flag for country BOL : Ideology conservative_democrat : Path gfx/flags/medium/ : File not found
[14:01:35][no_game_date][flagtextureatlas.cpp:524]: Error loading flag for country BRA : Ideology conservative_democrat : Path gfx/flags/medium/ : File not found
[14:01:35][no_game_date][flagtextureatlas.cpp:524]: Error loading flag for country CHI : Ideology conservative_democrat : Path gfx/flags/medium/ : File not found
[14:01:35][no_game_date][flagtextureatlas.cpp:524]: Error loading flag for country CHL : Ideology conservative_democrat : Path gfx/flags/medium/ : File not found
[14:01:35][no_game_date][flagtextureatlas.cpp:524]: Error loading flag for country COL : Ideology conservative_democrat : Path gfx/flags/medium/ : File not found
[14:01:35][no_game_date][flagtextureatlas.cpp:524]: Error loading flag for country COS : Ideology conservative_democrat : Path gfx/flags/medium/ : File not found
[14:01:35][no_game_date][flagtextureatlas.cpp:524]: Error loading flag for country ECU : Ideology conservative_democrat : Path gfx/flags/medium/ : File not found
[14:01:35][no_game_date][flagtextureatlas.cpp:524]: Error loading flag for country ELS : Ideology conservative_democrat : Path gfx/flags/medium/ : File not found
[14:01:35][no_game_date][flagtextureatlas.cpp:524]: Error loading flag for country ETH : Ideology conservative_democrat : Path gfx/flags/medium/ : File not found
[14:01:35][no_game_date][flagtextureatlas.cpp:524]: Error loading flag for country GUA : Ideology conservative_democrat : Path gfx/flags/medium/ : File not found
[14:01:35][no_game_date][flagtextureatlas.cpp:524]: Error loading flag for country HON : Ideology conservative_democrat : Path gfx/flags/medium/ : File not found
[14:01:35][no_game_date][flagtextureatlas.cpp:524]: Error loading flag for country IRQ : Ideology conservative_democrat : Path gfx/flags/medium/ : File not found
[14:01:35][no_game_date][flagtextureatlas.cpp:524]: Error loading flag for country JAP : Ideology conservative_democrat : Path gfx/flags/medium/ : File not found
[14:01:35][no_game_date][flagtextureatlas.cpp:524]: Error loading flag for country KOR : Ideology conservative_democrat : Path gfx/flags/medium/ : File not found
[14:01:35][no_game_date][flagtextureatlas.cpp:524]: Error loading flag for country LIB : Ideology conservative_democrat : Path gfx/flags/medium/ : File not found
[14:01:35][no_game_date][flagtextureatlas.cpp:524]: Error loading flag for country NEP : Ideology conservative_democrat : Path gfx/flags/medium/ : File not found
[14:01:35][no_game_date][flagtextureatlas.cpp:524]: Error loading flag for country NIC : Ideology conservative_democrat : Path gfx/flags/medium/ : File not found
[14:01:35][no_game_date][flagtextureatlas.cpp:524]: Error loading flag for country NZL : Ideology conservative_democrat : Path gfx/flags/medium/ : File not found
[14:01:35][no_game_date][flagtextureatlas.cpp:524]: Error loading flag for country PER : Ideology conservative_democrat : Path gfx/flags/medium/ : File not found
[14:01:35][no_game_date][flagtextureatlas.cpp:524]: Error loading flag for country PHI : Ideology conservative_democrat : Path gfx/flags/medium/ : File not found
[14:01:35][no_game_date][flagtextureatlas.cpp:524]: Error loading flag for country PRU : Ideology conservative_democrat : Path gfx/flags/medium/ : File not found
[14:01:35][no_game_date][flagtextureatlas.cpp:524]: Error loading flag for country SAF : Ideology conservative_democrat : Path gfx/flags/medium/ : File not found
[14:01:35][no_game_date][flagtextureatlas.cpp:524]: Error loading flag for country SAU : Ideology conservative_democrat : Path gfx/flags/medium/ : File not found
[14:01:35][no_game_date][flagtextureatlas.cpp:524]: Error loading flag for country SIA : Ideology conservative_democrat : Path gfx/flags/medium/ : File not found
[14:01:35][no_game_date][flagtextureatlas.cpp:524]: Error loading flag for country SIK : Ideology conservative_democrat : Path gfx/flags/medium/ : File not found
[14:01:35][no_game_date][flagtextureatlas.cpp:524]: Error loading flag for country TIB : Ideology conservative_democrat : Path gfx/flags/medium/ : File not found
[14:01:35][no_game_date][flagtextureatlas.cpp:524]: Error loading flag for country URG : Ideology conservative_democrat : Path gfx/flags/medium/ : File not found
[14:01:35][no_game_date][flagtextureatlas.cpp:524]: Error loading flag for country VEN : Ideology conservative_democrat : Path gfx/flags/medium/ : File not found
[14:01:35][no_game_date][flagtextureatlas.cpp:524]: Error loading flag for country YUN : Ideology conservative_democrat : Path gfx/flags/medium/ : File not found
[14:01:35][no_game_date][flagtextureatlas.cpp:524]: Error loading flag for country MON : Ideology conservative_democrat : Path gfx/flags/medium/ : File not found
[14:01:35][no_game_date][flagtextureatlas.cpp:524]: Error loading flag for country TAN : Ideology conservative_democrat : Path gfx/flags/medium/ : File not found
[14:01:35][no_game_date][flagtextureatlas.cpp:524]: Error loading flag for country PAR : Ideology conservative_democrat : Path gfx/flags/medium/ : File not found
[14:01:35][no_game_date][flagtextureatlas.cpp:524]: Error loading flag for country CUB : Ideology conservative_democrat : Path gfx/flags/medium/ : File not found
[14:01:35][no_game_date][flagtextureatlas.cpp:524]: Error loading flag for country DOM : Ideology conservative_democrat : Path gfx/flags/medium/ : File not found
[14:01:35][no_game_date][flagtextureatlas.cpp:524]: Error loading flag for country HAI : Ideology conservative_democrat : Path gfx/flags/medium/ : File not found
[14:01:35][no_game_date][flagtextureatlas.cpp:524]: Error loading flag for country YEM : Ideology conservative_democrat : Path gfx/flags/medium/ : File not found
[14:01:35][no_game_date][flagtextureatlas.cpp:524]: Error loading flag for country OMA : Ideology conservative_democrat : Path gfx/flags/medium/ : File not found
[14:01:35][no_game_date][flagtextureatlas.cpp:524]: Error loading flag for country SLO : Ideology conservative_democrat : Path gfx/flags/medium/ : File not found
[14:01:35][no_game_date][flagtextureatlas.cpp:524]: Error loading flag for country CRO : Ideology conservative_democrat : Path gfx/flags/medium/ : File not found
[14:01:35][no_game_date][flagtextureatlas.cpp:524]: Error loading flag for country GXC : Ideology conservative_democrat : Path gfx/flags/medium/ : File not found
[14:01:35][no_game_date][flagtextureatlas.cpp:524]: Error loading flag for country PRC : Ideology conservative_democrat : Path gfx/flags/medium/ : File not found
[14:01:35][no_game_date][flagtextureatlas.cpp:524]: Error loading flag for country SHX : Ideology conservative_democrat : Path gfx/flags/medium/ : File not found
[14:01:35][no_game_date][flagtextureatlas.cpp:524]: Error loading flag for country XSM : Ideology conservative_democrat : Path gfx/flags/medium/ : File not found
[14:01:35][no_game_date][flagtextureatlas.cpp:524]: Error loading flag for country VIN : Ideology conservative_democrat : Path gfx/flags/medium/ : File not found
[14:01:35][no_game_date][flagtextureatlas.cpp:524]: Error loading flag for country KAZ : Ideology conservative_democrat : Path gfx/flags/medium/ : File not found
[14:01:35][no_game_date][flagtextureatlas.cpp:524]: Error loading flag for country AZR : Ideology conservative_democrat : Path gfx/flags/medium/ : File not found
[14:01:35][no_game_date][flagtextureatlas.cpp:524]: Error loading flag for country ANG : Ideology conservative_democrat : Path gfx/flags/medium/ : File not found
[14:01:35][no_game_date][flagtextureatlas.cpp:524]: Error loading flag for country MZB : Ideology conservative_democrat : Path gfx/flags/medium/ : File not found
[14:01:35][no_game_date][flagtextureatlas.cpp:524]: Error loading flag for country ZIM : Ideology conservative_democrat : Path gfx/flags/medium/ : File not found
[14:01:35][no_game_date][flagtextureatlas.cpp:524]: Error loading flag for country COG : Ideology conservative_democrat : Path gfx/flags/medium/ : File not found
[14:01:35][no_game_date][flagtextureatlas.cpp:524]: Error loading flag for country KEN : Ideology conservative_democrat : Path gfx/flags/medium/ : File not found
[14:01:35][no_game_date][flagtextureatlas.cpp:524]: Error loading flag for country BOT : Ideology conservative_democrat : Path gfx/flags/medium/ : File not found
[14:01:35][no_game_date][flagtextureatlas.cpp:524]: Error loading flag for country BAH : Ideology conservative_democrat : Path gfx/flags/medium/ : File not found
[14:01:35][no_game_date][flagtextureatlas.cpp:524]: Error loading flag for country BAN : Ideology conservative_democrat : Path gfx/flags/medium/ : File not found
[14:01:35][no_game_date][flagtextureatlas.cpp:524]: Error loading flag for country BLZ : Ideology conservative_democrat : Path gfx/flags/medium/ : File not found
[14:01:35][no_game_date][flagtextureatlas.cpp:524]: Error loading flag for country BRM : Ideology conservative_democrat : Path gfx/flags/medium/ : File not found
[14:01:35][no_game_date][flagtextureatlas.cpp:524]: Error loading flag for country CRC : Ideology conservative_democrat : Path gfx/flags/medium/ : File not found
[14:01:35][no_game_date][flagtextureatlas.cpp:524]: Error loading flag for country GDL : Ideology conservative_democrat : Path gfx/flags/medium/ : File not found
[14:01:35][no_game_date][flagtextureatlas.cpp:524]: Error loading flag for country GYA : Ideology conservative_democrat : Path gfx/flags/medium/ : File not found
[14:01:35][no_game_date][flagtextureatlas.cpp:524]: Error loading flag for country JAM : Ideology conservative_democrat : Path gfx/flags/medium/ : File not found
[14:01:35][no_game_date][flagtextureatlas.cpp:524]: Error loading flag for country JAN : Ideology conservative_democrat : Path gfx/flags/medium/ : File not found
[14:01:35][no_game_date][flagtextureatlas.cpp:524]: Error loading flag for country KYR : Ideology conservative_democrat : Path gfx/flags/medium/ : File not found
[14:01:35][no_game_date][flagtextureatlas.cpp:524]: Error loading flag for country MAD : Ideology conservative_democrat : Path gfx/flags/medium/ : File not found
[14:01:35][no_game_date][flagtextureatlas.cpp:524]: Error loading flag for country MOL : Ideology conservative_democrat : Path gfx/flags/medium/ : File not found
[14:01:35][no_game_date][flagtextureatlas.cpp:524]: Error loading flag for country PNG : Ideology conservative_democrat : Path gfx/flags/medium/ : File not found
[14:01:35][no_game_date][flagtextureatlas.cpp:524]: Error loading flag for country PUE : Ideology conservative_democrat : Path gfx/flags/medium/ : File not found
[14:01:35][no_game_date][flagtextureatlas.cpp:524]: Error loading flag for country QAT : Ideology conservative_democrat : Path gfx/flags/medium/ : File not found
[14:01:35][no_game_date][flagtextureatlas.cpp:524]: Error loading flag for country SCO : Ideology conservative_democrat : Path gfx/flags/medium/ : File not found
[14:01:35][no_game_date][flagtextureatlas.cpp:524]: Error loading flag for country SRL : Ideology conservative_democrat : Path gfx/flags/medium/ : File not found
[14:01:35][no_game_date][flagtextureatlas.cpp:524]: Error loading flag for country SUR : Ideology conservative_democrat : Path gfx/flags/medium/ : File not found
[14:01:35][no_game_date][flagtextureatlas.cpp:524]: Error loading flag for country TAJ : Ideology conservative_democrat : Path gfx/flags/medium/ : File not found
[14:01:35][no_game_date][flagtextureatlas.cpp:524]: Error loading flag for country TRI : Ideology conservative_democrat : Path gfx/flags/medium/ : File not found
[14:01:35][no_game_date][flagtextureatlas.cpp:524]: Error loading flag for country TMS : Ideology conservative_democrat : Path gfx/flags/medium/ : File not found
[14:01:35][no_game_date][flagtextureatlas.cpp:524]: Error loading flag for country UAE : Ideology conservative_democrat : Path gfx/flags/medium/ : File not found
[14:01:35][no_game_date][flagtextureatlas.cpp:524]: Error loading flag for country UZB : Ideology conservative_democrat : Path gfx/flags/medium/ : File not found
[14:01:35][no_game_date][flagtextureatlas.cpp:524]: Error loading flag for country KUW : Ideology conservative_democrat : Path gfx/flags/medium/ : File not found
[14:01:35][no_game_date][flagtextureatlas.cpp:524]: Error loading flag for country CYP : Ideology conservative_democrat : Path gfx/flags/medium/ : File not found
[14:01:35][no_game_date][flagtextureatlas.cpp:524]: Error loading flag for country MLT : Ideology conservative_democrat : Path gfx/flags/medium/ : File not found
[14:01:35][no_game_date][flagtextureatlas.cpp:524]: Error loading flag for country ALG : Ideology conservative_democrat : Path gfx/flags/medium/ : File not found
[14:01:35][no_game_date][flagtextureatlas.cpp:524]: Error loading flag for country MOR : Ideology conservative_democrat : Path gfx/flags/medium/ : File not found
[14:01:35][no_game_date][flagtextureatlas.cpp:524]: Error loading flag for country TUN : Ideology conservative_democrat : Path gfx/flags/medium/ : File not found
[14:01:35][no_game_date][flagtextureatlas.cpp:524]: Error loading flag for country SUD : Ideology conservative_democrat : Path gfx/flags/medium/ : File not found
[14:01:35][no_game_date][flagtextureatlas.cpp:524]: Error loading flag for country ERI : Ideology conservative_democrat : Path gfx/flags/medium/ : File not found
[14:01:35][no_game_date][flagtextureatlas.cpp:524]: Error loading flag for country DJI : Ideology conservative_democrat : Path gfx/flags/medium/ : File not found
[14:01:35][no_game_date][flagtextureatlas.cpp:524]: Error loading flag for country SOM : Ideology conservative_democrat : Path gfx/flags/medium/ : File not found
[14:01:35][no_game_date][flagtextureatlas.cpp:524]: Error loading flag for country UGA : Ideology conservative_democrat : Path gfx/flags/medium/ : File not found
[14:01:35][no_game_date][flagtextureatlas.cpp:524]: Error loading flag for country RWA : Ideology conservative_democrat : Path gfx/flags/medium/ : File not found
[14:01:35][no_game_date][flagtextureatlas.cpp:524]: Error loading flag for country BRD : Ideology conservative_democrat : Path gfx/flags/medium/ : File not found
[14:01:35][no_game_date][flagtextureatlas.cpp:524]: Error loading flag for country TZN : Ideology conservative_democrat : Path gfx/flags/medium/ : File not found
[14:01:35][no_game_date][flagtextureatlas.cpp:524]: Error loading flag for country ZAM : Ideology conservative_democrat : Path gfx/flags/medium/ : File not found
[14:01:35][no_game_date][flagtextureatlas.cpp:524]: Error loading flag for country MLW : Ideology conservative_democrat : Path gfx/flags/medium/ : File not found
[14:01:35][no_game_date][flagtextureatlas.cpp:524]: Error loading flag for country GAB : Ideology conservative_democrat : Path gfx/flags/medium/ : File not found
[14:01:35][no_game_date][flagtextureatlas.cpp:524]: Error loading flag for country RCG : Ideology conservative_democrat : Path gfx/flags/medium/ : File not found
[14:01:35][no_game_date][flagtextureatlas.cpp:524]: Error loading flag for country EQG : Ideology conservative_democrat : Path gfx/flags/medium/ : File not found
[14:01:35][no_game_date][flagtextureatlas.cpp:524]: Error loading flag for country CMR : Ideology conservative_democrat : Path gfx/flags/medium/ : File not found
[14:01:35][no_game_date][flagtextureatlas.cpp:524]: Error loading flag for country CAR : Ideology conservative_democrat : Path gfx/flags/medium/ : File not found
[14:01:35][no_game_date][flagtextureatlas.cpp:524]: Error loading flag for country CHA : Ideology conservative_democrat : Path gfx/flags/medium/ : File not found
[14:01:35][no_game_date][flagtextureatlas.cpp:524]: Error loading flag for country NGA : Ideology conservative_democrat : Path gfx/flags/medium/ : File not found
[14:01:35][no_game_date][flagtextureatlas.cpp:524]: Error loading flag for country DAH : Ideology conservative_democrat : Path gfx/flags/medium/ : File not found
[14:01:35][no_game_date][flagtextureatlas.cpp:524]: Error loading flag for country TOG : Ideology conservative_democrat : Path gfx/flags/medium/ : File not found
[14:01:35][no_game_date][flagtextureatlas.cpp:524]: Error loading flag for country GHA : Ideology conservative_democrat : Path gfx/flags/medium/ : File not found
[14:01:35][no_game_date][flagtextureatlas.cpp:524]: Error loading flag for country IVO : Ideology conservative_democrat : Path gfx/flags/medium/ : File not found
[14:01:35][no_game_date][flagtextureatlas.cpp:524]: Error loading flag for country VOL : Ideology conservative_democrat : Path gfx/flags/medium/ : File not found
[14:01:35][no_game_date][flagtextureatlas.cpp:524]: Error loading flag for country MLI : Ideology conservative_democrat : Path gfx/flags/medium/ : File not found
[14:01:35][no_game_date][flagtextureatlas.cpp:524]: Error loading flag for country GNA : Ideology conservative_democrat : Path gfx/flags/medium/ : File not found
[14:01:35][no_game_date][flagtextureatlas.cpp:524]: Error loading flag for country GNB : Ideology conservative_democrat : Path gfx/flags/medium/ : File not found
[14:01:35][no_game_date][flagtextureatlas.cpp:524]: Error loading flag for country SEN : Ideology conservative_democrat : Path gfx/flags/medium/ : File not found
[14:01:35][no_game_date][flagtextureatlas.cpp:524]: Error loading flag for country GAM : Ideology conservative_democrat : Path gfx/flags/medium/ : File not found
[14:01:35][no_game_date][flagtextureatlas.cpp:524]: Error loading flag for country WLS : Ideology conservative_democrat : Path gfx/flags/medium/ : File not found
[14:01:35][no_game_date][flagtextureatlas.cpp:524]: Error loading flag for country NGR : Ideology conservative_democrat : Path gfx/flags/medium/ : File not found
[14:01:35][no_game_date][flagtextureatlas.cpp:524]: Error loading flag for country USB : Ideology conservative_democrat : Path gfx/flags/medium/ : File not found
[14:01:35][no_game_date][flagtextureatlas.cpp:524]: Error loading flag for country MRT : Ideology conservative_democrat : Path gfx/flags/medium/ : File not found
[14:01:35][no_game_date][flagtextureatlas.cpp:524]: Error loading flag for country NMB : Ideology conservative_democrat : Path gfx/flags/medium/ : File not found
[14:01:35][no_game_date][flagtextureatlas.cpp:524]: Error loading flag for country WES : Ideology conservative_democrat : Path gfx/flags/medium/ : File not found
[14:01:35][no_game_date][flagtextureatlas.cpp:524]: Error loading flag for country BAS : Ideology conservative_democrat : Path gfx/flags/medium/ : File not found
[14:01:35][no_game_date][flagtextureatlas.cpp:524]: Error loading flag for country CAY : Ideology conservative_democrat : Path gfx/flags/medium/ : File not found
[14:01:35][no_game_date][flagtextureatlas.cpp:524]: Error loading flag for country MLD : Ideology conservative_democrat : Path gfx/flags/medium/ : File not found
[14:01:35][no_game_date][flagtextureatlas.cpp:524]: Error loading flag for country FIJ : Ideology conservative_democrat : Path gfx/flags/medium/ : File not found
[14:01:35][no_game_date][flagtextureatlas.cpp:524]: Error loading flag for country TAH : Ideology conservative_democrat : Path gfx/flags/medium/ : File not found
[14:01:35][no_game_date][flagtextureatlas.cpp:524]: Error loading flag for country SLV : Ideology conservative_democrat : Path gfx/flags/medium/ : File not found
[14:01:35][no_game_date][flagtextureatlas.cpp:524]: Error loading flag for country BOS : Ideology conservative_democrat : Path gfx/flags/medium/ : File not found
[14:01:35][no_game_date][flagtextureatlas.cpp:524]: Error loading flag for country MAC : Ideology conservative_democrat : Path gfx/flags/medium/ : File not found
[14:01:35][no_game_date][flagtextureatlas.cpp:524]: Error loading flag for country NIR : Ideology conservative_democrat : Path gfx/flags/medium/ : File not found
[14:01:35][no_game_date][flagtextureatlas.cpp:524]: Error loading flag for country BAY : Ideology conservative_democrat : Path gfx/flags/medium/ : File not found
[14:01:35][no_game_date][flagtextureatlas.cpp:524]: Error loading flag for country MEK : Ideology conservative_democrat : Path gfx/flags/medium/ : File not found
[14:01:35][no_game_date][flagtextureatlas.cpp:524]: Error loading flag for country PRE : Ideology conservative_democrat : Path gfx/flags/medium/ : File not found
[14:01:35][no_game_date][flagtextureatlas.cpp:524]: Error loading flag for country SAX : Ideology conservative_democrat : Path gfx/flags/medium/ : File not found
[14:01:35][no_game_date][flagtextureatlas.cpp:524]: Error loading flag for country HAN : Ideology conservative_democrat : Path gfx/flags/medium/ : File not found
[14:01:35][no_game_date][flagtextureatlas.cpp:524]: Error loading flag for country WUR : Ideology conservative_democrat : Path gfx/flags/medium/ : File not found
[14:01:35][no_game_date][flagtextureatlas.cpp:524]: Error loading flag for country SHL : Ideology conservative_democrat : Path gfx/flags/medium/ : File not found
[14:01:35][no_game_date][flagtextureatlas.cpp:524]: Error loading flag for country BUK : Ideology conservative_democrat : Path gfx/flags/medium/ : File not found
[14:01:35][no_game_date][flagtextureatlas.cpp:524]: Error loading flag for country ALT : Ideology conservative_democrat : Path gfx/flags/medium/ : File not found
[14:01:35][no_game_date][flagtextureatlas.cpp:524]: Error loading flag for country KAL : Ideology conservative_democrat : Path gfx/flags/medium/ : File not found
[14:01:35][no_game_date][flagtextureatlas.cpp:524]: Error loading flag for country KAR : Ideology conservative_democrat : Path gfx/flags/medium/ : File not found
[14:01:35][no_game_date][flagtextureatlas.cpp:524]: Error loading flag for country CRI : Ideology conservative_democrat : Path gfx/flags/medium/ : File not found
[14:01:35][no_game_date][flagtextureatlas.cpp:524]: Error loading flag for country TAT : Ideology conservative_democrat : Path gfx/flags/medium/ : File not found
[14:01:35][no_game_date][flagtextureatlas.cpp:524]: Error loading flag for country CIN : Ideology conservative_democrat : Path gfx/flags/medium/ : File not found
[14:01:35][no_game_date][flagtextureatlas.cpp:524]: Error loading flag for country DAG : Ideology conservative_democrat : Path gfx/flags/medium/ : File not found
[14:01:35][no_game_date][flagtextureatlas.cpp:524]: Error loading flag for country BYA : Ideology conservative_democrat : Path gfx/flags/medium/ : File not found
[14:01:35][no_game_date][flagtextureatlas.cpp:524]: Error loading flag for country CKK : Ideology conservative_democrat : Path gfx/flags/medium/ : File not found
[14:01:35][no_game_date][flagtextureatlas.cpp:524]: Error loading flag for country FER : Ideology conservative_democrat : Path gfx/flags/medium/ : File not found
[14:01:35][no_game_date][flagtextureatlas.cpp:524]: Error loading flag for country YAK : Ideology conservative_democrat : Path gfx/flags/medium/ : File not found
[14:01:35][no_game_date][flagtextureatlas.cpp:524]: Error loading flag for country VLA : Ideology conservative_democrat : Path gfx/flags/medium/ : File not found
[14:01:35][no_game_date][flagtextureatlas.cpp:524]: Error loading flag for country KKP : Ideology conservative_democrat : Path gfx/flags/medium/ : File not found
[14:01:35][no_game_date][flagtextureatlas.cpp:524]: Error loading flag for country YAM : Ideology conservative_democrat : Path gfx/flags/medium/ : File not found
[14:01:35][no_game_date][flagtextureatlas.cpp:524]: Error loading flag for country TAY : Ideology conservative_democrat : Path gfx/flags/medium/ : File not found
[14:01:35][no_game_date][flagtextureatlas.cpp:524]: Error loading flag for country OVO : Ideology conservative_democrat : Path gfx/flags/medium/ : File not found
[14:01:35][no_game_date][flagtextureatlas.cpp:524]: Error loading flag for country NEN : Ideology conservative_democrat : Path gfx/flags/medium/ : File not found
[14:01:35][no_game_date][flagtextureatlas.cpp:524]: Error loading flag for country KOM : Ideology conservative_democrat : Path gfx/flags/medium/ : File not found
[14:01:35][no_game_date][flagtextureatlas.cpp:524]: Error loading flag for country ABK : Ideology conservative_democrat : Path gfx/flags/medium/ : File not found
[14:01:35][no_game_date][flagtextureatlas.cpp:524]: Error loading flag for country KBK : Ideology conservative_democrat : Path gfx/flags/medium/ : File not found
[14:01:35][no_game_date][flagtextureatlas.cpp:524]: Error loading flag for country NOA : Ideology conservative_democrat : Path gfx/flags/medium/ : File not found
[14:01:35][no_game_date][flagtextureatlas.cpp:524]: Error loading flag for country BSK : Ideology conservative_democrat : Path gfx/flags/medium/ : File not found
[14:01:35][no_game_date][flagtextureatlas.cpp:524]: Error loading flag for country KHI : Ideology conservative_democrat : Path gfx/flags/medium/ : File not found
[14:01:35][no_game_date][flagtextureatlas.cpp:524]: Error loading flag for country UDM : Ideology conservative_democrat : Path gfx/flags/medium/ : File not found
[14:01:35][no_game_date][flagtextureatlas.cpp:524]: Error loading flag for country CHU : Ideology conservative_democrat : Path gfx/flags/medium/ : File not found
[14:01:35][no_game_date][flagtextureatlas.cpp:524]: Error loading flag for country MEL : Ideology conservative_democrat : Path gfx/flags/medium/ : File not found
[14:01:35][no_game_date][flagtextureatlas.cpp:524]: Error loading flag for country RIF : Ideology conservative_democrat : Path gfx/flags/medium/ : File not found
[14:01:35][no_game_date][flagtextureatlas.cpp:524]: Error loading flag for country AFA : Ideology conservative_democrat : Path gfx/flags/medium/ : File not found
[14:01:35][no_game_date][flagtextureatlas.cpp:524]: Error loading flag for country BEG : Ideology conservative_democrat : Path gfx/flags/medium/ : File not found
[14:01:35][no_game_date][flagtextureatlas.cpp:524]: Error loading flag for country AOI : Ideology conservative_democrat : Path gfx/flags/medium/ : File not found
[14:01:35][no_game_date][flagtextureatlas.cpp:524]: Error loading flag for country GRN : Ideology conservative_democrat : Path gfx/flags/medium/ : File not found
[14:01:35][no_game_date][flagtextureatlas.cpp:524]: Error loading flag for country RAP : Ideology conservative_democrat : Path gfx/flags/medium/ : File not found
[14:01:35][no_game_date][flagtextureatlas.cpp:524]: Error loading flag for country YUC : Ideology conservative_democrat : Path gfx/flags/medium/ : File not found
[14:01:35][no_game_date][flagtextureatlas.cpp:524]: Error loading flag for country RIG : Ideology conservative_democrat : Path gfx/flags/medium/ : File not found
[14:01:35][no_game_date][flagtextureatlas.cpp:524]: Error loading flag for country QUE : Ideology conservative_democrat : Path gfx/flags/medium/ : File not found
[14:01:35][no_game_date][flagtextureatlas.cpp:524]: Error loading flag for country KAT : Ideology conservative_democrat : Path gfx/flags/medium/ : File not found
[14:01:35][no_game_date][flagtextureatlas.cpp:524]: Error loading flag for country BIA : Ideology conservative_democrat : Path gfx/flags/medium/ : File not found
[14:01:35][no_game_date][flagtextureatlas.cpp:524]: Error loading flag for country CBV : Ideology conservative_democrat : Path gfx/flags/medium/ : File not found
[14:01:35][no_game_date][flagtextureatlas.cpp:524]: Error loading flag for country BAR : Ideology conservative_democrat : Path gfx/flags/medium/ : File not found
[14:01:35][no_game_date][flagtextureatlas.cpp:524]: Error loading flag for country EVE : Ideology conservative_democrat : Path gfx/flags/medium/ : File not found
[14:01:35][no_game_date][flagtextureatlas.cpp:524]: Error loading flag for country SOK : Ideology conservative_democrat : Path gfx/flags/medium/ : File not found
[14:01:35][no_game_date][flagtextureatlas.cpp:524]: Error loading flag for country THU : Ideology conservative_democrat : Path gfx/flags/medium/ : File not found
[14:01:35][no_game_date][flagtextureatlas.cpp:524]: Error loading flag for country HES : Ideology conservative_democrat : Path gfx/flags/medium/ : File not found
[14:01:35][no_game_date][flagtextureatlas.cpp:524]: Error loading flag for country RHI : Ideology conservative_democrat : Path gfx/flags/medium/ : File not found
[14:01:35][no_game_date][flagtextureatlas.cpp:524]: Error loading flag for country UBD : Ideology conservative_democrat : Path gfx/flags/medium/ : File not found
[14:01:35][no_game_date][flagtextureatlas.cpp:524]: Error loading flag for country GAR : Ideology conservative_democrat : Path gfx/flags/medium/ : File not found
[14:01:35][no_game_date][flagtextureatlas.cpp:524]: Error loading flag for country MIS : Ideology conservative_democrat : Path gfx/flags/medium/ : File not found
[14:01:35][no_game_date][flagtextureatlas.cpp:524]: Error loading flag for country MAY : Ideology conservative_democrat : Path gfx/flags/medium/ : File not found
[14:01:35][no_game_date][flagtextureatlas.cpp:524]: Error loading flag for country INU : Ideology conservative_democrat : Path gfx/flags/medium/ : File not found
[14:01:35][no_game_date][flagtextureatlas.cpp:524]: Error loading flag for country CHR : Ideology conservative_democrat : Path gfx/flags/medium/ : File not found
[14:01:35][no_game_date][flagtextureatlas.cpp:524]: Error loading flag for country ITZ : Ideology conservative_democrat : Path gfx/flags/medium/ : File not found
[14:01:35][no_game_date][flagtextureatlas.cpp:524]: Error loading flag for country NAH : Ideology conservative_democrat : Path gfx/flags/medium/ : File not found
[14:01:35][no_game_date][flagtextureatlas.cpp:524]: Error loading flag for country IAS : Ideology conservative_democrat : Path gfx/flags/medium/ : File not found
[14:01:35][no_game_date][flagtextureatlas.cpp:524]: Error loading flag for country PSH : Ideology conservative_democrat : Path gfx/flags/medium/ : File not found
[14:01:35][no_game_date][flagtextureatlas.cpp:524]: Error loading flag for country HYD : Ideology conservative_democrat : Path gfx/flags/medium/ : File not found
[14:01:35][no_game_date][flagtextureatlas.cpp:524]: Error loading flag for country MYS : Ideology conservative_democrat : Path gfx/flags/medium/ : File not found
[14:01:35][no_game_date][flagtextureatlas.cpp:524]: Error loading flag for country RJP : Ideology conservative_democrat : Path gfx/flags/medium/ : File not found
[14:01:35][no_game_date][flagtextureatlas.cpp:524]: Error loading flag for country CIP : Ideology conservative_democrat : Path gfx/flags/medium/ : File not found
[14:01:35][no_game_date][flagtextureatlas.cpp:524]: Error loading flag for country RAS : Ideology conservative_democrat : Path gfx/flags/medium/ : File not found
[14:01:35][no_game_date][flagtextureatlas.cpp:524]: Error loading flag for country NWF : Ideology conservative_democrat : Path gfx/flags/medium/ : File not found
[14:01:35][no_game_date][flagtextureatlas.cpp:524]: Error loading flag for country MPU : Ideology conservative_democrat : Path gfx/flags/medium/ : File not found
[14:01:35][no_game_date][flagtextureatlas.cpp:524]: Error loading flag for country WIS : Ideology conservative_democrat : Path gfx/flags/medium/ : File not found
[14:01:35][no_game_date][flagtextureatlas.cpp:524]: Error loading flag for country KOL : Ideology conservative_democrat : Path gfx/flags/medium/ : File not found
[14:01:35][no_game_date][flagtextureatlas.cpp:524]: Error loading flag for country KHL : Ideology conservative_democrat : Path gfx/flags/medium/ : File not found
[14:01:35][no_game_date][flagtextureatlas.cpp:524]: Error loading flag for country SIN : Ideology conservative_democrat : Path gfx/flags/medium/ : File not found
[14:01:35][no_game_date][flagtextureatlas.cpp:524]: Error loading flag for country KLT : Ideology conservative_democrat : Path gfx/flags/medium/ : File not found
[14:01:35][no_game_date][flagtextureatlas.cpp:524]: Error loading flag for country SKK : Ideology conservative_democrat : Path gfx/flags/medium/ : File not found
[14:01:35][no_game_date][flagtextureatlas.cpp:524]: Error loading flag for country FSA : Ideology conservative_democrat : Path gfx/flags/medium/ : File not found
[14:01:35][no_game_date][flagtextureatlas.cpp:524]: Error loading flag for country ASY : Ideology conservative_democrat : Path gfx/flags/medium/ : File not found
[14:01:35][no_game_date][flagtextureatlas.cpp:524]: Error loading flag for country BHR : Ideology conservative_democrat : Path gfx/flags/medium/ : File not found
[14:01:35][no_game_date][flagtextureatlas.cpp:524]: Error loading flag for country IMO : Ideology conservative_democrat : Path gfx/flags/medium/ : File not found
[14:01:35][no_game_date][flagtextureatlas.cpp:524]: Error loading flag for country BLC : Ideology conservative_democrat : Path gfx/flags/medium/ : File not found
[14:01:35][no_game_date][flagtextureatlas.cpp:524]: Error loading flag for country EZO : Ideology conservative_democrat : Path gfx/flags/medium/ : File not found
[14:01:35][no_game_date][flagtextureatlas.cpp:524]: Error loading flag for country OKN : Ideology conservative_democrat : Path gfx/flags/medium/ : File not found
[14:01:35][no_game_date][flagtextureatlas.cpp:524]: Error loading flag for country ANU : Ideology conservative_democrat : Path gfx/flags/medium/ : File not found
[14:01:35][no_game_date][flagtextureatlas.cpp:524]: Error loading flag for country PLU : Ideology conservative_democrat : Path gfx/flags/medium/ : File not found
[14:01:35][no_game_date][flagtextureatlas.cpp:524]: Error loading flag for country FOR : Ideology conservative_democrat : Path gfx/flags/medium/ : File not found
[14:01:35][no_game_date][flagtextureatlas.cpp:524]: Error loading flag for country TML : Ideology conservative_democrat : Path gfx/flags/medium/ : File not found
[14:01:35][no_game_date][flagtextureatlas.cpp:524]: Error loading flag for country CHM : Ideology conservative_democrat : Path gfx/flags/medium/ : File not found
[14:01:35][no_game_date][flagtextureatlas.cpp:524]: Error loading flag for country SNG : Ideology conservative_democrat : Path gfx/flags/medium/ : File not found
[14:01:35][no_game_date][flagtextureatlas.cpp:524]: Error loading flag for country SAR : Ideology conservative_democrat : Path gfx/flags/medium/ : File not found
[14:01:35][no_game_date][flagtextureatlas.cpp:524]: Error loading flag for country SAB : Ideology conservative_democrat : Path gfx/flags/medium/ : File not found
[14:01:35][no_game_date][flagtextureatlas.cpp:524]: Error loading flag for country BRN : Ideology conservative_democrat : Path gfx/flags/medium/ : File not found
[14:01:35][no_game_date][flagtextureatlas.cpp:524]: Error loading flag for country WPG : Ideology conservative_democrat : Path gfx/flags/medium/ : File not found
[14:01:35][no_game_date][flagtextureatlas.cpp:524]: Error loading flag for country HBC : Ideology conservative_democrat : Path gfx/flags/medium/ : File not found
[14:01:35][no_game_date][flagtextureatlas.cpp:524]: Error loading flag for country GRE : Ideology conservative_democrat : Path gfx/flags/small/ : File not found
[14:01:35][no_game_date][flagtextureatlas.cpp:524]: Error loading flag for country KOR : Ideology conservative_democrat : Path gfx/flags/small/ : File not found
[14:01:35][no_game_date][flagtextureatlas.cpp:524]: Error loading flag for country VIN : Ideology conservative_democrat : Path gfx/flags/small/ : File not found
[14:01:35][no_game_date][flagtextureatlas.cpp:524]: Error loading flag for country KAZ : Ideology conservative_democrat : Path gfx/flags/small/ : File not found
[14:01:35][no_game_date][flagtextureatlas.cpp:524]: Error loading flag for country AZR : Ideology conservative_democrat : Path gfx/flags/small/ : File not found
[14:01:35][no_game_date][flagtextureatlas.cpp:524]: Error loading flag for country ANG : Ideology conservative_democrat : Path gfx/flags/small/ : File not found
[14:01:35][no_game_date][flagtextureatlas.cpp:524]: Error loading flag for country MZB : Ideology conservative_democrat : Path gfx/flags/small/ : File not found
[14:01:35][no_game_date][flagtextureatlas.cpp:524]: Error loading flag for country ZIM : Ideology conservative_democrat : Path gfx/flags/small/ : File not found
[14:01:35][no_game_date][flagtextureatlas.cpp:524]: Error loading flag for country COG : Ideology conservative_democrat : Path gfx/flags/small/ : File not found
[14:01:35][no_game_date][flagtextureatlas.cpp:524]: Error loading flag for country KEN : Ideology conservative_democrat : Path gfx/flags/small/ : File not found
[14:01:35][no_game_date][flagtextureatlas.cpp:524]: Error loading flag for country BOT : Ideology conservative_democrat : Path gfx/flags/small/ : File not found
[14:01:35][no_game_date][flagtextureatlas.cpp:524]: Error loading flag for country BAH : Ideology conservative_democrat : Path gfx/flags/small/ : File not found
[14:01:35][no_game_date][flagtextureatlas.cpp:524]: Error loading flag for country BAN : Ideology conservative_democrat : Path gfx/flags/small/ : File not found
[14:01:35][no_game_date][flagtextureatlas.cpp:524]: Error loading flag for country BLZ : Ideology conservative_democrat : Path gfx/flags/small/ : File not found
[14:01:35][no_game_date][flagtextureatlas.cpp:524]: Error loading flag for country BRM : Ideology conservative_democrat : Path gfx/flags/small/ : File not found
[14:01:35][no_game_date][flagtextureatlas.cpp:524]: Error loading flag for country CRC : Ideology conservative_democrat : Path gfx/flags/small/ : File not found
[14:01:35][no_game_date][flagtextureatlas.cpp:524]: Error loading flag for country GDL : Ideology conservative_democrat : Path gfx/flags/small/ : File not found
[14:01:35][no_game_date][flagtextureatlas.cpp:524]: Error loading flag for country GYA : Ideology conservative_democrat : Path gfx/flags/small/ : File not found
[14:01:35][no_game_date][flagtextureatlas.cpp:524]: Error loading flag for country JAM : Ideology conservative_democrat : Path gfx/flags/small/ : File not found
[14:01:35][no_game_date][flagtextureatlas.cpp:524]: Error loading flag for country JAN : Ideology conservative_democrat : Path gfx/flags/small/ : File not found
[14:01:35][no_game_date][flagtextureatlas.cpp:524]: Error loading flag for country KYR : Ideology conservative_democrat : Path gfx/flags/small/ : File not found
[14:01:35][no_game_date][flagtextureatlas.cpp:524]: Error loading flag for country MAD : Ideology conservative_democrat : Path gfx/flags/small/ : File not found
[14:01:35][no_game_date][flagtextureatlas.cpp:524]: Error loading flag for country MOL : Ideology conservative_democrat : Path gfx/flags/small/ : File not found
[14:01:35][no_game_date][flagtextureatlas.cpp:524]: Error loading flag for country PNG : Ideology conservative_democrat : Path gfx/flags/small/ : File not found
[14:01:35][no_game_date][flagtextureatlas.cpp:524]: Error loading flag for country PUE : Ideology conservative_democrat : Path gfx/flags/small/ : File not found
[14:01:35][no_game_date][flagtextureatlas.cpp:524]: Error loading flag for country QAT : Ideology conservative_democrat : Path gfx/flags/small/ : File not found
[14:01:35][no_game_date][flagtextureatlas.cpp:524]: Error loading flag for country SCO : Ideology conservative_democrat : Path gfx/flags/small/ : File not found
[14:01:35][no_game_date][flagtextureatlas.cpp:524]: Error loading flag for country SRL : Ideology conservative_democrat : Path gfx/flags/small/ : File not found
[14:01:35][no_game_date][flagtextureatlas.cpp:524]: Error loading flag for country SUR : Ideology conservative_democrat : Path gfx/flags/small/ : File not found
[14:01:35][no_game_date][flagtextureatlas.cpp:524]: Error loading flag for country TAJ : Ideology conservative_democrat : Path gfx/flags/small/ : File not found
[14:01:35][no_game_date][flagtextureatlas.cpp:524]: Error loading flag for country TRI : Ideology conservative_democrat : Path gfx/flags/small/ : File not found
[14:01:35][no_game_date][flagtextureatlas.cpp:524]: Error loading flag for country TMS : Ideology conservative_democrat : Path gfx/flags/small/ : File not found
[14:01:35][no_game_date][flagtextureatlas.cpp:524]: Error loading flag for country UAE : Ideology conservative_democrat : Path gfx/flags/small/ : File not found
[14:01:35][no_game_date][flagtextureatlas.cpp:524]: Error loading flag for country UZB : Ideology conservative_democrat : Path gfx/flags/small/ : File not found
[14:01:35][no_game_date][flagtextureatlas.cpp:524]: Error loading flag for country KUW : Ideology conservative_democrat : Path gfx/flags/small/ : File not found
[14:01:35][no_game_date][flagtextureatlas.cpp:524]: Error loading flag for country CYP : Ideology conservative_democrat : Path gfx/flags/small/ : File not found
[14:01:35][no_game_date][flagtextureatlas.cpp:524]: Error loading flag for country MLT : Ideology conservative_democrat : Path gfx/flags/small/ : File not found
[14:01:35][no_game_date][flagtextureatlas.cpp:524]: Error loading flag for country ALG : Ideology conservative_democrat : Path gfx/flags/small/ : File not found
[14:01:35][no_game_date][flagtextureatlas.cpp:524]: Error loading flag for country MOR : Ideology conservative_democrat : Path gfx/flags/small/ : File not found
[14:01:35][no_game_date][flagtextureatlas.cpp:524]: Error loading flag for country TUN : Ideology conservative_democrat : Path gfx/flags/small/ : File not found
[14:01:35][no_game_date][flagtextureatlas.cpp:524]: Error loading flag for country SUD : Ideology conservative_democrat : Path gfx/flags/small/ : File not found
[14:01:35][no_game_date][flagtextureatlas.cpp:524]: Error loading flag for country ERI : Ideology conservative_democrat : Path gfx/flags/small/ : File not found
[14:01:35][no_game_date][flagtextureatlas.cpp:524]: Error loading flag for country DJI : Ideology conservative_democrat : Path gfx/flags/small/ : File not found
[14:01:35][no_game_date][flagtextureatlas.cpp:524]: Error loading flag for country SOM : Ideology conservative_democrat : Path gfx/flags/small/ : File not found
[14:01:35][no_game_date][flagtextureatlas.cpp:524]: Error loading flag for country UGA : Ideology conservative_democrat : Path gfx/flags/small/ : File not found
[14:01:35][no_game_date][flagtextureatlas.cpp:524]: Error loading flag for country RWA : Ideology conservative_democrat : Path gfx/flags/small/ : File not found
[14:01:35][no_game_date][flagtextureatlas.cpp:524]: Error loading flag for country BRD : Ideology conservative_democrat : Path gfx/flags/small/ : File not found
[14:01:35][no_game_date][flagtextureatlas.cpp:524]: Error loading flag for country TZN : Ideology conservative_democrat : Path gfx/flags/small/ : File not found
[14:01:35][no_game_date][flagtextureatlas.cpp:524]: Error loading flag for country ZAM : Ideology conservative_democrat : Path gfx/flags/small/ : File not found
[14:01:35][no_game_date][flagtextureatlas.cpp:524]: Error loading flag for country MLW : Ideology conservative_democrat : Path gfx/flags/small/ : File not found
[14:01:35][no_game_date][flagtextureatlas.cpp:524]: Error loading flag for country GAB : Ideology conservative_democrat : Path gfx/flags/small/ : File not found
[14:01:35][no_game_date][flagtextureatlas.cpp:524]: Error loading flag for country RCG : Ideology conservative_democrat : Path gfx/flags/small/ : File not found
[14:01:35][no_game_date][flagtextureatlas.cpp:524]: Error loading flag for country EQG : Ideology conservative_democrat : Path gfx/flags/small/ : File not found
[14:01:35][no_game_date][flagtextureatlas.cpp:524]: Error loading flag for country CMR : Ideology conservative_democrat : Path gfx/flags/small/ : File not found
[14:01:35][no_game_date][flagtextureatlas.cpp:524]: Error loading flag for country CAR : Ideology conservative_democrat : Path gfx/flags/small/ : File not found
[14:01:35][no_game_date][flagtextureatlas.cpp:524]: Error loading flag for country CHA : Ideology conservative_democrat : Path gfx/flags/small/ : File not found
[14:01:35][no_game_date][flagtextureatlas.cpp:524]: Error loading flag for country NGA : Ideology conservative_democrat : Path gfx/flags/small/ : File not found
[14:01:35][no_game_date][flagtextureatlas.cpp:524]: Error loading flag for country DAH : Ideology conservative_democrat : Path gfx/flags/small/ : File not found
[14:01:35][no_game_date][flagtextureatlas.cpp:524]: Error loading flag for country TOG : Ideology conservative_democrat : Path gfx/flags/small/ : File not found
[14:01:35][no_game_date][flagtextureatlas.cpp:524]: Error loading flag for country GHA : Ideology conservative_democrat : Path gfx/flags/small/ : File not found
[14:01:35][no_game_date][flagtextureatlas.cpp:524]: Error loading flag for country IVO : Ideology conservative_democrat : Path gfx/flags/small/ : File not found
[14:01:35][no_game_date][flagtextureatlas.cpp:524]: Error loading flag for country VOL : Ideology conservative_democrat : Path gfx/flags/small/ : File not found
[14:01:35][no_game_date][flagtextureatlas.cpp:524]: Error loading flag for country MLI : Ideology conservative_democrat : Path gfx/flags/small/ : File not found
[14:01:35][no_game_date][flagtextureatlas.cpp:524]: Error loading flag for country GNA : Ideology conservative_democrat : Path gfx/flags/small/ : File not found
[14:01:35][no_game_date][flagtextureatlas.cpp:524]: Error loading flag for country GNB : Ideology conservative_democrat : Path gfx/flags/small/ : File not found
[14:01:35][no_game_date][flagtextureatlas.cpp:524]: Error loading flag for country SEN : Ideology conservative_democrat : Path gfx/flags/small/ : File not found
[14:01:35][no_game_date][flagtextureatlas.cpp:524]: Error loading flag for country GAM : Ideology conservative_democrat : Path gfx/flags/small/ : File not found
[14:01:35][no_game_date][flagtextureatlas.cpp:524]: Error loading flag for country WLS : Ideology conservative_democrat : Path gfx/flags/small/ : File not found
[14:01:35][no_game_date][flagtextureatlas.cpp:524]: Error loading flag for country NGR : Ideology conservative_democrat : Path gfx/flags/small/ : File not found
[14:01:35][no_game_date][flagtextureatlas.cpp:524]: Error loading flag for country MRT : Ideology conservative_democrat : Path gfx/flags/small/ : File not found
[14:01:35][no_game_date][flagtextureatlas.cpp:524]: Error loading flag for country NMB : Ideology conservative_democrat : Path gfx/flags/small/ : File not found
[14:01:35][no_game_date][flagtextureatlas.cpp:524]: Error loading flag for country WES : Ideology conservative_democrat : Path gfx/flags/small/ : File not found
[14:01:35][no_game_date][flagtextureatlas.cpp:524]: Error loading flag for country BAS : Ideology conservative_democrat : Path gfx/flags/small/ : File not found
[14:01:35][no_game_date][flagtextureatlas.cpp:524]: Error loading flag for country CAY : Ideology conservative_democrat : Path gfx/flags/small/ : File not found
[14:01:35][no_game_date][flagtextureatlas.cpp:524]: Error loading flag for country MLD : Ideology conservative_democrat : Path gfx/flags/small/ : File not found
[14:01:35][no_game_date][flagtextureatlas.cpp:524]: Error loading flag for country FIJ : Ideology conservative_democrat : Path gfx/flags/small/ : File not found
[14:01:35][no_game_date][flagtextureatlas.cpp:524]: Error loading flag for country TAH : Ideology conservative_democrat : Path gfx/flags/small/ : File not found
[14:01:35][no_game_date][flagtextureatlas.cpp:524]: Error loading flag for country SLV : Ideology conservative_democrat : Path gfx/flags/small/ : File not found
[14:01:35][no_game_date][flagtextureatlas.cpp:524]: Error loading flag for country BOS : Ideology conservative_democrat : Path gfx/flags/small/ : File not found
[14:01:35][no_game_date][flagtextureatlas.cpp:524]: Error loading flag for country MAC : Ideology conservative_democrat : Path gfx/flags/small/ : File not found
[14:01:35][no_game_date][flagtextureatlas.cpp:524]: Error loading flag for country NIR : Ideology conservative_democrat : Path gfx/flags/small/ : File not found
[14:01:35][no_game_date][flagtextureatlas.cpp:524]: Error loading flag for country BAY : Ideology conservative_democrat : Path gfx/flags/small/ : File not found
[14:01:35][no_game_date][flagtextureatlas.cpp:524]: Error loading flag for country MEK : Ideology conservative_democrat : Path gfx/flags/small/ : File not found
[14:01:35][no_game_date][flagtextureatlas.cpp:524]: Error loading flag for country PRE : Ideology conservative_democrat : Path gfx/flags/small/ : File not found
[14:01:35][no_game_date][flagtextureatlas.cpp:524]: Error loading flag for country SAX : Ideology conservative_democrat : Path gfx/flags/small/ : File not found
[14:01:35][no_game_date][flagtextureatlas.cpp:524]: Error loading flag for country HAN : Ideology conservative_democrat : Path gfx/flags/small/ : File not found
[14:01:35][no_game_date][flagtextureatlas.cpp:524]: Error loading flag for country WUR : Ideology conservative_democrat : Path gfx/flags/small/ : File not found
[14:01:35][no_game_date][flagtextureatlas.cpp:524]: Error loading flag for country SHL : Ideology conservative_democrat : Path gfx/flags/small/ : File not found
[14:01:35][no_game_date][flagtextureatlas.cpp:524]: Error loading flag for country BUK : Ideology conservative_democrat : Path gfx/flags/small/ : File not found
[14:01:35][no_game_date][flagtextureatlas.cpp:524]: Error loading flag for country ALT : Ideology conservative_democrat : Path gfx/flags/small/ : File not found
[14:01:35][no_game_date][flagtextureatlas.cpp:524]: Error loading flag for country KAL : Ideology conservative_democrat : Path gfx/flags/small/ : File not found
[14:01:35][no_game_date][flagtextureatlas.cpp:524]: Error loading flag for country KAR : Ideology conservative_democrat : Path gfx/flags/small/ : File not found
[14:01:35][no_game_date][flagtextureatlas.cpp:524]: Error loading flag for country CRI : Ideology conservative_democrat : Path gfx/flags/small/ : File not found
[14:01:35][no_game_date][flagtextureatlas.cpp:524]: Error loading flag for country TAT : Ideology conservative_democrat : Path gfx/flags/small/ : File not found
[14:01:35][no_game_date][flagtextureatlas.cpp:524]: Error loading flag for country CIN : Ideology conservative_democrat : Path gfx/flags/small/ : File not found
[14:01:35][no_game_date][flagtextureatlas.cpp:524]: Error loading flag for country DAG : Ideology conservative_democrat : Path gfx/flags/small/ : File not found
[14:01:35][no_game_date][flagtextureatlas.cpp:524]: Error loading flag for country BYA : Ideology conservative_democrat : Path gfx/flags/small/ : File not found
[14:01:35][no_game_date][flagtextureatlas.cpp:524]: Error loading flag for country CKK : Ideology conservative_democrat : Path gfx/flags/small/ : File not found
[14:01:35][no_game_date][flagtextureatlas.cpp:524]: Error loading flag for country FER : Ideology conservative_democrat : Path gfx/flags/small/ : File not found
[14:01:35][no_game_date][flagtextureatlas.cpp:524]: Error loading flag for country YAK : Ideology conservative_democrat : Path gfx/flags/small/ : File not found
[14:01:35][no_game_date][flagtextureatlas.cpp:524]: Error loading flag for country VLA : Ideology conservative_democrat : Path gfx/flags/small/ : File not found
[14:01:35][no_game_date][flagtextureatlas.cpp:524]: Error loading flag for country KKP : Ideology conservative_democrat : Path gfx/flags/small/ : File not found
[14:01:35][no_game_date][flagtextureatlas.cpp:524]: Error loading flag for country YAM : Ideology conservative_democrat : Path gfx/flags/small/ : File not found
[14:01:35][no_game_date][flagtextureatlas.cpp:524]: Error loading flag for country TAY : Ideology conservative_democrat : Path gfx/flags/small/ : File not found
[14:01:35][no_game_date][flagtextureatlas.cpp:524]: Error loading flag for country OVO : Ideology conservative_democrat : Path gfx/flags/small/ : File not found
[14:01:35][no_game_date][flagtextureatlas.cpp:524]: Error loading flag for country NEN : Ideology conservative_democrat : Path gfx/flags/small/ : File not found
[14:01:35][no_game_date][flagtextureatlas.cpp:524]: Error loading flag for country KOM : Ideology conservative_democrat : Path gfx/flags/small/ : File not found
[14:01:35][no_game_date][flagtextureatlas.cpp:524]: Error loading flag for country ABK : Ideology conservative_democrat : Path gfx/flags/small/ : File not found
[14:01:35][no_game_date][flagtextureatlas.cpp:524]: Error loading flag for country KBK : Ideology conservative_democrat : Path gfx/flags/small/ : File not found
[14:01:35][no_game_date][flagtextureatlas.cpp:524]: Error loading flag for country NOA : Ideology conservative_democrat : Path gfx/flags/small/ : File not found
[14:01:35][no_game_date][flagtextureatlas.cpp:524]: Error loading flag for country VGE : Ideology conservative_democrat : Path gfx/flags/small/ : File not found
[14:01:35][no_game_date][flagtextureatlas.cpp:524]: Error loading flag for country BSK : Ideology conservative_democrat : Path gfx/flags/small/ : File not found
[14:01:35][no_game_date][flagtextureatlas.cpp:524]: Error loading flag for country KHI : Ideology conservative_democrat : Path gfx/flags/small/ : File not found
[14:01:35][no_game_date][flagtextureatlas.cpp:524]: Error loading flag for country UDM : Ideology conservative_democrat : Path gfx/flags/small/ : File not found
[14:01:35][no_game_date][flagtextureatlas.cpp:524]: Error loading flag for country CHU : Ideology conservative_democrat : Path gfx/flags/small/ : File not found
[14:01:35][no_game_date][flagtextureatlas.cpp:524]: Error loading flag for country MEL : Ideology conservative_democrat : Path gfx/flags/small/ : File not found
[14:01:35][no_game_date][flagtextureatlas.cpp:524]: Error loading flag for country RIF : Ideology conservative_democrat : Path gfx/flags/small/ : File not found
[14:01:35][no_game_date][flagtextureatlas.cpp:524]: Error loading flag for country AFA : Ideology conservative_democrat : Path gfx/flags/small/ : File not found
[14:01:35][no_game_date][flagtextureatlas.cpp:524]: Error loading flag for country BEG : Ideology conservative_democrat : Path gfx/flags/small/ : File not found
[14:01:35][no_game_date][flagtextureatlas.cpp:524]: Error loading flag for country AOI : Ideology conservative_democrat : Path gfx/flags/small/ : File not found
[14:01:35][no_game_date][flagtextureatlas.cpp:524]: Error loading flag for country GRN : Ideology conservative_democrat : Path gfx/flags/small/ : File not found
[14:01:35][no_game_date][flagtextureatlas.cpp:524]: Error loading flag for country RAP : Ideology conservative_democrat : Path gfx/flags/small/ : File not found
[14:01:35][no_game_date][flagtextureatlas.cpp:524]: Error loading flag for country YUC : Ideology conservative_democrat : Path gfx/flags/small/ : File not found
[14:01:35][no_game_date][flagtextureatlas.cpp:524]: Error loading flag for country RIG : Ideology conservative_democrat : Path gfx/flags/small/ : File not found
[14:01:35][no_game_date][flagtextureatlas.cpp:524]: Error loading flag for country QUE : Ideology conservative_democrat : Path gfx/flags/small/ : File not found
[14:01:35][no_game_date][flagtextureatlas.cpp:524]: Error loading flag for country KAT : Ideology conservative_democrat : Path gfx/flags/small/ : File not found
[14:01:35][no_game_date][flagtextureatlas.cpp:524]: Error loading flag for country BIA : Ideology conservative_democrat : Path gfx/flags/small/ : File not found
[14:01:35][no_game_date][flagtextureatlas.cpp:524]: Error loading flag for country CBV : Ideology conservative_democrat : Path gfx/flags/small/ : File not found
[14:01:35][no_game_date][flagtextureatlas.cpp:524]: Error loading flag for country BAR : Ideology conservative_democrat : Path gfx/flags/small/ : File not found
[14:01:35][no_game_date][flagtextureatlas.cpp:524]: Error loading flag for country EVE : Ideology conservative_democrat : Path gfx/flags/small/ : File not found
[14:01:35][no_game_date][flagtextureatlas.cpp:524]: Error loading flag for country SOK : Ideology conservative_democrat : Path gfx/flags/small/ : File not found
[14:01:35][no_game_date][flagtextureatlas.cpp:524]: Error loading flag for country THU : Ideology conservative_democrat : Path gfx/flags/small/ : File not found
[14:01:35][no_game_date][flagtextureatlas.cpp:524]: Error loading flag for country HES : Ideology conservative_democrat : Path gfx/flags/small/ : File not found
[14:01:35][no_game_date][flagtextureatlas.cpp:524]: Error loading flag for country RHI : Ideology conservative_democrat : Path gfx/flags/small/ : File not found
[14:01:35][no_game_date][flagtextureatlas.cpp:524]: Error loading flag for country UBD : Ideology conservative_democrat : Path gfx/flags/small/ : File not found
[14:01:35][no_game_date][flagtextureatlas.cpp:524]: Error loading flag for country GAR : Ideology conservative_democrat : Path gfx/flags/small/ : File not found
[14:01:35][no_game_date][flagtextureatlas.cpp:524]: Error loading flag for country MIS : Ideology conservative_democrat : Path gfx/flags/small/ : File not found
[14:01:35][no_game_date][flagtextureatlas.cpp:524]: Error loading flag for country MAY : Ideology conservative_democrat : Path gfx/flags/small/ : File not found
[14:01:35][no_game_date][flagtextureatlas.cpp:524]: Error loading flag for country INU : Ideology conservative_democrat : Path gfx/flags/small/ : File not found
[14:01:35][no_game_date][flagtextureatlas.cpp:524]: Error loading flag for country CHR : Ideology conservative_democrat : Path gfx/flags/small/ : File not found
[14:01:35][no_game_date][flagtextureatlas.cpp:524]: Error loading flag for country ITZ : Ideology conservative_democrat : Path gfx/flags/small/ : File not found
[14:01:35][no_game_date][flagtextureatlas.cpp:524]: Error loading flag for country NAH : Ideology conservative_democrat : Path gfx/flags/small/ : File not found
[14:01:35][no_game_date][flagtextureatlas.cpp:524]: Error loading flag for country IAS : Ideology conservative_democrat : Path gfx/flags/small/ : File not found
[14:01:35][no_game_date][flagtextureatlas.cpp:524]: Error loading flag for country PSH : Ideology conservative_democrat : Path gfx/flags/small/ : File not found
[14:01:35][no_game_date][flagtextureatlas.cpp:524]: Error loading flag for country HYD : Ideology conservative_democrat : Path gfx/flags/small/ : File not found
[14:01:35][no_game_date][flagtextureatlas.cpp:524]: Error loading flag for country MYS : Ideology conservative_democrat : Path gfx/flags/small/ : File not found
[14:01:35][no_game_date][flagtextureatlas.cpp:524]: Error loading flag for country RJP : Ideology conservative_democrat : Path gfx/flags/small/ : File not found
[14:01:35][no_game_date][flagtextureatlas.cpp:524]: Error loading flag for country CIP : Ideology conservative_democrat : Path gfx/flags/small/ : File not found
[14:01:35][no_game_date][flagtextureatlas.cpp:524]: Error loading flag for country RAS : Ideology conservative_democrat : Path gfx/flags/small/ : File not found
[14:01:35][no_game_date][flagtextureatlas.cpp:524]: Error loading flag for country NWF : Ideology conservative_democrat : Path gfx/flags/small/ : File not found
[14:01:35][no_game_date][flagtextureatlas.cpp:524]: Error loading flag for country MPU : Ideology conservative_democrat : Path gfx/flags/small/ : File not found
[14:01:35][no_game_date][flagtextureatlas.cpp:524]: Error loading flag for country WIS : Ideology conservative_democrat : Path gfx/flags/small/ : File not found
[14:01:35][no_game_date][flagtextureatlas.cpp:524]: Error loading flag for country KOL : Ideology conservative_democrat : Path gfx/flags/small/ : File not found
[14:01:35][no_game_date][flagtextureatlas.cpp:524]: Error loading flag for country KHL : Ideology conservative_democrat : Path gfx/flags/small/ : File not found
[14:01:35][no_game_date][flagtextureatlas.cpp:524]: Error loading flag for country SIN : Ideology conservative_democrat : Path gfx/flags/small/ : File not found
[14:01:35][no_game_date][flagtextureatlas.cpp:524]: Error loading flag for country KLT : Ideology conservative_democrat : Path gfx/flags/small/ : File not found
[14:01:35][no_game_date][flagtextureatlas.cpp:524]: Error loading flag for country SKK : Ideology conservative_democrat : Path gfx/flags/small/ : File not found
[14:01:35][no_game_date][flagtextureatlas.cpp:524]: Error loading flag for country FSA : Ideology conservative_democrat : Path gfx/flags/small/ : File not found
[14:01:35][no_game_date][flagtextureatlas.cpp:524]: Error loading flag for country ASY : Ideology conservative_democrat : Path gfx/flags/small/ : File not found
[14:01:35][no_game_date][flagtextureatlas.cpp:524]: Error loading flag for country BHR : Ideology conservative_democrat : Path gfx/flags/small/ : File not found
[14:01:35][no_game_date][flagtextureatlas.cpp:524]: Error loading flag for country IMO : Ideology conservative_democrat : Path gfx/flags/small/ : File not found
[14:01:35][no_game_date][flagtextureatlas.cpp:524]: Error loading flag for country BLC : Ideology conservative_democrat : Path gfx/flags/small/ : File not found
[14:01:35][no_game_date][flagtextureatlas.cpp:524]: Error loading flag for country EZO : Ideology conservative_democrat : Path gfx/flags/small/ : File not found
[14:01:35][no_game_date][flagtextureatlas.cpp:524]: Error loading flag for country OKN : Ideology conservative_democrat : Path gfx/flags/small/ : File not found
[14:01:35][no_game_date][flagtextureatlas.cpp:524]: Error loading flag for country ANU : Ideology conservative_democrat : Path gfx/flags/small/ : File not found
[14:01:35][no_game_date][flagtextureatlas.cpp:524]: Error loading flag for country PLU : Ideology conservative_democrat : Path gfx/flags/small/ : File not found
[14:01:35][no_game_date][flagtextureatlas.cpp:524]: Error loading flag for country FOR : Ideology conservative_democrat : Path gfx/flags/small/ : File not found
[14:01:35][no_game_date][flagtextureatlas.cpp:524]: Error loading flag for country TML : Ideology conservative_democrat : Path gfx/flags/small/ : File not found
[14:01:35][no_game_date][flagtextureatlas.cpp:524]: Error loading flag for country CHM : Ideology conservative_democrat : Path gfx/flags/small/ : File not found
[14:01:35][no_game_date][flagtextureatlas.cpp:524]: Error loading flag for country SNG : Ideology conservative_democrat : Path gfx/flags/small/ : File not found
[14:01:35][no_game_date][flagtextureatlas.cpp:524]: Error loading flag for country SAR : Ideology conservative_democrat : Path gfx/flags/small/ : File not found
[14:01:35][no_game_date][flagtextureatlas.cpp:524]: Error loading flag for country SAB : Ideology conservative_democrat : Path gfx/flags/small/ : File not found
[14:01:35][no_game_date][flagtextureatlas.cpp:524]: Error loading flag for country BRN : Ideology conservative_democrat : Path gfx/flags/small/ : File not found
[14:01:35][no_game_date][flagtextureatlas.cpp:524]: Error loading flag for country WPG : Ideology conservative_democrat : Path gfx/flags/small/ : File not found
[14:01:35][no_game_date][flagtextureatlas.cpp:524]: Error loading flag for country HBC : Ideology conservative_democrat : Path gfx/flags/small/ : File not found
[14:01:36][no_game_date][triggerimplementation.cpp:9790]: common/scripted_effects/BLT_scripted_effects.txt:77: has_game_rule: game rule LIT_ai_behavior does not exist
[14:01:36][no_game_date][trigger.cpp:117]: Trigger failed to validate: common/scripted_effects/BLT_scripted_effects.txt:77: has_game_rule
[14:01:36][no_game_date][triggerimplementation.cpp:9790]: common/scripted_effects/BLT_scripted_effects.txt:83: has_game_rule: game rule LIT_ai_behavior does not exist
[14:01:36][no_game_date][trigger.cpp:117]: Trigger failed to validate: common/scripted_effects/BLT_scripted_effects.txt:83: has_game_rule
[14:01:36][no_game_date][triggerimplementation.cpp:9790]: common/scripted_effects/BLT_scripted_effects.txt:213: has_game_rule: game rule EST_ai_behavior does not exist
[14:01:36][no_game_date][trigger.cpp:117]: Trigger failed to validate: common/scripted_effects/BLT_scripted_effects.txt:213: has_game_rule
[14:01:36][no_game_date][triggerimplementation.cpp:9790]: common/scripted_effects/BLT_scripted_effects.txt:219: has_game_rule: game rule EST_ai_behavior does not exist
[14:01:36][no_game_date][trigger.cpp:117]: Trigger failed to validate: common/scripted_effects/BLT_scripted_effects.txt:219: has_game_rule
[14:01:36][no_game_date][effectimplementation.cpp:5789]: common/scripted_effects/AUS_scripted_effects.txt:4: remove_country_leader_role: Invalid ideology nazism
[14:01:36][no_game_date][effectimplementation.cpp:5789]: common/scripted_effects/AUS_scripted_effects.txt:58: remove_country_leader_role: Invalid ideology nazism
[14:01:36][no_game_date][effectimplementation.cpp:5789]: common/scripted_effects/AUS_scripted_effects.txt:88: remove_country_leader_role: Invalid ideology nazism
[14:01:36][no_game_date][effectimplementation.cpp:5789]: common/scripted_effects/AUS_scripted_effects.txt:93: remove_country_leader_role: Invalid ideology nazism
[14:01:36][no_game_date][effectimplementation.cpp:5643]: common/scripted_effects/DEN_scripted_effects.txt:3983: add_country_leader_role: Invalid ideology nazism
[14:01:36][no_game_date][effectimplementation.cpp:5643]: common/scripted_effects/ITA_scripted_effects.txt:4631: add_country_leader_role: Invalid ideology marxism
[14:01:36][no_game_date][effectimplementation.cpp:5643]: common/scripted_effects/ITA_scripted_effects.txt:4706: add_country_leader_role: Invalid ideology marxism
[14:01:36][no_game_date][effectimplementation.cpp:5643]: common/scripted_effects/ITA_scripted_effects.txt:4718: add_country_leader_role: Invalid ideology marxism
[14:01:36][no_game_date][effectimplementation.cpp:5643]: common/scripted_effects/JAP_scripted_effects.txt:1154: add_country_leader_role: Invalid ideology emperor_fascism
[14:01:36][no_game_date][effectimplementation.cpp:5643]: common/scripted_effects/JAP_scripted_effects.txt:1934: add_country_leader_role: Invalid ideology emperor_fascism
[14:01:36][no_game_date][effectimplementation.cpp:5643]: common/scripted_effects/POL_scripted_effects.txt:354: add_country_leader_role: Invalid ideology falangism
[14:01:36][no_game_date][effectimplementation.cpp:5643]: common/scripted_effects/SOV_scripted_effects.txt:7362: add_country_leader_role: Invalid ideology marxism
[14:01:36][no_game_date][effectimplementation.cpp:5643]: common/scripted_effects/SOV_scripted_effects.txt:7375: add_country_leader_role: Invalid ideology marxism
[14:01:36][no_game_date][effectimplementation.cpp:5643]: common/scripted_effects/SOV_scripted_effects.txt:7388: add_country_leader_role: Invalid ideology marxism
[14:01:36][no_game_date][effectimplementation.cpp:5643]: common/scripted_effects/SOV_scripted_effects.txt:7401: add_country_leader_role: Invalid ideology marxism
[14:01:36][no_game_date][effectimplementation.cpp:5643]: common/scripted_effects/SOV_scripted_effects.txt:7414: add_country_leader_role: Invalid ideology marxism
[14:01:36][no_game_date][effectimplementation.cpp:5643]: common/scripted_effects/SOV_scripted_effects.txt:7427: add_country_leader_role: Invalid ideology marxism
[14:01:36][no_game_date][effectimplementation.cpp:5643]: common/scripted_effects/SWI_scripted_effects.txt:2767: add_country_leader_role: Invalid ideology anarchist_communism
[14:01:36][no_game_date][effectimplementation.cpp:5643]: common/scripted_effects/SWI_scripted_effects.txt:2776: add_country_leader_role: Invalid ideology marxism
[14:01:36][no_game_date][effectimplementation.cpp:2250]: common/scripted_effects/USA_scripted_effects.txt:16: swap_ideas: Invalid idea: great_depression_2. If you wanted to reference a variable, you need to explicitly prefix it with var: or temp_var:.
[14:01:36][no_game_date][effectimplementation.cpp:2250]: common/scripted_effects/USA_scripted_effects.txt:16: swap_ideas: Invalid idea: great_depression. If you wanted to reference a variable, you need to explicitly prefix it with var: or temp_var:.
[14:01:36][no_game_date][effectimplementation.cpp:2250]: common/scripted_effects/USA_scripted_effects.txt:23: swap_ideas: Invalid idea: great_depression_3. If you wanted to reference a variable, you need to explicitly prefix it with var: or temp_var:.
[14:01:36][no_game_date][effectimplementation.cpp:2250]: common/scripted_effects/USA_scripted_effects.txt:23: swap_ideas: Invalid idea: great_depression_2. If you wanted to reference a variable, you need to explicitly prefix it with var: or temp_var:.
[14:01:36][no_game_date][effectimplementation.cpp:2250]: common/scripted_effects/USA_scripted_effects.txt:41: swap_ideas: Invalid idea: great_depression_2. If you wanted to reference a variable, you need to explicitly prefix it with var: or temp_var:.
[14:01:36][no_game_date][effectimplementation.cpp:2250]: common/scripted_effects/USA_scripted_effects.txt:41: swap_ideas: Invalid idea: great_depression_3. If you wanted to reference a variable, you need to explicitly prefix it with var: or temp_var:.
[14:01:36][no_game_date][effectimplementation.cpp:2250]: common/scripted_effects/USA_scripted_effects.txt:49: swap_ideas: Invalid idea: great_depression. If you wanted to reference a variable, you need to explicitly prefix it with var: or temp_var:.
[14:01:36][no_game_date][effectimplementation.cpp:2250]: common/scripted_effects/USA_scripted_effects.txt:49: swap_ideas: Invalid idea: great_depression_2. If you wanted to reference a variable, you need to explicitly prefix it with var: or temp_var:.
[14:01:36][no_game_date][effectimplementation.cpp:5643]: common/scripted_effects/WTT_warlord_scripted_effects.txt:130: add_country_leader_role: Invalid ideology anti_revisionism
[14:01:36][no_game_date][effectimplementation.cpp:5643]: common/scripted_effects/WTT_warlord_scripted_effects.txt:153: add_country_leader_role: Invalid ideology rexism
[14:01:36][no_game_date][effectimplementation.cpp:5643]: common/scripted_effects/WTT_warlord_scripted_effects.txt:169: add_country_leader_role: Invalid ideology anti_revisionism
[14:01:36][no_game_date][effectimplementation.cpp:5643]: common/scripted_effects/WTT_warlord_scripted_effects.txt:192: add_country_leader_role: Invalid ideology rexism
[14:01:36][no_game_date][effectimplementation.cpp:5643]: common/scripted_effects/WTT_warlord_scripted_effects.txt:208: add_country_leader_role: Invalid ideology anti_revisionism
[14:01:36][no_game_date][effectimplementation.cpp:5643]: common/scripted_effects/WTT_warlord_scripted_effects.txt:230: add_country_leader_role: Invalid ideology rexism
[14:01:36][no_game_date][effectimplementation.cpp:5643]: common/scripted_effects/WTT_warlord_scripted_effects.txt:246: add_country_leader_role: Invalid ideology anti_revisionism
[14:01:36][no_game_date][effectimplementation.cpp:5643]: common/scripted_effects/WTT_warlord_scripted_effects.txt:268: add_country_leader_role: Invalid ideology rexism
[14:01:36][no_game_date][effectimplementation.cpp:5643]: common/scripted_effects/WTT_warlord_scripted_effects.txt:288: add_country_leader_role: Invalid ideology anti_revisionism
[14:01:36][no_game_date][effectimplementation.cpp:5643]: common/scripted_effects/WTT_warlord_scripted_effects.txt:310: add_country_leader_role: Invalid ideology rexism
[14:01:36][no_game_date][effectimplementation.cpp:5643]: common/scripted_effects/WTT_warlord_scripted_effects.txt:328: add_country_leader_role: Invalid ideology anti_revisionism
[14:01:36][no_game_date][effectimplementation.cpp:5643]: common/scripted_effects/WTT_warlord_scripted_effects.txt:350: add_country_leader_role: Invalid ideology rexism
[14:01:36][no_game_date][effectimplementation.cpp:5643]: common/scripted_effects/WTT_warlord_scripted_effects.txt:369: add_country_leader_role: Invalid ideology anti_revisionism
[14:01:36][no_game_date][effectimplementation.cpp:5643]: common/scripted_effects/WTT_warlord_scripted_effects.txt:391: add_country_leader_role: Invalid ideology rexism
[14:01:36][no_game_date][effectimplementation.cpp:5643]: common/scripted_effects/WTT_warlord_scripted_effects.txt:429: add_country_leader_role: Invalid ideology rexism
[14:01:36][no_game_date][effectimplementation.cpp:5643]: common/scripted_effects/WTT_warlord_scripted_effects.txt:445: add_country_leader_role: Invalid ideology anti_revisionism
[14:01:36][no_game_date][effectimplementation.cpp:5643]: common/scripted_effects/WTT_warlord_scripted_effects.txt:468: add_country_leader_role: Invalid ideology rexism
[14:01:36][no_game_date][effectimplementation.cpp:5643]: common/scripted_effects/WTT_warlord_scripted_effects.txt:487: add_country_leader_role: Invalid ideology anti_revisionism
[14:01:36][no_game_date][effectimplementation.cpp:5643]: common/scripted_effects/WTT_warlord_scripted_effects.txt:510: add_country_leader_role: Invalid ideology rexism
[14:01:36][no_game_date][effectimplementation.cpp:5643]: common/scripted_effects/WTT_warlord_scripted_effects.txt:527: add_country_leader_role: Invalid ideology anti_revisionism
[14:01:36][no_game_date][effectimplementation.cpp:5643]: common/scripted_effects/WTT_warlord_scripted_effects.txt:550: add_country_leader_role: Invalid ideology rexism
[14:01:36][no_game_date][effectimplementation.cpp:5643]: common/scripted_effects/WTT_warlord_scripted_effects.txt:566: add_country_leader_role: Invalid ideology anti_revisionism
[14:01:36][no_game_date][effectimplementation.cpp:5643]: common/scripted_effects/WTT_warlord_scripted_effects.txt:589: add_country_leader_role: Invalid ideology rexism
[14:01:36][no_game_date][effectimplementation.cpp:5643]: common/scripted_effects/WTT_warlord_scripted_effects.txt:605: add_country_leader_role: Invalid ideology anti_revisionism
[14:01:36][no_game_date][effectimplementation.cpp:5643]: common/scripted_effects/WTT_warlord_scripted_effects.txt:628: add_country_leader_role: Invalid ideology rexism
[14:01:36][no_game_date][effectimplementation.cpp:5643]: common/scripted_effects/WTT_warlord_scripted_effects.txt:645: add_country_leader_role: Invalid ideology anti_revisionism
[14:01:36][no_game_date][effectimplementation.cpp:5643]: common/scripted_effects/WTT_warlord_scripted_effects.txt:668: add_country_leader_role: Invalid ideology rexism
[14:01:36][no_game_date][effectimplementation.cpp:5643]: common/scripted_effects/WTT_warlord_scripted_effects.txt:687: add_country_leader_role: Invalid ideology anti_revisionism
[14:01:36][no_game_date][effectimplementation.cpp:5643]: common/scripted_effects/WTT_warlord_scripted_effects.txt:710: add_country_leader_role: Invalid ideology rexism
[14:01:36][no_game_date][effectimplementation.cpp:5643]: common/scripted_effects/WTT_warlord_scripted_effects.txt:726: add_country_leader_role: Invalid ideology anti_revisionism
[14:01:36][no_game_date][effectimplementation.cpp:5643]: common/scripted_effects/WTT_warlord_scripted_effects.txt:749: add_country_leader_role: Invalid ideology rexism
[14:01:36][no_game_date][effectimplementation.cpp:5643]: common/scripted_effects/WTT_warlord_scripted_effects.txt:765: add_country_leader_role: Invalid ideology anti_revisionism
[14:01:36][no_game_date][effectimplementation.cpp:5643]: common/scripted_effects/WTT_warlord_scripted_effects.txt:788: add_country_leader_role: Invalid ideology rexism
[14:01:36][no_game_date][effectimplementation.cpp:5643]: common/scripted_effects/WTT_warlord_scripted_effects.txt:804: add_country_leader_role: Invalid ideology anti_revisionism
[14:01:36][no_game_date][effectimplementation.cpp:5643]: common/scripted_effects/WTT_warlord_scripted_effects.txt:827: add_country_leader_role: Invalid ideology rexism
[14:01:36][no_game_date][gameapplication.cpp:842]: The game has loc key collisions. Check logs/text.log for more details
[14:01:38][no_game_date][state.cpp:719]: Error: Province with id: 4288 is already added to state "Manila" ( with id: 327 ), adding it to state "Central Islands" ( with id: 624) and thus overriding first state.
[14:01:38][no_game_date][state.cpp:719]: Error: Province with id: 10272 is already added to state "Manila" ( with id: 327 ), adding it to state "Central Islands" ( with id: 624) and thus overriding first state.
[14:01:38][no_game_date][state.cpp:719]: Error: Province with id: 12299 is already added to state "Malaya" ( with id: 336 ), adding it to state "Singapore" ( with id: 1021) and thus overriding first state.
[14:01:38][no_game_date][state.cpp:719]: Error: Province with id: 1099 is already added to state "Huangshan" ( with id: 749 ), adding it to state "Nanjing" ( with id: 1035) and thus overriding first state.
[14:01:38][no_game_date][state.cpp:719]: Error: Province with id: 1970 is already added to state "Yarkand" ( with id: 619 ), adding it to state "Khotan" ( with id: 1042) and thus overriding first state.
[14:01:38][no_game_date][state.cpp:719]: Error: Province with id: 4973 is already added to state "Taklamakan" ( with id: 287 ), adding it to state "Khotan" ( with id: 1042) and thus overriding first state.
[14:01:38][no_game_date][state.cpp:719]: Error: Province with id: 8112 is already added to state "Yarkand" ( with id: 619 ), adding it to state "Khotan" ( with id: 1042) and thus overriding first state.
[14:01:38][no_game_date][state.cpp:719]: Error: Province with id: 10911 is already added to state "Taklamakan" ( with id: 287 ), adding it to state "Khotan" ( with id: 1042) and thus overriding first state.
[14:01:38][2024.01.01.12][effect.cpp:443]: Invalid effect 'IRQ_kamil_shabib' in history/countries/IRQ - Iraq.txt line : 116
[14:01:38][2024.01.01.12][effect.cpp:356]: Error: "Unknown effect-type: IRQ_kamil_shabib, near line: 116" in file: "history/countries/IRQ - Iraq.txt" near line: 127
[14:01:38][2024.01.01.12][effect.cpp:443]: Invalid effect 'SOV_grigory_semyonov' in history/countries/MAN - Manchukou.txt line : 80
[14:01:38][2024.01.01.12][effect.cpp:356]: Error: "Unknown effect-type: SOV_grigory_semyonov, near line: 80" in file: "history/countries/MAN - Manchukou.txt" near line: 83
[14:01:38][2024.01.01.12][effect.cpp:443]: Invalid effect 'SOV_mikhail_kalinin' in history/countries/SOV - Soviet union.txt line : 169
[14:01:38][2024.01.01.12][countryhistory.cpp:171]: Unknown History Command ==>'SOV_mikhail_kalinin'<==  for Countryhistory/countries/SOV - Soviet union.txt
[14:01:38][2024.01.01.12][persistent.cpp:66]: Error: "Unknown effect-type: SOV_mikhail_kalinin, near line: 169" in file: "history/countries/SOV - Soviet union.txt" near line: 171
[14:01:38][2024.01.01.12][effect.cpp:443]: Invalid effect 'SOV_nikita_khrushchyov' in history/countries/SOV - Soviet union.txt line : 172
[14:01:38][2024.01.01.12][countryhistory.cpp:171]: Unknown History Command ==>'SOV_nikita_khrushchyov'<==  for Countryhistory/countries/SOV - Soviet union.txt
[14:01:38][2024.01.01.12][persistent.cpp:66]: Error: "Unknown effect-type: SOV_nikita_khrushchyov, near line: 172" in file: "history/countries/SOV - Soviet union.txt" near line: 174
[14:01:38][2024.01.01.12][effect.cpp:443]: Invalid effect 'SOV_lazar_kaganovich' in history/countries/SOV - Soviet union.txt line : 175
[14:01:38][2024.01.01.12][countryhistory.cpp:171]: Unknown History Command ==>'SOV_lazar_kaganovich'<==  for Countryhistory/countries/SOV - Soviet union.txt
[14:01:38][2024.01.01.12][persistent.cpp:66]: Error: "Unknown effect-type: SOV_lazar_kaganovich, near line: 175" in file: "history/countries/SOV - Soviet union.txt" near line: 177
[14:01:38][2024.01.01.12][effect.cpp:443]: Invalid effect 'SOV_genrikh_yagoda' in history/countries/SOV - Soviet union.txt line : 178
[14:01:38][2024.01.01.12][countryhistory.cpp:171]: Unknown History Command ==>'SOV_genrikh_yagoda'<==  for Countryhistory/countries/SOV - Soviet union.txt
[14:01:38][2024.01.01.12][persistent.cpp:66]: Error: "Unknown effect-type: SOV_genrikh_yagoda, near line: 178" in file: "history/countries/SOV - Soviet union.txt" near line: 180
[14:01:38][2024.01.01.12][effect.cpp:443]: Invalid effect 'SOV_nikolay_yezhov' in history/countries/SOV - Soviet union.txt line : 181
[14:01:38][2024.01.01.12][countryhistory.cpp:171]: Unknown History Command ==>'SOV_nikolay_yezhov'<==  for Countryhistory/countries/SOV - Soviet union.txt
[14:01:38][2024.01.01.12][persistent.cpp:66]: Error: "Unknown effect-type: SOV_nikolay_yezhov, near line: 181" in file: "history/countries/SOV - Soviet union.txt" near line: 183
[14:01:38][2024.01.01.12][effect.cpp:443]: Invalid effect 'SOV_lavrenty_beriya' in history/countries/SOV - Soviet union.txt line : 184
[14:01:38][2024.01.01.12][countryhistory.cpp:171]: Unknown History Command ==>'SOV_lavrenty_beriya'<==  for Countryhistory/countries/SOV - Soviet union.txt
[14:01:38][2024.01.01.12][persistent.cpp:66]: Error: "Unknown effect-type: SOV_lavrenty_beriya, near line: 184" in file: "history/countries/SOV - Soviet union.txt" near line: 186
[14:01:38][2024.01.01.12][effect.cpp:443]: Invalid effect 'SOV_vsevolod_merkulov' in history/countries/SOV - Soviet union.txt line : 187
[14:01:38][2024.01.01.12][countryhistory.cpp:171]: Unknown History Command ==>'SOV_vsevolod_merkulov'<==  for Countryhistory/countries/SOV - Soviet union.txt
[14:01:38][2024.01.01.12][persistent.cpp:66]: Error: "Unknown effect-type: SOV_vsevolod_merkulov, near line: 187" in file: "history/countries/SOV - Soviet union.txt" near line: 189
[14:01:38][2024.01.01.12][effect.cpp:443]: Invalid effect 'SOV_vyacheslav_molotov' in history/countries/SOV - Soviet union.txt line : 190
[14:01:38][2024.01.01.12][countryhistory.cpp:171]: Unknown History Command ==>'SOV_vyacheslav_molotov'<==  for Countryhistory/countries/SOV - Soviet union.txt
[14:01:38][2024.01.01.12][persistent.cpp:66]: Error: "Unknown effect-type: SOV_vyacheslav_molotov, near line: 190" in file: "history/countries/SOV - Soviet union.txt" near line: 192
[14:01:38][2024.01.01.12][effect.cpp:443]: Invalid effect 'SOV_konstantin_rodzayevsky' in history/countries/SOV - Soviet union.txt line : 193
[14:01:38][2024.01.01.12][countryhistory.cpp:171]: Unknown History Command ==>'SOV_konstantin_rodzayevsky'<==  for Countryhistory/countries/SOV - Soviet union.txt
[14:01:38][2024.01.01.12][persistent.cpp:66]: Error: "Unknown effect-type: SOV_konstantin_rodzayevsky, near line: 193" in file: "history/countries/SOV - Soviet union.txt" near line: 195
[14:01:38][2024.01.01.12][effect.cpp:443]: Invalid effect 'SOV_aleksandr_kerensky' in history/countries/SOV - Soviet union.txt line : 196
[14:01:38][2024.01.01.12][countryhistory.cpp:171]: Unknown History Command ==>'SOV_aleksandr_kerensky'<==  for Countryhistory/countries/SOV - Soviet union.txt
[14:01:38][2024.01.01.12][persistent.cpp:66]: Error: "Unknown effect-type: SOV_aleksandr_kerensky, near line: 196" in file: "history/countries/SOV - Soviet union.txt" near line: 198
[14:01:38][2024.01.01.12][effect.cpp:443]: Invalid effect 'SOV_lev_trotsky' in history/countries/SOV - Soviet union.txt line : 199
[14:01:38][2024.01.01.12][countryhistory.cpp:171]: Unknown History Command ==>'SOV_lev_trotsky'<==  for Countryhistory/countries/SOV - Soviet union.txt
[14:01:38][2024.01.01.12][persistent.cpp:66]: Error: "Unknown effect-type: SOV_lev_trotsky, near line: 199" in file: "history/countries/SOV - Soviet union.txt" near line: 201
[14:01:38][2024.01.01.12][effect.cpp:443]: Invalid effect 'SOV_patriarch_sergy' in history/countries/SOV - Soviet union.txt line : 202
[14:01:38][2024.01.01.12][countryhistory.cpp:171]: Unknown History Command ==>'SOV_patriarch_sergy'<==  for Countryhistory/countries/SOV - Soviet union.txt
[14:01:38][2024.01.01.12][persistent.cpp:66]: Error: "Unknown effect-type: SOV_patriarch_sergy, near line: 202" in file: "history/countries/SOV - Soviet union.txt" near line: 204
[14:01:38][2024.01.01.12][effect.cpp:443]: Invalid effect 'SOV_metropolitan_anastasy' in history/countries/SOV - Soviet union.txt line : 209
[14:01:38][2024.01.01.12][effect.cpp:443]: Invalid effect 'SOV_metropolitan_nikolay' in history/countries/SOV - Soviet union.txt line : 212
[14:01:38][2024.01.01.12][effect.cpp:443]: Invalid effect 'SOV_metropolitan_aleksy' in history/countries/SOV - Soviet union.txt line : 215
[14:01:38][2024.01.01.12][effect.cpp:443]: Invalid effect 'SOV_metropolitan_meletius' in history/countries/SOV - Soviet union.txt line : 218
[14:01:38][2024.01.01.12][effect.cpp:443]: Invalid effect 'SOV_anastasy_vonsyatsky' in history/countries/SOV - Soviet union.txt line : 221
[14:01:38][2024.01.01.12][effect.cpp:443]: Invalid effect 'SOV_aleksandr_kazembek' in history/countries/SOV - Soviet union.txt line : 224
[14:01:38][2024.01.01.12][effect.cpp:443]: Invalid effect 'SOV_aleksandr_prokofyev_seversky' in history/countries/SOV - Soviet union.txt line : 227
[14:01:38][2024.01.01.12][effect.cpp:443]: Invalid effect 'SOV_vyacheslav_tkachyov' in history/countries/SOV - Soviet union.txt line : 230
[14:01:38][2024.01.01.12][effect.cpp:443]: Invalid effect 'SOV_yan_nagursky' in history/countries/SOV - Soviet union.txt line : 233
[14:01:38][2024.01.01.12][effect.cpp:443]: Invalid effect 'SOV_vasily_yanchenko' in history/countries/SOV - Soviet union.txt line : 236
[14:01:38][2024.01.01.12][effect.cpp:443]: Invalid effect 'SOV_anton_denikin' in history/countries/SOV - Soviet union.txt line : 239
[14:01:38][2024.01.01.12][effect.cpp:443]: Invalid effect 'SOV_pyotr_krasnov' in history/countries/SOV - Soviet union.txt line : 243
[14:01:38][2024.01.01.12][effect.cpp:443]: Invalid effect 'SOV_konstantin_nechayev' in history/countries/SOV - Soviet union.txt line : 247
[14:01:38][2024.01.01.12][effect.cpp:443]: Invalid effect 'SOV_vladimir_kosmin' in history/countries/SOV - Soviet union.txt line : 251
[14:01:38][2024.01.01.12][effect.cpp:443]: Invalid effect 'SOV_aleksandr_rodzyanko' in history/countries/SOV - Soviet union.txt line : 255
[14:01:38][2024.01.01.12][effect.cpp:443]: Invalid effect 'SOV_andrey_shkuro' in history/countries/SOV - Soviet union.txt line : 259
[14:01:38][2024.01.01.12][effect.cpp:356]: Error: "Unknown effect-type: SOV_metropolitan_anastasy, near line: 209
Unknown effect-type: SOV_metropolitan_nikolay, near line: 212
Unknown effect-type: SOV_metropolitan_aleksy, near line: 215
Unknown effect-type: SOV_metropolitan_meletius, near line: 218
Unknown effect-type: SOV_anastasy_vonsyatsky, near line: 221
Unknown effect-type: SOV_aleksandr_kazembek, near line: 224
Unknown effect-type: SOV_aleksandr_prokofyev_seversky, near line: 227
Unknown effect-type: SOV_vyacheslav_tkachyov, near line: 230
Unknown effect-type: SOV_yan_nagursky, near line: 233
Unknown effect-type: SOV_vasily_yanchenko, near line: 236
Unknown effect-type: SOV_anton_denikin, near line: 239
Unknown effect-type: SOV_pyotr_krasnov, near line: 243
Unknown effect-type: SOV_konstantin_nechayev, near line: 247
Unknown effect-type: SOV_vladimir_kosmin, near line: 251
Unknown effect-type: SOV_aleksandr_rodzyanko, near line: 255
Unknown effect-type: SOV_andrey_shkuro, near line: 259" in file: "history/countries/SOV - Soviet union.txt" near line: 265
[14:01:38][2024.01.01.12][effect.cpp:443]: Invalid effect 'SOV_lev_trotsky' in history/countries/SOV - Soviet union.txt line : 269
[14:01:38][2024.01.01.12][countryhistory.cpp:171]: Unknown History Command ==>'SOV_lev_trotsky'<==  for Countryhistory/countries/SOV - Soviet union.txt
[14:01:38][2024.01.01.12][persistent.cpp:66]: Error: "Unknown effect-type: SOV_lev_trotsky, near line: 269" in file: "history/countries/SOV - Soviet union.txt" near line: 271
[14:01:38][2024.01.01.12][effect.cpp:443]: Invalid effect 'SOV_ivan_smirnov' in history/countries/SOV - Soviet union.txt line : 272
[14:01:38][2024.01.01.12][countryhistory.cpp:171]: Unknown History Command ==>'SOV_ivan_smirnov'<==  for Countryhistory/countries/SOV - Soviet union.txt
[14:01:38][2024.01.01.12][persistent.cpp:66]: Error: "Unknown effect-type: SOV_ivan_smirnov, near line: 272" in file: "history/countries/SOV - Soviet union.txt" near line: 274
[14:01:38][2024.01.01.12][effect.cpp:443]: Invalid effect 'SOV_ivar_smilga' in history/countries/SOV - Soviet union.txt line : 275
[14:01:38][2024.01.01.12][countryhistory.cpp:171]: Unknown History Command ==>'SOV_ivar_smilga'<==  for Countryhistory/countries/SOV - Soviet union.txt
[14:01:38][2024.01.01.12][persistent.cpp:66]: Error: "Unknown effect-type: SOV_ivar_smilga, near line: 275" in file: "history/countries/SOV - Soviet union.txt" near line: 277
[14:01:38][2024.01.01.12][effect.cpp:443]: Invalid effect 'SOV_karl_radek' in history/countries/SOV - Soviet union.txt line : 278
[14:01:38][2024.01.01.12][countryhistory.cpp:171]: Unknown History Command ==>'SOV_karl_radek'<==  for Countryhistory/countries/SOV - Soviet union.txt
[14:01:38][2024.01.01.12][persistent.cpp:66]: Error: "Unknown effect-type: SOV_karl_radek, near line: 278" in file: "history/countries/SOV - Soviet union.txt" near line: 280
[14:01:38][2024.01.01.12][effect.cpp:443]: Invalid effect 'SOV_yevgeny_preobrazhensky' in history/countries/SOV - Soviet union.txt line : 281
[14:01:38][2024.01.01.12][countryhistory.cpp:171]: Unknown History Command ==>'SOV_yevgeny_preobrazhensky'<==  for Countryhistory/countries/SOV - Soviet union.txt
[14:01:38][2024.01.01.12][persistent.cpp:66]: Error: "Unknown effect-type: SOV_yevgeny_preobrazhensky, near line: 281" in file: "history/countries/SOV - Soviet union.txt" near line: 283
[14:01:38][2024.01.01.12][effect.cpp:443]: Invalid effect 'SOV_aleksandr_shlyapnikov' in history/countries/SOV - Soviet union.txt line : 284
[14:01:38][2024.01.01.12][countryhistory.cpp:171]: Unknown History Command ==>'SOV_aleksandr_shlyapnikov'<==  for Countryhistory/countries/SOV - Soviet union.txt
[14:01:38][2024.01.01.12][persistent.cpp:66]: Error: "Unknown effect-type: SOV_aleksandr_shlyapnikov, near line: 284" in file: "history/countries/SOV - Soviet union.txt" near line: 286
[14:01:38][2024.01.01.12][effect.cpp:443]: Invalid effect 'SOV_nikolay_bukharin' in history/countries/SOV - Soviet union.txt line : 287
[14:01:38][2024.01.01.12][countryhistory.cpp:171]: Unknown History Command ==>'SOV_nikolay_bukharin'<==  for Countryhistory/countries/SOV - Soviet union.txt
[14:01:38][2024.01.01.12][persistent.cpp:66]: Error: "Unknown effect-type: SOV_nikolay_bukharin, near line: 287" in file: "history/countries/SOV - Soviet union.txt" near line: 289
[14:01:38][2024.01.01.12][effect.cpp:443]: Invalid effect 'SOV_aleksey_rykov' in history/countries/SOV - Soviet union.txt line : 290
[14:01:38][2024.01.01.12][countryhistory.cpp:171]: Unknown History Command ==>'SOV_aleksey_rykov'<==  for Countryhistory/countries/SOV - Soviet union.txt
[14:01:38][2024.01.01.12][persistent.cpp:66]: Error: "Unknown effect-type: SOV_aleksey_rykov, near line: 290" in file: "history/countries/SOV - Soviet union.txt" near line: 292
[14:01:38][2024.01.01.12][effect.cpp:443]: Invalid effect 'SOV_mikhail_tomsky' in history/countries/SOV - Soviet union.txt line : 293
[14:01:38][2024.01.01.12][countryhistory.cpp:171]: Unknown History Command ==>'SOV_mikhail_tomsky'<==  for Countryhistory/countries/SOV - Soviet union.txt
[14:01:38][2024.01.01.12][persistent.cpp:66]: Error: "Unknown effect-type: SOV_mikhail_tomsky, near line: 293" in file: "history/countries/SOV - Soviet union.txt" near line: 295
[14:01:38][2024.01.01.12][effect.cpp:443]: Invalid effect 'SOV_grigory_sokolnikov' in history/countries/SOV - Soviet union.txt line : 296
[14:01:38][2024.01.01.12][countryhistory.cpp:171]: Unknown History Command ==>'SOV_grigory_sokolnikov'<==  for Countryhistory/countries/SOV - Soviet union.txt
[14:01:38][2024.01.01.12][persistent.cpp:66]: Error: "Unknown effect-type: SOV_grigory_sokolnikov, near line: 296" in file: "history/countries/SOV - Soviet union.txt" near line: 298
[14:01:38][2024.01.01.12][effect.cpp:443]: Invalid effect 'SOV_anastasy_vonsyatsky' in history/countries/SOV - Soviet union.txt line : 306
[14:01:38][2024.01.01.12][effect.cpp:443]: Invalid effect 'SOV_nikolay_ustryalov' in history/countries/SOV - Soviet union.txt line : 311
[14:01:38][2024.01.01.12][effect.cpp:443]: Invalid effect 'SOV_aleksandr_kazembek' in history/countries/SOV - Soviet union.txt line : 314
[14:01:38][2024.01.01.12][effect.cpp:443]: Invalid effect 'SOV_aleksandr_prokofyev_seversky' in history/countries/SOV - Soviet union.txt line : 317
[14:01:38][2024.01.01.12][effect.cpp:443]: Invalid effect 'SOV_vyacheslav_tkachyov' in history/countries/SOV - Soviet union.txt line : 321
[14:01:38][2024.01.01.12][effect.cpp:443]: Invalid effect 'SOV_yan_nagursky' in history/countries/SOV - Soviet union.txt line : 325
[14:01:38][2024.01.01.12][effect.cpp:443]: Invalid effect 'SOV_vasily_yanchenko' in history/countries/SOV - Soviet union.txt line : 329
[14:01:38][2024.01.01.12][effect.cpp:356]: Error: "Unknown effect-type: SOV_anastasy_vonsyatsky, near line: 306
Unknown effect-type: SOV_nikolay_ustryalov, near line: 311
Unknown effect-type: SOV_aleksandr_kazembek, near line: 314
Unknown effect-type: SOV_aleksandr_prokofyev_seversky, near line: 317
Unknown effect-type: SOV_vyacheslav_tkachyov, near line: 321
Unknown effect-type: SOV_yan_nagursky, near line: 325
Unknown effect-type: SOV_vasily_yanchenko, near line: 329" in file: "history/countries/SOV - Soviet union.txt" near line: 333
[14:01:38][2024.01.01.12][effect.cpp:443]: Invalid effect 'SOV_ivan_smirnov' in history/countries/SOV - Soviet union.txt line : 336
[14:01:38][2024.01.01.12][countryhistory.cpp:171]: Unknown History Command ==>'SOV_ivan_smirnov'<==  for Countryhistory/countries/SOV - Soviet union.txt
[14:01:38][2024.01.01.12][persistent.cpp:66]: Error: "Unknown effect-type: SOV_ivan_smirnov, near line: 336" in file: "history/countries/SOV - Soviet union.txt" near line: 338
[14:01:38][2024.01.01.12][effect.cpp:443]: Invalid effect 'SOV_ivar_smilga' in history/countries/SOV - Soviet union.txt line : 339
[14:01:38][2024.01.01.12][countryhistory.cpp:171]: Unknown History Command ==>'SOV_ivar_smilga'<==  for Countryhistory/countries/SOV - Soviet union.txt
[14:01:38][2024.01.01.12][persistent.cpp:66]: Error: "Unknown effect-type: SOV_ivar_smilga, near line: 339" in file: "history/countries/SOV - Soviet union.txt" near line: 341
[14:01:38][2024.01.01.12][effect.cpp:443]: Invalid effect 'SOV_aleksandr_shlyapnikov' in history/countries/SOV - Soviet union.txt line : 342
[14:01:38][2024.01.01.12][countryhistory.cpp:171]: Unknown History Command ==>'SOV_aleksandr_shlyapnikov'<==  for Countryhistory/countries/SOV - Soviet union.txt
[14:01:38][2024.01.01.12][persistent.cpp:66]: Error: "Unknown effect-type: SOV_aleksandr_shlyapnikov, near line: 342" in file: "history/countries/SOV - Soviet union.txt" near line: 344
[14:01:38][2024.01.01.12][effect.cpp:443]: Invalid effect 'SOV_grigory_zinovyev' in history/countries/SOV - Soviet union.txt line : 345
[14:01:38][2024.01.01.12][countryhistory.cpp:171]: Unknown History Command ==>'SOV_grigory_zinovyev'<==  for Countryhistory/countries/SOV - Soviet union.txt
[14:01:38][2024.01.01.12][persistent.cpp:66]: Error: "Unknown effect-type: SOV_grigory_zinovyev, near line: 345" in file: "history/countries/SOV - Soviet union.txt" near line: 347
[14:01:38][2024.01.01.12][effect.cpp:443]: Invalid effect 'SOV_lev_kamenev' in history/countries/SOV - Soviet union.txt line : 348
[14:01:38][2024.01.01.12][countryhistory.cpp:171]: Unknown History Command ==>'SOV_lev_kamenev'<==  for Countryhistory/countries/SOV - Soviet union.txt
[14:01:38][2024.01.01.12][persistent.cpp:66]: Error: "Unknown effect-type: SOV_lev_kamenev, near line: 348" in file: "history/countries/SOV - Soviet union.txt" near line: 350
[14:01:38][2024.01.01.12][effect.cpp:443]: Invalid effect 'SOV_martemyan_ryutin' in history/countries/SOV - Soviet union.txt line : 351
[14:01:38][2024.01.01.12][countryhistory.cpp:171]: Unknown History Command ==>'SOV_martemyan_ryutin'<==  for Countryhistory/countries/SOV - Soviet union.txt
[14:01:38][2024.01.01.12][persistent.cpp:66]: Error: "Unknown effect-type: SOV_martemyan_ryutin, near line: 351" in file: "history/countries/SOV - Soviet union.txt" near line: 353
[14:01:38][2024.01.01.12][effect.cpp:443]: Invalid effect 'SOV_grigory_zinovyev' in history/countries/SOV - Soviet union.txt line : 965
[14:01:38][2024.01.01.12][countryhistory.cpp:171]: Unknown History Command ==>'SOV_grigory_zinovyev'<==  for Countryhistory/countries/SOV - Soviet union.txt
[14:01:38][2024.01.01.12][persistent.cpp:66]: Error: "Unknown effect-type: SOV_grigory_zinovyev, near line: 965" in file: "history/countries/SOV - Soviet union.txt" near line: 965
[14:01:38][2024.01.01.12][effect.cpp:443]: Invalid effect 'SOV_lev_kamenev' in history/countries/SOV - Soviet union.txt line : 966
[14:01:38][2024.01.01.12][countryhistory.cpp:171]: Unknown History Command ==>'SOV_lev_kamenev'<==  for Countryhistory/countries/SOV - Soviet union.txt
[14:01:38][2024.01.01.12][persistent.cpp:66]: Error: "Unknown effect-type: SOV_lev_kamenev, near line: 966" in file: "history/countries/SOV - Soviet union.txt" near line: 966
[14:01:38][2024.01.01.12][effect.cpp:443]: Invalid effect 'SOV_ivan_smirnov' in history/countries/SOV - Soviet union.txt line : 967
[14:01:38][2024.01.01.12][countryhistory.cpp:171]: Unknown History Command ==>'SOV_ivan_smirnov'<==  for Countryhistory/countries/SOV - Soviet union.txt
[14:01:38][2024.01.01.12][persistent.cpp:66]: Error: "Unknown effect-type: SOV_ivan_smirnov, near line: 967" in file: "history/countries/SOV - Soviet union.txt" near line: 967
[14:01:38][2024.01.01.12][effect.cpp:443]: Invalid effect 'SOV_grigory_sokolnikov' in history/countries/SOV - Soviet union.txt line : 968
[14:01:38][2024.01.01.12][countryhistory.cpp:171]: Unknown History Command ==>'SOV_grigory_sokolnikov'<==  for Countryhistory/countries/SOV - Soviet union.txt
[14:01:38][2024.01.01.12][persistent.cpp:66]: Error: "Unknown effect-type: SOV_grigory_sokolnikov, near line: 968" in file: "history/countries/SOV - Soviet union.txt" near line: 968
[14:01:38][2024.01.01.12][effect.cpp:443]: Invalid effect 'SOV_aleksandr_shlyapnikov' in history/countries/SOV - Soviet union.txt line : 969
[14:01:38][2024.01.01.12][countryhistory.cpp:171]: Unknown History Command ==>'SOV_aleksandr_shlyapnikov'<==  for Countryhistory/countries/SOV - Soviet union.txt
[14:01:38][2024.01.01.12][persistent.cpp:66]: Error: "Unknown effect-type: SOV_aleksandr_shlyapnikov, near line: 969" in file: "history/countries/SOV - Soviet union.txt" near line: 969
[14:01:38][2024.01.01.12][effect.cpp:443]: Invalid effect 'SOV_karl_radek' in history/countries/SOV - Soviet union.txt line : 970
[14:01:38][2024.01.01.12][countryhistory.cpp:171]: Unknown History Command ==>'SOV_karl_radek'<==  for Countryhistory/countries/SOV - Soviet union.txt
[14:01:38][2024.01.01.12][persistent.cpp:66]: Error: "Unknown effect-type: SOV_karl_radek, near line: 970" in file: "history/countries/SOV - Soviet union.txt" near line: 970
[14:01:38][2024.01.01.12][effect.cpp:443]: Invalid effect 'SOV_ivar_smilga' in history/countries/SOV - Soviet union.txt line : 971
[14:01:38][2024.01.01.12][countryhistory.cpp:171]: Unknown History Command ==>'SOV_ivar_smilga'<==  for Countryhistory/countries/SOV - Soviet union.txt
[14:01:38][2024.01.01.12][persistent.cpp:66]: Error: "Unknown effect-type: SOV_ivar_smilga, near line: 971" in file: "history/countries/SOV - Soviet union.txt" near line: 971
[14:01:38][2024.01.01.12][effect.cpp:443]: Invalid effect 'SOV_yevgeny_preobrazhensky' in history/countries/SOV - Soviet union.txt line : 972
[14:01:38][2024.01.01.12][countryhistory.cpp:171]: Unknown History Command ==>'SOV_yevgeny_preobrazhensky'<==  for Countryhistory/countries/SOV - Soviet union.txt
[14:01:38][2024.01.01.12][persistent.cpp:66]: Error: "Unknown effect-type: SOV_yevgeny_preobrazhensky, near line: 972" in file: "history/countries/SOV - Soviet union.txt" near line: 972
[14:01:38][2024.01.01.12][effect.cpp:443]: Invalid effect 'SOV_martemyan_ryutin' in history/countries/SOV - Soviet union.txt line : 973
[14:01:38][2024.01.01.12][countryhistory.cpp:171]: Unknown History Command ==>'SOV_martemyan_ryutin'<==  for Countryhistory/countries/SOV - Soviet union.txt
[14:01:38][2024.01.01.12][persistent.cpp:66]: Error: "Unknown effect-type: SOV_martemyan_ryutin, near line: 973" in file: "history/countries/SOV - Soviet union.txt" near line: 973
[14:01:38][2024.01.01.12][effect.cpp:443]: Invalid effect 'SOV_nikolay_ustryalov' in history/countries/SOV - Soviet union.txt line : 978
[14:01:38][2024.01.01.12][effect.cpp:356]: Error: "Unknown effect-type: SOV_nikolay_ustryalov, near line: 978" in file: "history/countries/SOV - Soviet union.txt" near line: 979
[14:01:38][2024.01.01.12][effect.cpp:443]: Invalid effect 'SOV_mikhail_tukhachevsky' in history/countries/SOV - Soviet union.txt line : 980
[14:01:38][2024.01.01.12][countryhistory.cpp:171]: Unknown History Command ==>'SOV_mikhail_tukhachevsky'<==  for Countryhistory/countries/SOV - Soviet union.txt
[14:01:38][2024.01.01.12][persistent.cpp:66]: Error: "Unknown effect-type: SOV_mikhail_tukhachevsky, near line: 980" in file: "history/countries/SOV - Soviet union.txt" near line: 980
[14:01:38][2024.01.01.12][effect.cpp:443]: Invalid effect 'SOV_aleksandr_yegorov' in history/countries/SOV - Soviet union.txt line : 981
[14:01:38][2024.01.01.12][countryhistory.cpp:171]: Unknown History Command ==>'SOV_aleksandr_yegorov'<==  for Countryhistory/countries/SOV - Soviet union.txt
[14:01:38][2024.01.01.12][persistent.cpp:66]: Error: "Unknown effect-type: SOV_aleksandr_yegorov, near line: 981" in file: "history/countries/SOV - Soviet union.txt" near line: 981
[14:01:38][2024.01.01.12][effect.cpp:443]: Invalid effect 'SOV_vasily_blyukher' in history/countries/SOV - Soviet union.txt line : 982
[14:01:38][2024.01.01.12][countryhistory.cpp:171]: Unknown History Command ==>'SOV_vasily_blyukher'<==  for Countryhistory/countries/SOV - Soviet union.txt
[14:01:38][2024.01.01.12][persistent.cpp:66]: Error: "Unknown effect-type: SOV_vasily_blyukher, near line: 982" in file: "history/countries/SOV - Soviet union.txt" near line: 982
[14:01:38][2024.01.01.12][effect.cpp:443]: Invalid effect 'SOV_vitaly_primakov' in history/countries/SOV - Soviet union.txt line : 983
[14:01:38][2024.01.01.12][countryhistory.cpp:171]: Unknown History Command ==>'SOV_vitaly_primakov'<==  for Countryhistory/countries/SOV - Soviet union.txt
[14:01:38][2024.01.01.12][persistent.cpp:66]: Error: "Unknown effect-type: SOV_vitaly_primakov, near line: 983" in file: "history/countries/SOV - Soviet union.txt" near line: 983
[14:01:38][2024.01.01.12][effect.cpp:443]: Invalid effect 'SOV_nikolay_bukharin' in history/countries/SOV - Soviet union.txt line : 984
[14:01:38][2024.01.01.12][countryhistory.cpp:171]: Unknown History Command ==>'SOV_nikolay_bukharin'<==  for Countryhistory/countries/SOV - Soviet union.txt
[14:01:38][2024.01.01.12][persistent.cpp:66]: Error: "Unknown effect-type: SOV_nikolay_bukharin, near line: 984" in file: "history/countries/SOV - Soviet union.txt" near line: 984
[14:01:38][2024.01.01.12][effect.cpp:443]: Invalid effect 'SOV_aleksey_rykov' in history/countries/SOV - Soviet union.txt line : 985
[14:01:38][2024.01.01.12][countryhistory.cpp:171]: Unknown History Command ==>'SOV_aleksey_rykov'<==  for Countryhistory/countries/SOV - Soviet union.txt
[14:01:38][2024.01.01.12][persistent.cpp:66]: Error: "Unknown effect-type: SOV_aleksey_rykov, near line: 985" in file: "history/countries/SOV - Soviet union.txt" near line: 985
[14:01:38][2024.01.01.12][effect.cpp:443]: Invalid effect 'SOV_mikhail_tomsky' in history/countries/SOV - Soviet union.txt line : 986
[14:01:38][2024.01.01.12][countryhistory.cpp:171]: Unknown History Command ==>'SOV_mikhail_tomsky'<==  for Countryhistory/countries/SOV - Soviet union.txt
[14:01:38][2024.01.01.12][persistent.cpp:66]: Error: "Unknown effect-type: SOV_mikhail_tomsky, near line: 986" in file: "history/countries/SOV - Soviet union.txt" near line: 986
[14:01:38][2024.01.01.12][effect.cpp:443]: Invalid effect 'SOV_maksim_litvinov' in history/countries/SOV - Soviet union.txt line : 987
[14:01:38][2024.01.01.12][countryhistory.cpp:171]: Unknown History Command ==>'SOV_maksim_litvinov'<==  for Countryhistory/countries/SOV - Soviet union.txt
[14:01:38][2024.01.01.12][persistent.cpp:66]: Error: "Unknown effect-type: SOV_maksim_litvinov, near line: 987" in file: "history/countries/SOV - Soviet union.txt" near line: 987
[14:01:38][2024.01.01.12][effect.cpp:443]: Invalid effect 'SOV_genrikh_yagoda' in history/countries/SOV - Soviet union.txt line : 988
[14:01:38][2024.01.01.12][countryhistory.cpp:171]: Unknown History Command ==>'SOV_genrikh_yagoda'<==  for Countryhistory/countries/SOV - Soviet union.txt
[14:01:38][2024.01.01.12][persistent.cpp:66]: Error: "Unknown effect-type: SOV_genrikh_yagoda, near line: 988" in file: "history/countries/SOV - Soviet union.txt" near line: 988
[14:01:38][2024.01.01.12][effect.cpp:443]: Invalid effect 'SOV_nikolay_yezhov' in history/countries/SOV - Soviet union.txt line : 989
[14:01:38][2024.01.01.12][countryhistory.cpp:171]: Unknown History Command ==>'SOV_nikolay_yezhov'<==  for Countryhistory/countries/SOV - Soviet union.txt
[14:01:38][2024.01.01.12][persistent.cpp:66]: Error: "Unknown effect-type: SOV_nikolay_yezhov, near line: 989" in file: "history/countries/SOV - Soviet union.txt" near line: 989
[14:01:38][2024.01.01.12][effect.cpp:443]: Invalid effect 'SOV_sergey_khudyakov' in history/countries/SOV - Soviet union.txt line : 990
[14:01:38][2024.01.01.12][countryhistory.cpp:171]: Unknown History Command ==>'SOV_sergey_khudyakov'<==  for Countryhistory/countries/SOV - Soviet union.txt
[14:01:38][2024.01.01.12][persistent.cpp:66]: Error: "Unknown effect-type: SOV_sergey_khudyakov, near line: 990" in file: "history/countries/SOV - Soviet union.txt" near line: 990
[14:01:38][2024.01.01.12][effect.cpp:443]: Invalid effect 'SOV_yakov_smushkevich' in history/countries/SOV - Soviet union.txt line : 991
[14:01:38][2024.01.01.12][countryhistory.cpp:171]: Unknown History Command ==>'SOV_yakov_smushkevich'<==  for Countryhistory/countries/SOV - Soviet union.txt
[14:01:38][2024.01.01.12][persistent.cpp:66]: Error: "Unknown effect-type: SOV_yakov_smushkevich, near line: 991" in file: "history/countries/SOV - Soviet union.txt" near line: 991
[14:01:38][2024.01.01.12][effect.cpp:443]: Invalid effect 'SOV_pavel_rychagov' in history/countries/SOV - Soviet union.txt line : 992
[14:01:38][2024.01.01.12][countryhistory.cpp:171]: Unknown History Command ==>'SOV_pavel_rychagov'<==  for Countryhistory/countries/SOV - Soviet union.txt
[14:01:38][2024.01.01.12][persistent.cpp:66]: Error: "Unknown effect-type: SOV_pavel_rychagov, near line: 992" in file: "history/countries/SOV - Soviet union.txt" near line: 992
[14:01:38][2024.01.01.12][database_scoped_variables.cpp:266]: invalid database object for effect/trigger: superior_firepower. use var:var_name to explicitly use variables in effects/triggers
[14:01:38][2024.01.01.12][database_scoped_variables.cpp:266]: invalid database object for effect/trigger: base_strike. use var:var_name to explicitly use variables in effects/triggers
[14:01:38][2024.01.01.12][database_scoped_variables.cpp:266]: invalid database object for effect/trigger: superior_firepower. use var:var_name to explicitly use variables in effects/triggers
[14:01:38][2024.01.01.12][database_scoped_variables.cpp:266]: invalid database object for effect/trigger: base_strike. use var:var_name to explicitly use variables in effects/triggers
[14:01:38][2024.01.01.12][database_scoped_variables.cpp:266]: invalid database object for effect/trigger: superior_firepower. use var:var_name to explicitly use variables in effects/triggers
[14:01:38][2024.01.01.12][database_scoped_variables.cpp:266]: invalid database object for effect/trigger: base_strike. use var:var_name to explicitly use variables in effects/triggers
[14:01:38][2024.01.01.12][database_scoped_variables.cpp:266]: invalid database object for effect/trigger: superior_firepower. use var:var_name to explicitly use variables in effects/triggers
[14:01:38][2024.01.01.12][database_scoped_variables.cpp:266]: invalid database object for effect/trigger: base_strike. use var:var_name to explicitly use variables in effects/triggers
[14:01:38][2024.01.01.12][database_scoped_variables.cpp:266]: invalid database object for effect/trigger: superior_firepower. use var:var_name to explicitly use variables in effects/triggers
[14:01:38][2024.01.01.12][database_scoped_variables.cpp:266]: invalid database object for effect/trigger: base_strike. use var:var_name to explicitly use variables in effects/triggers
[14:01:38][2024.01.01.12][database_scoped_variables.cpp:266]: invalid database object for effect/trigger: superior_firepower. use var:var_name to explicitly use variables in effects/triggers
[14:01:38][2024.01.01.12][database_scoped_variables.cpp:266]: invalid database object for effect/trigger: base_strike. use var:var_name to explicitly use variables in effects/triggers
[14:01:38][2024.01.01.12][database_scoped_variables.cpp:266]: invalid database object for effect/trigger: superior_firepower. use var:var_name to explicitly use variables in effects/triggers
[14:01:38][2024.01.01.12][database_scoped_variables.cpp:266]: invalid database object for effect/trigger: base_strike. use var:var_name to explicitly use variables in effects/triggers
[14:01:38][2024.01.01.12][database_scoped_variables.cpp:266]: invalid database object for effect/trigger: superior_firepower. use var:var_name to explicitly use variables in effects/triggers
[14:01:38][2024.01.01.12][database_scoped_variables.cpp:266]: invalid database object for effect/trigger: base_strike. use var:var_name to explicitly use variables in effects/triggers
[14:01:38][2024.01.01.12][database_scoped_variables.cpp:266]: invalid database object for effect/trigger: superior_firepower. use var:var_name to explicitly use variables in effects/triggers
[14:01:38][2024.01.01.12][database_scoped_variables.cpp:266]: invalid database object for effect/trigger: base_strike. use var:var_name to explicitly use variables in effects/triggers
[14:01:38][2024.01.01.12][database_scoped_variables.cpp:266]: invalid database object for effect/trigger: superior_firepower. use var:var_name to explicitly use variables in effects/triggers
[14:01:38][2024.01.01.12][database_scoped_variables.cpp:266]: invalid database object for effect/trigger: base_strike. use var:var_name to explicitly use variables in effects/triggers
[14:01:38][2024.01.01.12][database_scoped_variables.cpp:266]: invalid database object for effect/trigger: superior_firepower. use var:var_name to explicitly use variables in effects/triggers
[14:01:38][2024.01.01.12][database_scoped_variables.cpp:266]: invalid database object for effect/trigger: base_strike. use var:var_name to explicitly use variables in effects/triggers
[14:01:38][2024.01.01.12][database_scoped_variables.cpp:266]: invalid database object for effect/trigger: superior_firepower. use var:var_name to explicitly use variables in effects/triggers
[14:01:38][2024.01.01.12][database_scoped_variables.cpp:266]: invalid database object for effect/trigger: base_strike. use var:var_name to explicitly use variables in effects/triggers
[14:01:38][2024.01.01.12][database_scoped_variables.cpp:266]: invalid database object for effect/trigger: basic_medium_battery. use var:var_name to explicitly use variables in effects/triggers
[14:01:38][2024.01.01.12][database_scoped_variables.cpp:266]: invalid database object for effect/trigger: improved_airplane_launcher. use var:var_name to explicitly use variables in effects/triggers
[14:01:38][2024.01.01.12][database_scoped_variables.cpp:266]: invalid database object for effect/trigger: superior_firepower. use var:var_name to explicitly use variables in effects/triggers
[14:01:38][2024.01.01.12][database_scoped_variables.cpp:266]: invalid database object for effect/trigger: base_strike. use var:var_name to explicitly use variables in effects/triggers
[14:01:38][2024.01.01.12][database_scoped_variables.cpp:266]: invalid database object for effect/trigger: superior_firepower. use var:var_name to explicitly use variables in effects/triggers
[14:01:38][2024.01.01.12][database_scoped_variables.cpp:266]: invalid database object for effect/trigger: base_strike. use var:var_name to explicitly use variables in effects/triggers
[14:01:38][2024.01.01.12][database_scoped_variables.cpp:266]: invalid database object for effect/trigger: superior_firepower. use var:var_name to explicitly use variables in effects/triggers
[14:01:38][2024.01.01.12][database_scoped_variables.cpp:266]: invalid database object for effect/trigger: base_strike. use var:var_name to explicitly use variables in effects/triggers
[14:01:38][2024.01.01.12][database_scoped_variables.cpp:266]: invalid database object for effect/trigger: superior_firepower. use var:var_name to explicitly use variables in effects/triggers
[14:01:38][2024.01.01.12][database_scoped_variables.cpp:266]: invalid database object for effect/trigger: base_strike. use var:var_name to explicitly use variables in effects/triggers
[14:01:38][2024.01.01.12][database_scoped_variables.cpp:266]: invalid database object for effect/trigger: superior_firepower. use var:var_name to explicitly use variables in effects/triggers
[14:01:38][2024.01.01.12][database_scoped_variables.cpp:266]: invalid database object for effect/trigger: base_strike. use var:var_name to explicitly use variables in effects/triggers
[14:01:38][2024.01.01.12][database_scoped_variables.cpp:266]: invalid database object for effect/trigger: superior_firepower. use var:var_name to explicitly use variables in effects/triggers
[14:01:38][2024.01.01.12][database_scoped_variables.cpp:266]: invalid database object for effect/trigger: base_strike. use var:var_name to explicitly use variables in effects/triggers
[14:01:38][2024.01.01.12][database_scoped_variables.cpp:266]: invalid database object for effect/trigger: basic_medium_battery. use var:var_name to explicitly use variables in effects/triggers
[14:01:38][2024.01.01.12][database_scoped_variables.cpp:266]: invalid database object for effect/trigger: improved_airplane_launcher. use var:var_name to explicitly use variables in effects/triggers
[14:01:38][2024.01.01.12][database_scoped_variables.cpp:266]: invalid database object for effect/trigger: superior_firepower. use var:var_name to explicitly use variables in effects/triggers
[14:01:38][2024.01.01.12][database_scoped_variables.cpp:266]: invalid database object for effect/trigger: base_strike. use var:var_name to explicitly use variables in effects/triggers
[14:01:38][2024.01.01.12][database_scoped_variables.cpp:266]: invalid database object for effect/trigger: superior_firepower. use var:var_name to explicitly use variables in effects/triggers
[14:01:38][2024.01.01.12][database_scoped_variables.cpp:266]: invalid database object for effect/trigger: base_strike. use var:var_name to explicitly use variables in effects/triggers
[14:01:38][2024.01.01.12][database_scoped_variables.cpp:266]: invalid database object for effect/trigger: superior_firepower. use var:var_name to explicitly use variables in effects/triggers
[14:01:38][2024.01.01.12][database_scoped_variables.cpp:266]: invalid database object for effect/trigger: base_strike. use var:var_name to explicitly use variables in effects/triggers
[14:01:38][2024.01.01.12][database_scoped_variables.cpp:266]: invalid database object for effect/trigger: superior_firepower. use var:var_name to explicitly use variables in effects/triggers
[14:01:38][2024.01.01.12][database_scoped_variables.cpp:266]: invalid database object for effect/trigger: base_strike. use var:var_name to explicitly use variables in effects/triggers
[14:01:38][2024.01.01.12][database_scoped_variables.cpp:266]: invalid database object for effect/trigger: superior_firepower. use var:var_name to explicitly use variables in effects/triggers
[14:01:38][2024.01.01.12][database_scoped_variables.cpp:266]: invalid database object for effect/trigger: base_strike. use var:var_name to explicitly use variables in effects/triggers
[14:01:38][2024.01.01.12][database_scoped_variables.cpp:266]: invalid database object for effect/trigger: superior_firepower. use var:var_name to explicitly use variables in effects/triggers
[14:01:38][2024.01.01.12][database_scoped_variables.cpp:266]: invalid database object for effect/trigger: base_strike. use var:var_name to explicitly use variables in effects/triggers
[14:01:38][2024.01.01.12][database_scoped_variables.cpp:266]: invalid database object for effect/trigger: superior_firepower. use var:var_name to explicitly use variables in effects/triggers
[14:01:38][2024.01.01.12][database_scoped_variables.cpp:266]: invalid database object for effect/trigger: base_strike. use var:var_name to explicitly use variables in effects/triggers
[14:01:38][2024.01.01.12][database_scoped_variables.cpp:266]: invalid database object for effect/trigger: superior_firepower. use var:var_name to explicitly use variables in effects/triggers
[14:01:38][2024.01.01.12][database_scoped_variables.cpp:266]: invalid database object for effect/trigger: base_strike. use var:var_name to explicitly use variables in effects/triggers
[14:01:38][2024.01.01.12][database_scoped_variables.cpp:266]: invalid database object for effect/trigger: superior_firepower. use var:var_name to explicitly use variables in effects/triggers
[14:01:38][2024.01.01.12][database_scoped_variables.cpp:266]: invalid database object for effect/trigger: base_strike. use var:var_name to explicitly use variables in effects/triggers
[14:01:38][2024.01.01.12][database_scoped_variables.cpp:266]: invalid database object for effect/trigger: superior_firepower. use var:var_name to explicitly use variables in effects/triggers
[14:01:38][2024.01.01.12][database_scoped_variables.cpp:266]: invalid database object for effect/trigger: base_strike. use var:var_name to explicitly use variables in effects/triggers
[14:01:38][2024.01.01.12][database_scoped_variables.cpp:266]: invalid database object for effect/trigger: superior_firepower. use var:var_name to explicitly use variables in effects/triggers
[14:01:38][2024.01.01.12][database_scoped_variables.cpp:266]: invalid database object for effect/trigger: base_strike. use var:var_name to explicitly use variables in effects/triggers
[14:01:38][2024.01.01.12][database_scoped_variables.cpp:266]: invalid database object for effect/trigger: superior_firepower. use var:var_name to explicitly use variables in effects/triggers
[14:01:38][2024.01.01.12][database_scoped_variables.cpp:266]: invalid database object for effect/trigger: base_strike. use var:var_name to explicitly use variables in effects/triggers
[14:01:38][2024.01.01.12][database_scoped_variables.cpp:266]: invalid database object for effect/trigger: superior_firepower. use var:var_name to explicitly use variables in effects/triggers
[14:01:38][2024.01.01.12][database_scoped_variables.cpp:266]: invalid database object for effect/trigger: base_strike. use var:var_name to explicitly use variables in effects/triggers
[14:01:38][2024.01.01.12][database_scoped_variables.cpp:266]: invalid database object for effect/trigger: superior_firepower. use var:var_name to explicitly use variables in effects/triggers
[14:01:38][2024.01.01.12][database_scoped_variables.cpp:266]: invalid database object for effect/trigger: base_strike. use var:var_name to explicitly use variables in effects/triggers
[14:01:38][2024.01.01.12][database_scoped_variables.cpp:266]: invalid database object for effect/trigger: superior_firepower. use var:var_name to explicitly use variables in effects/triggers
[14:01:38][2024.01.01.12][database_scoped_variables.cpp:266]: invalid database object for effect/trigger: base_strike. use var:var_name to explicitly use variables in effects/triggers
[14:01:38][2024.01.01.12][database_scoped_variables.cpp:266]: invalid database object for effect/trigger: superior_firepower. use var:var_name to explicitly use variables in effects/triggers
[14:01:38][2024.01.01.12][database_scoped_variables.cpp:266]: invalid database object for effect/trigger: base_strike. use var:var_name to explicitly use variables in effects/triggers
[14:01:38][2024.01.01.12][database_scoped_variables.cpp:266]: invalid database object for effect/trigger: superior_firepower. use var:var_name to explicitly use variables in effects/triggers
[14:01:38][2024.01.01.12][database_scoped_variables.cpp:266]: invalid database object for effect/trigger: base_strike. use var:var_name to explicitly use variables in effects/triggers
[14:01:38][2024.01.01.12][database_scoped_variables.cpp:266]: invalid database object for effect/trigger: superior_firepower. use var:var_name to explicitly use variables in effects/triggers
[14:01:38][2024.01.01.12][database_scoped_variables.cpp:266]: invalid database object for effect/trigger: base_strike. use var:var_name to explicitly use variables in effects/triggers
[14:01:38][2024.01.01.12][database_scoped_variables.cpp:266]: invalid database object for effect/trigger: superior_firepower. use var:var_name to explicitly use variables in effects/triggers
[14:01:38][2024.01.01.12][database_scoped_variables.cpp:266]: invalid database object for effect/trigger: base_strike. use var:var_name to explicitly use variables in effects/triggers
[14:01:38][2024.01.01.12][database_scoped_variables.cpp:266]: invalid database object for effect/trigger: superior_firepower. use var:var_name to explicitly use variables in effects/triggers
[14:01:38][2024.01.01.12][database_scoped_variables.cpp:266]: invalid database object for effect/trigger: base_strike. use var:var_name to explicitly use variables in effects/triggers
[14:01:38][2024.01.01.12][database_scoped_variables.cpp:266]: invalid database object for effect/trigger: superior_firepower. use var:var_name to explicitly use variables in effects/triggers
[14:01:38][2024.01.01.12][database_scoped_variables.cpp:266]: invalid database object for effect/trigger: base_strike. use var:var_name to explicitly use variables in effects/triggers
[14:01:38][2024.01.01.12][database_scoped_variables.cpp:266]: invalid database object for effect/trigger: superior_firepower. use var:var_name to explicitly use variables in effects/triggers
[14:01:38][2024.01.01.12][database_scoped_variables.cpp:266]: invalid database object for effect/trigger: base_strike. use var:var_name to explicitly use variables in effects/triggers
[14:01:38][2024.01.01.12][database_scoped_variables.cpp:266]: invalid database object for effect/trigger: superior_firepower. use var:var_name to explicitly use variables in effects/triggers
[14:01:38][2024.01.01.12][database_scoped_variables.cpp:266]: invalid database object for effect/trigger: base_strike. use var:var_name to explicitly use variables in effects/triggers
[14:01:38][2024.01.01.12][database_scoped_variables.cpp:266]: invalid database object for effect/trigger: superior_firepower. use var:var_name to explicitly use variables in effects/triggers
[14:01:38][2024.01.01.12][database_scoped_variables.cpp:266]: invalid database object for effect/trigger: base_strike. use var:var_name to explicitly use variables in effects/triggers
[14:01:38][2024.01.01.12][database_scoped_variables.cpp:266]: invalid database object for effect/trigger: superior_firepower. use var:var_name to explicitly use variables in effects/triggers
[14:01:38][2024.01.01.12][database_scoped_variables.cpp:266]: invalid database object for effect/trigger: base_strike. use var:var_name to explicitly use variables in effects/triggers
[14:01:38][2024.01.01.12][database_scoped_variables.cpp:266]: invalid database object for effect/trigger: superior_firepower. use var:var_name to explicitly use variables in effects/triggers
[14:01:38][2024.01.01.12][database_scoped_variables.cpp:266]: invalid database object for effect/trigger: base_strike. use var:var_name to explicitly use variables in effects/triggers
[14:01:38][2024.01.01.12][database_scoped_variables.cpp:266]: invalid database object for effect/trigger: superior_firepower. use var:var_name to explicitly use variables in effects/triggers
[14:01:38][2024.01.01.12][database_scoped_variables.cpp:266]: invalid database object for effect/trigger: base_strike. use var:var_name to explicitly use variables in effects/triggers
[14:01:38][2024.01.01.12][database_scoped_variables.cpp:266]: invalid database object for effect/trigger: superior_firepower. use var:var_name to explicitly use variables in effects/triggers
[14:01:38][2024.01.01.12][database_scoped_variables.cpp:266]: invalid database object for effect/trigger: base_strike. use var:var_name to explicitly use variables in effects/triggers
[14:01:38][2024.01.01.12][database_scoped_variables.cpp:266]: invalid database object for effect/trigger: superior_firepower. use var:var_name to explicitly use variables in effects/triggers
[14:01:38][2024.01.01.12][database_scoped_variables.cpp:266]: invalid database object for effect/trigger: base_strike. use var:var_name to explicitly use variables in effects/triggers
[14:01:38][2024.01.01.12][database_scoped_variables.cpp:266]: invalid database object for effect/trigger: superior_firepower. use var:var_name to explicitly use variables in effects/triggers
[14:01:38][2024.01.01.12][database_scoped_variables.cpp:266]: invalid database object for effect/trigger: base_strike. use var:var_name to explicitly use variables in effects/triggers
[14:01:38][2024.01.01.12][database_scoped_variables.cpp:266]: invalid database object for effect/trigger: superior_firepower. use var:var_name to explicitly use variables in effects/triggers
[14:01:38][2024.01.01.12][database_scoped_variables.cpp:266]: invalid database object for effect/trigger: base_strike. use var:var_name to explicitly use variables in effects/triggers
[14:01:38][2024.01.01.12][database_scoped_variables.cpp:266]: invalid database object for effect/trigger: superior_firepower. use var:var_name to explicitly use variables in effects/triggers
[14:01:38][2024.01.01.12][database_scoped_variables.cpp:266]: invalid database object for effect/trigger: base_strike. use var:var_name to explicitly use variables in effects/triggers
[14:01:38][2024.01.01.12][database_scoped_variables.cpp:266]: invalid database object for effect/trigger: superior_firepower. use var:var_name to explicitly use variables in effects/triggers
[14:01:38][2024.01.01.12][database_scoped_variables.cpp:266]: invalid database object for effect/trigger: base_strike. use var:var_name to explicitly use variables in effects/triggers
[14:01:38][2024.01.01.12][database_scoped_variables.cpp:266]: invalid database object for effect/trigger: superior_firepower. use var:var_name to explicitly use variables in effects/triggers
[14:01:38][2024.01.01.12][database_scoped_variables.cpp:266]: invalid database object for effect/trigger: base_strike. use var:var_name to explicitly use variables in effects/triggers
[14:01:38][2024.01.01.12][database_scoped_variables.cpp:266]: invalid database object for effect/trigger: superior_firepower. use var:var_name to explicitly use variables in effects/triggers
[14:01:38][2024.01.01.12][database_scoped_variables.cpp:266]: invalid database object for effect/trigger: base_strike. use var:var_name to explicitly use variables in effects/triggers
[14:01:38][2024.01.01.12][database_scoped_variables.cpp:266]: invalid database object for effect/trigger: superior_firepower. use var:var_name to explicitly use variables in effects/triggers
[14:01:38][2024.01.01.12][database_scoped_variables.cpp:266]: invalid database object for effect/trigger: base_strike. use var:var_name to explicitly use variables in effects/triggers
[14:01:38][2024.01.01.12][database_scoped_variables.cpp:266]: invalid database object for effect/trigger: superior_firepower. use var:var_name to explicitly use variables in effects/triggers
[14:01:38][2024.01.01.12][database_scoped_variables.cpp:266]: invalid database object for effect/trigger: base_strike. use var:var_name to explicitly use variables in effects/triggers
[14:01:38][2024.01.01.12][database_scoped_variables.cpp:266]: invalid database object for effect/trigger: superior_firepower. use var:var_name to explicitly use variables in effects/triggers
[14:01:38][2024.01.01.12][database_scoped_variables.cpp:266]: invalid database object for effect/trigger: base_strike. use var:var_name to explicitly use variables in effects/triggers
[14:01:38][2024.01.01.12][database_scoped_variables.cpp:266]: invalid database object for effect/trigger: superior_firepower. use var:var_name to explicitly use variables in effects/triggers
[14:01:38][2024.01.01.12][database_scoped_variables.cpp:266]: invalid database object for effect/trigger: base_strike. use var:var_name to explicitly use variables in effects/triggers
[14:01:38][2024.01.01.12][database_scoped_variables.cpp:266]: invalid database object for effect/trigger: superior_firepower. use var:var_name to explicitly use variables in effects/triggers
[14:01:38][2024.01.01.12][database_scoped_variables.cpp:266]: invalid database object for effect/trigger: base_strike. use var:var_name to explicitly use variables in effects/triggers
[14:01:38][2024.01.01.12][database_scoped_variables.cpp:266]: invalid database object for effect/trigger: superior_firepower. use var:var_name to explicitly use variables in effects/triggers
[14:01:38][2024.01.01.12][database_scoped_variables.cpp:266]: invalid database object for effect/trigger: base_strike. use var:var_name to explicitly use variables in effects/triggers
[14:01:38][2024.01.01.12][database_scoped_variables.cpp:266]: invalid database object for effect/trigger: superior_firepower. use var:var_name to explicitly use variables in effects/triggers
[14:01:38][2024.01.01.12][database_scoped_variables.cpp:266]: invalid database object for effect/trigger: base_strike. use var:var_name to explicitly use variables in effects/triggers
[14:01:38][2024.01.01.12][database_scoped_variables.cpp:266]: invalid database object for effect/trigger: superior_firepower. use var:var_name to explicitly use variables in effects/triggers
[14:01:38][2024.01.01.12][database_scoped_variables.cpp:266]: invalid database object for effect/trigger: base_strike. use var:var_name to explicitly use variables in effects/triggers
[14:01:38][2024.01.01.12][database_scoped_variables.cpp:266]: invalid database object for effect/trigger: superior_firepower. use var:var_name to explicitly use variables in effects/triggers
[14:01:38][2024.01.01.12][database_scoped_variables.cpp:266]: invalid database object for effect/trigger: base_strike. use var:var_name to explicitly use variables in effects/triggers
[14:01:38][2024.01.01.12][database_scoped_variables.cpp:266]: invalid database object for effect/trigger: superior_firepower. use var:var_name to explicitly use variables in effects/triggers
[14:01:38][2024.01.01.12][database_scoped_variables.cpp:266]: invalid database object for effect/trigger: base_strike. use var:var_name to explicitly use variables in effects/triggers
[14:01:38][2024.01.01.12][database_scoped_variables.cpp:266]: invalid database object for effect/trigger: superior_firepower. use var:var_name to explicitly use variables in effects/triggers
[14:01:38][2024.01.01.12][database_scoped_variables.cpp:266]: invalid database object for effect/trigger: base_strike. use var:var_name to explicitly use variables in effects/triggers
[14:01:38][2024.01.01.12][database_scoped_variables.cpp:266]: invalid database object for effect/trigger: superior_firepower. use var:var_name to explicitly use variables in effects/triggers
[14:01:38][2024.01.01.12][database_scoped_variables.cpp:266]: invalid database object for effect/trigger: base_strike. use var:var_name to explicitly use variables in effects/triggers
[14:01:38][2024.01.01.12][database_scoped_variables.cpp:266]: invalid database object for effect/trigger: superior_firepower. use var:var_name to explicitly use variables in effects/triggers
[14:01:38][2024.01.01.12][database_scoped_variables.cpp:266]: invalid database object for effect/trigger: base_strike. use var:var_name to explicitly use variables in effects/triggers
[14:01:38][2024.01.01.12][database_scoped_variables.cpp:266]: invalid database object for effect/trigger: superior_firepower. use var:var_name to explicitly use variables in effects/triggers
[14:01:38][2024.01.01.12][database_scoped_variables.cpp:266]: invalid database object for effect/trigger: base_strike. use var:var_name to explicitly use variables in effects/triggers
[14:01:38][2024.01.01.12][database_scoped_variables.cpp:266]: invalid database object for effect/trigger: superior_firepower. use var:var_name to explicitly use variables in effects/triggers
[14:01:38][2024.01.01.12][database_scoped_variables.cpp:266]: invalid database object for effect/trigger: base_strike. use var:var_name to explicitly use variables in effects/triggers
[14:01:38][2024.01.01.12][database_scoped_variables.cpp:266]: invalid database object for effect/trigger: superior_firepower. use var:var_name to explicitly use variables in effects/triggers
[14:01:38][2024.01.01.12][database_scoped_variables.cpp:266]: invalid database object for effect/trigger: base_strike. use var:var_name to explicitly use variables in effects/triggers
[14:01:38][2024.01.01.12][database_scoped_variables.cpp:266]: invalid database object for effect/trigger: superior_firepower. use var:var_name to explicitly use variables in effects/triggers
[14:01:38][2024.01.01.12][database_scoped_variables.cpp:266]: invalid database object for effect/trigger: base_strike. use var:var_name to explicitly use variables in effects/triggers
[14:01:38][2024.01.01.12][database_scoped_variables.cpp:266]: invalid database object for effect/trigger: superior_firepower. use var:var_name to explicitly use variables in effects/triggers
[14:01:38][2024.01.01.12][database_scoped_variables.cpp:266]: invalid database object for effect/trigger: base_strike. use var:var_name to explicitly use variables in effects/triggers
[14:01:38][2024.01.01.12][database_scoped_variables.cpp:266]: invalid database object for effect/trigger: superior_firepower. use var:var_name to explicitly use variables in effects/triggers
[14:01:38][2024.01.01.12][database_scoped_variables.cpp:266]: invalid database object for effect/trigger: base_strike. use var:var_name to explicitly use variables in effects/triggers
[14:01:38][2024.01.01.12][database_scoped_variables.cpp:266]: invalid database object for effect/trigger: superior_firepower. use var:var_name to explicitly use variables in effects/triggers
[14:01:38][2024.01.01.12][database_scoped_variables.cpp:266]: invalid database object for effect/trigger: base_strike. use var:var_name to explicitly use variables in effects/triggers
[14:01:38][2024.01.01.12][database_scoped_variables.cpp:266]: invalid database object for effect/trigger: superior_firepower. use var:var_name to explicitly use variables in effects/triggers
[14:01:38][2024.01.01.12][database_scoped_variables.cpp:266]: invalid database object for effect/trigger: base_strike. use var:var_name to explicitly use variables in effects/triggers
[14:01:38][2024.01.01.12][database_scoped_variables.cpp:266]: invalid database object for effect/trigger: superior_firepower. use var:var_name to explicitly use variables in effects/triggers
[14:01:38][2024.01.01.12][database_scoped_variables.cpp:266]: invalid database object for effect/trigger: base_strike. use var:var_name to explicitly use variables in effects/triggers
[14:01:38][2024.01.01.12][database_scoped_variables.cpp:266]: invalid database object for effect/trigger: superior_firepower. use var:var_name to explicitly use variables in effects/triggers
[14:01:38][2024.01.01.12][database_scoped_variables.cpp:266]: invalid database object for effect/trigger: base_strike. use var:var_name to explicitly use variables in effects/triggers
[14:01:38][2024.01.01.12][database_scoped_variables.cpp:266]: invalid database object for effect/trigger: superior_firepower. use var:var_name to explicitly use variables in effects/triggers
[14:01:38][2024.01.01.12][database_scoped_variables.cpp:266]: invalid database object for effect/trigger: base_strike. use var:var_name to explicitly use variables in effects/triggers
[14:01:38][2024.01.01.12][database_scoped_variables.cpp:266]: invalid database object for effect/trigger: superior_firepower. use var:var_name to explicitly use variables in effects/triggers
[14:01:38][2024.01.01.12][database_scoped_variables.cpp:266]: invalid database object for effect/trigger: base_strike. use var:var_name to explicitly use variables in effects/triggers
[14:01:38][2024.01.01.12][database_scoped_variables.cpp:266]: invalid database object for effect/trigger: superior_firepower. use var:var_name to explicitly use variables in effects/triggers
[14:01:38][2024.01.01.12][database_scoped_variables.cpp:266]: invalid database object for effect/trigger: base_strike. use var:var_name to explicitly use variables in effects/triggers
[14:01:38][2024.01.01.12][database_scoped_variables.cpp:266]: invalid database object for effect/trigger: superior_firepower. use var:var_name to explicitly use variables in effects/triggers
[14:01:38][2024.01.01.12][database_scoped_variables.cpp:266]: invalid database object for effect/trigger: base_strike. use var:var_name to explicitly use variables in effects/triggers
[14:01:38][2024.01.01.12][database_scoped_variables.cpp:266]: invalid database object for effect/trigger: superior_firepower. use var:var_name to explicitly use variables in effects/triggers
[14:01:38][2024.01.01.12][database_scoped_variables.cpp:266]: invalid database object for effect/trigger: base_strike. use var:var_name to explicitly use variables in effects/triggers
[14:01:38][2024.01.01.12][database_scoped_variables.cpp:266]: invalid database object for effect/trigger: superior_firepower. use var:var_name to explicitly use variables in effects/triggers
[14:01:38][2024.01.01.12][database_scoped_variables.cpp:266]: invalid database object for effect/trigger: base_strike. use var:var_name to explicitly use variables in effects/triggers
[14:01:38][2024.01.01.12][database_scoped_variables.cpp:266]: invalid database object for effect/trigger: superior_firepower. use var:var_name to explicitly use variables in effects/triggers
[14:01:38][2024.01.01.12][database_scoped_variables.cpp:266]: invalid database object for effect/trigger: base_strike. use var:var_name to explicitly use variables in effects/triggers
[14:01:38][2024.01.01.12][database_scoped_variables.cpp:266]: invalid database object for effect/trigger: superior_firepower. use var:var_name to explicitly use variables in effects/triggers
[14:01:38][2024.01.01.12][database_scoped_variables.cpp:266]: invalid database object for effect/trigger: base_strike. use var:var_name to explicitly use variables in effects/triggers
[14:01:38][2024.01.01.12][database_scoped_variables.cpp:266]: invalid database object for effect/trigger: superior_firepower. use var:var_name to explicitly use variables in effects/triggers
[14:01:38][2024.01.01.12][database_scoped_variables.cpp:266]: invalid database object for effect/trigger: base_strike. use var:var_name to explicitly use variables in effects/triggers
[14:01:38][2024.01.01.12][database_scoped_variables.cpp:266]: invalid database object for effect/trigger: superior_firepower. use var:var_name to explicitly use variables in effects/triggers
[14:01:38][2024.01.01.12][database_scoped_variables.cpp:266]: invalid database object for effect/trigger: base_strike. use var:var_name to explicitly use variables in effects/triggers
[14:01:38][2024.01.01.12][database_scoped_variables.cpp:266]: invalid database object for effect/trigger: superior_firepower. use var:var_name to explicitly use variables in effects/triggers
[14:01:38][2024.01.01.12][database_scoped_variables.cpp:266]: invalid database object for effect/trigger: base_strike. use var:var_name to explicitly use variables in effects/triggers
[14:01:38][2024.01.01.12][database_scoped_variables.cpp:266]: invalid database object for effect/trigger: superior_firepower. use var:var_name to explicitly use variables in effects/triggers
[14:01:38][2024.01.01.12][database_scoped_variables.cpp:266]: invalid database object for effect/trigger: base_strike. use var:var_name to explicitly use variables in effects/triggers
[14:01:38][2024.01.01.12][database_scoped_variables.cpp:266]: invalid database object for effect/trigger: grand_battle_plan. use var:var_name to explicitly use variables in effects/triggers
[14:01:38][2024.01.01.12][database_scoped_variables.cpp:266]: invalid database object for effect/trigger: trench_warfare. use var:var_name to explicitly use variables in effects/triggers
[14:01:38][2024.01.01.12][database_scoped_variables.cpp:266]: invalid database object for effect/trigger: fleet_in_being. use var:var_name to explicitly use variables in effects/triggers
[14:01:38][2024.01.01.12][database_scoped_variables.cpp:266]: invalid database object for effect/trigger: battlefleet_concentration. use var:var_name to explicitly use variables in effects/triggers
[14:01:38][2024.01.01.12][database_scoped_variables.cpp:266]: invalid database object for effect/trigger: superior_firepower. use var:var_name to explicitly use variables in effects/triggers
[14:01:38][2024.01.01.12][database_scoped_variables.cpp:266]: invalid database object for effect/trigger: base_strike. use var:var_name to explicitly use variables in effects/triggers
[14:01:38][2024.01.01.12][database_scoped_variables.cpp:266]: invalid database object for effect/trigger: superior_firepower. use var:var_name to explicitly use variables in effects/triggers
[14:01:38][2024.01.01.12][database_scoped_variables.cpp:266]: invalid database object for effect/trigger: base_strike. use var:var_name to explicitly use variables in effects/triggers
[14:01:38][2024.01.01.12][database_scoped_variables.cpp:266]: invalid database object for effect/trigger: superior_firepower. use var:var_name to explicitly use variables in effects/triggers
[14:01:38][2024.01.01.12][database_scoped_variables.cpp:266]: invalid database object for effect/trigger: base_strike. use var:var_name to explicitly use variables in effects/triggers
[14:01:38][2024.01.01.12][database_scoped_variables.cpp:266]: invalid database object for effect/trigger: superior_firepower. use var:var_name to explicitly use variables in effects/triggers
[14:01:38][2024.01.01.12][database_scoped_variables.cpp:266]: invalid database object for effect/trigger: base_strike. use var:var_name to explicitly use variables in effects/triggers
[14:01:38][2024.01.01.12][database_scoped_variables.cpp:266]: invalid database object for effect/trigger: superior_firepower. use var:var_name to explicitly use variables in effects/triggers
[14:01:38][2024.01.01.12][database_scoped_variables.cpp:266]: invalid database object for effect/trigger: base_strike. use var:var_name to explicitly use variables in effects/triggers
[14:01:38][2024.01.01.12][database_scoped_variables.cpp:266]: invalid database object for effect/trigger: superior_firepower. use var:var_name to explicitly use variables in effects/triggers
[14:01:38][2024.01.01.12][database_scoped_variables.cpp:266]: invalid database object for effect/trigger: base_strike. use var:var_name to explicitly use variables in effects/triggers
[14:01:38][2024.01.01.12][database_scoped_variables.cpp:266]: invalid database object for effect/trigger: superior_firepower. use var:var_name to explicitly use variables in effects/triggers
[14:01:38][2024.01.01.12][database_scoped_variables.cpp:266]: invalid database object for effect/trigger: base_strike. use var:var_name to explicitly use variables in effects/triggers
[14:01:38][2024.01.01.12][database_scoped_variables.cpp:266]: invalid database object for effect/trigger: superior_firepower. use var:var_name to explicitly use variables in effects/triggers
[14:01:38][2024.01.01.12][database_scoped_variables.cpp:266]: invalid database object for effect/trigger: base_strike. use var:var_name to explicitly use variables in effects/triggers
[14:01:38][2024.01.01.12][database_scoped_variables.cpp:266]: invalid database object for effect/trigger: superior_firepower. use var:var_name to explicitly use variables in effects/triggers
[14:01:38][2024.01.01.12][database_scoped_variables.cpp:266]: invalid database object for effect/trigger: base_strike. use var:var_name to explicitly use variables in effects/triggers
[14:01:38][2024.01.01.12][database_scoped_variables.cpp:266]: invalid database object for effect/trigger: superior_firepower. use var:var_name to explicitly use variables in effects/triggers
[14:01:38][2024.01.01.12][database_scoped_variables.cpp:266]: invalid database object for effect/trigger: base_strike. use var:var_name to explicitly use variables in effects/triggers
[14:01:38][2024.01.01.12][database_scoped_variables.cpp:266]: invalid database object for effect/trigger: superior_firepower. use var:var_name to explicitly use variables in effects/triggers
[14:01:38][2024.01.01.12][database_scoped_variables.cpp:266]: invalid database object for effect/trigger: base_strike. use var:var_name to explicitly use variables in effects/triggers
[14:01:38][2024.01.01.12][database_scoped_variables.cpp:266]: invalid database object for effect/trigger: superior_firepower. use var:var_name to explicitly use variables in effects/triggers
[14:01:38][2024.01.01.12][database_scoped_variables.cpp:266]: invalid database object for effect/trigger: base_strike. use var:var_name to explicitly use variables in effects/triggers
[14:01:38][2024.01.01.12][database_scoped_variables.cpp:266]: invalid database object for effect/trigger: superior_firepower. use var:var_name to explicitly use variables in effects/triggers
[14:01:38][2024.01.01.12][database_scoped_variables.cpp:266]: invalid database object for effect/trigger: base_strike. use var:var_name to explicitly use variables in effects/triggers
[14:01:38][2024.01.01.12][database_scoped_variables.cpp:266]: invalid database object for effect/trigger: superior_firepower. use var:var_name to explicitly use variables in effects/triggers
[14:01:38][2024.01.01.12][database_scoped_variables.cpp:266]: invalid database object for effect/trigger: base_strike. use var:var_name to explicitly use variables in effects/triggers
[14:01:38][2024.01.01.12][database_scoped_variables.cpp:266]: invalid database object for effect/trigger: superior_firepower. use var:var_name to explicitly use variables in effects/triggers
[14:01:38][2024.01.01.12][database_scoped_variables.cpp:266]: invalid database object for effect/trigger: base_strike. use var:var_name to explicitly use variables in effects/triggers
[14:01:38][2024.01.01.12][database_scoped_variables.cpp:266]: invalid database object for effect/trigger: superior_firepower. use var:var_name to explicitly use variables in effects/triggers
[14:01:38][2024.01.01.12][database_scoped_variables.cpp:266]: invalid database object for effect/trigger: base_strike. use var:var_name to explicitly use variables in effects/triggers
[14:01:38][2024.01.01.12][database_scoped_variables.cpp:266]: invalid database object for effect/trigger: superior_firepower. use var:var_name to explicitly use variables in effects/triggers
[14:01:38][2024.01.01.12][database_scoped_variables.cpp:266]: invalid database object for effect/trigger: base_strike. use var:var_name to explicitly use variables in effects/triggers
[14:01:38][2024.01.01.12][database_scoped_variables.cpp:266]: invalid database object for effect/trigger: air_superiority. use var:var_name to explicitly use variables in effects/triggers
[14:01:38][2024.01.01.12][database_scoped_variables.cpp:266]: invalid database object for effect/trigger: grand_battle_plan. use var:var_name to explicitly use variables in effects/triggers
[14:01:38][2024.01.01.12][database_scoped_variables.cpp:266]: invalid database object for effect/trigger: trench_warfare. use var:var_name to explicitly use variables in effects/triggers
[14:01:38][2024.01.01.12][database_scoped_variables.cpp:266]: invalid database object for effect/trigger: fleet_in_being. use var:var_name to explicitly use variables in effects/triggers
[14:01:38][2024.01.01.12][database_scoped_variables.cpp:266]: invalid database object for effect/trigger: battlefleet_concentration. use var:var_name to explicitly use variables in effects/triggers
[14:01:38][2024.01.01.12][database_scoped_variables.cpp:266]: invalid database object for effect/trigger: convoy_sailing. use var:var_name to explicitly use variables in effects/triggers
[14:01:38][2024.01.01.12][database_scoped_variables.cpp:266]: invalid database object for effect/trigger: superior_firepower. use var:var_name to explicitly use variables in effects/triggers
[14:01:38][2024.01.01.12][database_scoped_variables.cpp:266]: invalid database object for effect/trigger: base_strike. use var:var_name to explicitly use variables in effects/triggers
[14:01:38][2024.01.01.12][database_scoped_variables.cpp:266]: invalid database object for effect/trigger: superior_firepower. use var:var_name to explicitly use variables in effects/triggers
[14:01:38][2024.01.01.12][database_scoped_variables.cpp:266]: invalid database object for effect/trigger: base_strike. use var:var_name to explicitly use variables in effects/triggers
[14:01:38][2024.01.01.12][database_scoped_variables.cpp:266]: invalid database object for effect/trigger: superior_firepower. use var:var_name to explicitly use variables in effects/triggers
[14:01:38][2024.01.01.12][database_scoped_variables.cpp:266]: invalid database object for effect/trigger: base_strike. use var:var_name to explicitly use variables in effects/triggers
[14:01:38][2024.01.01.12][database_scoped_variables.cpp:266]: invalid database object for effect/trigger: superior_firepower. use var:var_name to explicitly use variables in effects/triggers
[14:01:38][2024.01.01.12][database_scoped_variables.cpp:266]: invalid database object for effect/trigger: base_strike. use var:var_name to explicitly use variables in effects/triggers
[14:01:38][2024.01.01.12][database_scoped_variables.cpp:266]: invalid database object for effect/trigger: superior_firepower. use var:var_name to explicitly use variables in effects/triggers
[14:01:38][2024.01.01.12][database_scoped_variables.cpp:266]: invalid database object for effect/trigger: base_strike. use var:var_name to explicitly use variables in effects/triggers
[14:01:38][2024.01.01.12][database_scoped_variables.cpp:266]: invalid database object for effect/trigger: superior_firepower. use var:var_name to explicitly use variables in effects/triggers
[14:01:38][2024.01.01.12][database_scoped_variables.cpp:266]: invalid database object for effect/trigger: base_strike. use var:var_name to explicitly use variables in effects/triggers
[14:01:38][2024.01.01.12][database_scoped_variables.cpp:266]: invalid database object for effect/trigger: superior_firepower. use var:var_name to explicitly use variables in effects/triggers
[14:01:38][2024.01.01.12][database_scoped_variables.cpp:266]: invalid database object for effect/trigger: base_strike. use var:var_name to explicitly use variables in effects/triggers
[14:01:38][2024.01.01.12][database_scoped_variables.cpp:266]: invalid database object for effect/trigger: superior_firepower. use var:var_name to explicitly use variables in effects/triggers
[14:01:38][2024.01.01.12][database_scoped_variables.cpp:266]: invalid database object for effect/trigger: base_strike. use var:var_name to explicitly use variables in effects/triggers
[14:01:38][2024.01.01.12][database_scoped_variables.cpp:266]: invalid database object for effect/trigger: superior_firepower. use var:var_name to explicitly use variables in effects/triggers
[14:01:38][2024.01.01.12][database_scoped_variables.cpp:266]: invalid database object for effect/trigger: base_strike. use var:var_name to explicitly use variables in effects/triggers
[14:01:38][2024.01.01.12][database_scoped_variables.cpp:266]: invalid database object for effect/trigger: basic_medium_battery. use var:var_name to explicitly use variables in effects/triggers
[14:01:38][2024.01.01.12][database_scoped_variables.cpp:266]: invalid database object for effect/trigger: improved_airplane_launcher. use var:var_name to explicitly use variables in effects/triggers
[14:01:38][2024.01.01.12][database_scoped_variables.cpp:266]: invalid database object for effect/trigger: superior_firepower. use var:var_name to explicitly use variables in effects/triggers
[14:01:38][2024.01.01.12][database_scoped_variables.cpp:266]: invalid database object for effect/trigger: base_strike. use var:var_name to explicitly use variables in effects/triggers
[14:01:38][2024.01.01.12][database_scoped_variables.cpp:266]: invalid database object for effect/trigger: superior_firepower. use var:var_name to explicitly use variables in effects/triggers
[14:01:38][2024.01.01.12][database_scoped_variables.cpp:266]: invalid database object for effect/trigger: base_strike. use var:var_name to explicitly use variables in effects/triggers
[14:01:38][2024.01.01.12][database_scoped_variables.cpp:266]: invalid database object for effect/trigger: superior_firepower. use var:var_name to explicitly use variables in effects/triggers
[14:01:38][2024.01.01.12][database_scoped_variables.cpp:266]: invalid database object for effect/trigger: base_strike. use var:var_name to explicitly use variables in effects/triggers
[14:01:38][2024.01.01.12][database_scoped_variables.cpp:266]: invalid database object for effect/trigger: superior_firepower. use var:var_name to explicitly use variables in effects/triggers
[14:01:38][2024.01.01.12][database_scoped_variables.cpp:266]: invalid database object for effect/trigger: base_strike. use var:var_name to explicitly use variables in effects/triggers
[14:01:38][2024.01.01.12][database_scoped_variables.cpp:266]: invalid database object for effect/trigger: superior_firepower. use var:var_name to explicitly use variables in effects/triggers
[14:01:38][2024.01.01.12][database_scoped_variables.cpp:266]: invalid database object for effect/trigger: base_strike. use var:var_name to explicitly use variables in effects/triggers
[14:01:38][2024.01.01.12][database_scoped_variables.cpp:266]: invalid database object for effect/trigger: superior_firepower. use var:var_name to explicitly use variables in effects/triggers
[14:01:38][2024.01.01.12][database_scoped_variables.cpp:266]: invalid database object for effect/trigger: base_strike. use var:var_name to explicitly use variables in effects/triggers
[14:01:38][2024.01.01.12][database_scoped_variables.cpp:266]: invalid database object for effect/trigger: superior_firepower. use var:var_name to explicitly use variables in effects/triggers
[14:01:38][2024.01.01.12][database_scoped_variables.cpp:266]: invalid database object for effect/trigger: base_strike. use var:var_name to explicitly use variables in effects/triggers
[14:01:38][2024.01.01.12][database_scoped_variables.cpp:266]: invalid database object for effect/trigger: superior_firepower. use var:var_name to explicitly use variables in effects/triggers
[14:01:38][2024.01.01.12][database_scoped_variables.cpp:266]: invalid database object for effect/trigger: base_strike. use var:var_name to explicitly use variables in effects/triggers
[14:01:38][2024.01.01.12][database_scoped_variables.cpp:266]: invalid database object for effect/trigger: superior_firepower. use var:var_name to explicitly use variables in effects/triggers
[14:01:38][2024.01.01.12][database_scoped_variables.cpp:266]: invalid database object for effect/trigger: base_strike. use var:var_name to explicitly use variables in effects/triggers
[14:01:38][2024.01.01.12][database_scoped_variables.cpp:266]: invalid database object for effect/trigger: superior_firepower. use var:var_name to explicitly use variables in effects/triggers
[14:01:38][2024.01.01.12][database_scoped_variables.cpp:266]: invalid database object for effect/trigger: base_strike. use var:var_name to explicitly use variables in effects/triggers
[14:01:38][2024.01.01.12][database_scoped_variables.cpp:266]: invalid database object for effect/trigger: superior_firepower. use var:var_name to explicitly use variables in effects/triggers
[14:01:38][2024.01.01.12][database_scoped_variables.cpp:266]: invalid database object for effect/trigger: base_strike. use var:var_name to explicitly use variables in effects/triggers
[14:01:38][2024.01.01.12][database_scoped_variables.cpp:266]: invalid database object for effect/trigger: basic_medium_battery. use var:var_name to explicitly use variables in effects/triggers
[14:01:38][2024.01.01.12][database_scoped_variables.cpp:266]: invalid database object for effect/trigger: improved_airplane_launcher. use var:var_name to explicitly use variables in effects/triggers
[14:01:38][2024.01.01.12][database_scoped_variables.cpp:266]: invalid database object for effect/trigger: superior_firepower. use var:var_name to explicitly use variables in effects/triggers
[14:01:38][2024.01.01.12][database_scoped_variables.cpp:266]: invalid database object for effect/trigger: base_strike. use var:var_name to explicitly use variables in effects/triggers
[14:01:38][2024.01.01.12][database_scoped_variables.cpp:266]: invalid database object for effect/trigger: superior_firepower. use var:var_name to explicitly use variables in effects/triggers
[14:01:38][2024.01.01.12][database_scoped_variables.cpp:266]: invalid database object for effect/trigger: base_strike. use var:var_name to explicitly use variables in effects/triggers
[14:01:38][2024.01.01.12][database_scoped_variables.cpp:266]: invalid database object for effect/trigger: superior_firepower. use var:var_name to explicitly use variables in effects/triggers
[14:01:38][2024.01.01.12][database_scoped_variables.cpp:266]: invalid database object for effect/trigger: base_strike. use var:var_name to explicitly use variables in effects/triggers
[14:01:38][2024.01.01.12][database_scoped_variables.cpp:266]: invalid database object for effect/trigger: superior_firepower. use var:var_name to explicitly use variables in effects/triggers
[14:01:38][2024.01.01.12][database_scoped_variables.cpp:266]: invalid database object for effect/trigger: base_strike. use var:var_name to explicitly use variables in effects/triggers
[14:01:38][2024.01.01.12][effectimplementation.cpp:482]: history/countries/BRI - Brittany.txt:267: create_country_leader: Invalid ideology nazism
[14:01:38][2024.01.01.12][effectimplementation.cpp:482]: history/countries/CAT - Catalonia.txt:82: create_country_leader: Invalid ideology marxism
[14:01:38][2024.01.01.12][effectimplementation.cpp:482]: history/countries/DNZ - Danzig.txt:106: create_country_leader: Invalid ideology nazism
[14:01:38][2024.01.01.12][effectimplementation.cpp:482]: history/countries/GLC - Galicia.txt:77: create_country_leader: Invalid ideology marxism
[14:01:38][2024.01.01.12][effectimplementation.cpp:482]: history/countries/JOR - Jordan.txt:115: create_country_leader: Invalid ideology leninism
[14:01:38][2024.01.01.12][effectimplementation.cpp:482]: history/countries/LBA - Libya.txt:114: create_country_leader: Invalid ideology leninism
[14:01:38][2024.01.01.12][effectimplementation.cpp:482]: history/countries/LEB - Lebanon.txt:114: create_country_leader: Invalid ideology leninism
[14:01:38][2024.01.01.12][effectimplementation.cpp:482]: history/countries/NAV - Navarra.txt:77: create_country_leader: Invalid ideology marxism
[14:01:38][2024.01.01.12][effectimplementation.cpp:482]: history/countries/PAK - Pakistan.txt:164: create_country_leader: Invalid ideology marxism
[14:01:38][2024.01.01.12][effectimplementation.cpp:482]: history/countries/PAL - Palestine.txt:124: create_country_leader: Invalid ideology leninism
[14:01:38][2024.01.01.12][effectimplementation.cpp:482]: history/countries/SMI - Sami.txt:80: create_country_leader: Invalid ideology marxism
[14:01:38][2024.01.01.12][effectimplementation.cpp:482]: history/countries/WGR - West Germany.txt:188: create_country_leader: Invalid ideology nazism
[14:01:38][2024.01.01.12][effectimplementation.cpp:482]: history/countries/ZIM - Zimbabwe.txt:80: create_country_leader: Invalid ideology nazism
[14:01:38][2024.01.01.12][statehistory.cpp:315]: State Error: Trying to set province building in state that doesn't own it. Province #7371 in state #333.
[14:01:38][2024.01.01.12][statehistory.cpp:315]: State Error: Trying to set province building in state that doesn't own it. Province #4056 in state #525.
[14:01:38][2024.01.01.12][statehistory.cpp:315]: State Error: Trying to set province building in state that doesn't own it. Province #10004 in state #594.
[14:01:38][2024.01.01.12][statehistory.cpp:315]: State Error: Trying to set province building in state that doesn't own it. Province #5007 in state #622.
[14:01:38][2024.01.01.12][statehistory.cpp:315]: State Error: Trying to set province building in state that doesn't own it. Province #10733 in state #622.
[14:01:38][2024.01.01.12][statehistory.cpp:315]: State Error: Trying to set province building in state that doesn't own it. Province #12156 in state #622.
[14:01:38][2024.01.01.12][statehistory.cpp:315]: State Error: Trying to set province building in state that doesn't own it. Province #1415 in state #623.
[14:01:38][2024.01.01.12][technology_effect_implementation.cpp:992]: history/countries/GER - Germany.txt:11: set_technology: Invalid tech
[14:01:38][2024.01.01.12][technology_effect_implementation.cpp:992]: history/countries/GER - Germany.txt:11: set_technology: Invalid tech
[14:01:38][2024.01.01.12][effectimplementation.cpp:5447]: history/countries/SOV - Soviet union.txt:20: recruit_character: Unknown character 
[14:01:38][2024.01.01.12][effectimplementation.cpp:5447]: history/countries/SOV - Soviet union.txt:21: recruit_character: Unknown character 
[14:01:38][2024.01.01.12][effectimplementation.cpp:5447]: history/countries/SOV - Soviet union.txt:31: recruit_character: Unknown character 
[14:01:38][2024.01.01.12][effectimplementation.cpp:5447]: history/countries/SOV - Soviet union.txt:32: recruit_character: Unknown character 
[14:01:38][2024.01.01.12][effectimplementation.cpp:5447]: history/countries/SOV - Soviet union.txt:33: recruit_character: Unknown character 
[14:01:38][2024.01.01.12][effectimplementation.cpp:5447]: history/countries/SOV - Soviet union.txt:34: recruit_character: Unknown character SOV_lazar_kaganovich
[14:01:38][2024.01.01.12][effectimplementation.cpp:5447]: history/countries/SOV - Soviet union.txt:35: recruit_character: Unknown character 
[14:01:38][2024.01.01.12][effectimplementation.cpp:5447]: history/countries/SOV - Soviet union.txt:36: recruit_character: Unknown character 
[14:01:38][2024.01.01.12][effectimplementation.cpp:5447]: history/countries/SOV - Soviet union.txt:37: recruit_character: Unknown character 
[14:01:38][2024.01.01.12][effectimplementation.cpp:5447]: history/countries/SOV - Soviet union.txt:38: recruit_character: Unknown character 
[14:01:38][2024.01.01.12][effectimplementation.cpp:5447]: history/countries/SOV - Soviet union.txt:39: recruit_character: Unknown character SOV_vyacheslav_molotov
[14:01:38][2024.01.01.12][effectimplementation.cpp:5447]: history/countries/SOV - Soviet union.txt:40: recruit_character: Unknown character SOV_maksim_litvinov
[14:01:38][2024.01.01.12][effectimplementation.cpp:5447]: history/countries/SOV - Soviet union.txt:42: recruit_character: Unknown character 
[14:01:38][2024.01.01.12][effectimplementation.cpp:5447]: history/countries/SOV - Soviet union.txt:43: recruit_character: Unknown character 
[14:01:38][2024.01.01.12][effectimplementation.cpp:5447]: history/countries/SOV - Soviet union.txt:44: recruit_character: Unknown character 
[14:01:38][2024.01.01.12][effectimplementation.cpp:5447]: history/countries/SOV - Soviet union.txt:45: recruit_character: Unknown character 
[14:01:38][2024.01.01.12][effectimplementation.cpp:5447]: history/countries/SOV - Soviet union.txt:46: recruit_character: Unknown character 
[14:01:38][2024.01.01.12][effectimplementation.cpp:5447]: history/countries/SOV - Soviet union.txt:47: recruit_character: Unknown character 
[14:01:38][2024.01.01.12][effectimplementation.cpp:5447]: history/countries/SOV - Soviet union.txt:48: recruit_character: Unknown character SOV_nikolay_bukharin
[14:01:38][2024.01.01.12][effectimplementation.cpp:5447]: history/countries/SOV - Soviet union.txt:49: recruit_character: Unknown character SOV_aleksey_rykov
[14:01:38][2024.01.01.12][effectimplementation.cpp:5447]: history/countries/SOV - Soviet union.txt:50: recruit_character: Unknown character SOV_mikhail_tomsky
[14:01:38][2024.01.01.12][effectimplementation.cpp:5447]: history/countries/SOV - Soviet union.txt:51: recruit_character: Unknown character 
[14:01:38][2024.01.01.12][effectimplementation.cpp:5447]: history/countries/SOV - Soviet union.txt:52: recruit_character: Unknown character 
[14:01:38][2024.01.01.12][effectimplementation.cpp:5447]: history/countries/SOV - Soviet union.txt:53: recruit_character: Unknown character 
[14:01:38][2024.01.01.12][effectimplementation.cpp:5447]: history/countries/SOV - Soviet union.txt:54: recruit_character: Unknown character 
[14:01:38][2024.01.01.12][effectimplementation.cpp:5447]: history/countries/SOV - Soviet union.txt:55: recruit_character: Unknown character SOV_patriarch_sergy
[14:01:38][2024.01.01.12][effectimplementation.cpp:5447]: history/countries/SOV - Soviet union.txt:56: recruit_character: Unknown character 
[14:01:38][2024.01.01.12][effectimplementation.cpp:5447]: history/countries/SOV - Soviet union.txt:57: recruit_character: Unknown character 
[14:01:38][2024.01.01.12][effectimplementation.cpp:5447]: history/countries/SOV - Soviet union.txt:60: recruit_character: Unknown character 
[14:01:38][2024.01.01.12][effectimplementation.cpp:5447]: history/countries/SOV - Soviet union.txt:61: recruit_character: Unknown character 
[14:01:38][2024.01.01.12][effectimplementation.cpp:5447]: history/countries/SOV - Soviet union.txt:62: recruit_character: Unknown character 
[14:01:38][2024.01.01.12][effectimplementation.cpp:5447]: history/countries/SOV - Soviet union.txt:63: recruit_character: Unknown character 
[14:01:38][2024.01.01.12][effectimplementation.cpp:5447]: history/countries/SOV - Soviet union.txt:64: recruit_character: Unknown character 
[14:01:38][2024.01.01.12][effectimplementation.cpp:5447]: history/countries/SOV - Soviet union.txt:65: recruit_character: Unknown character 
[14:01:38][2024.01.01.12][effectimplementation.cpp:5447]: history/countries/SOV - Soviet union.txt:66: recruit_character: Unknown character 
[14:01:38][2024.01.01.12][effectimplementation.cpp:5447]: history/countries/SOV - Soviet union.txt:67: recruit_character: Unknown character 
[14:01:38][2024.01.01.12][effectimplementation.cpp:5447]: history/countries/SOV - Soviet union.txt:68: recruit_character: Unknown character 
[14:01:38][2024.01.01.12][effectimplementation.cpp:5447]: history/countries/SOV - Soviet union.txt:69: recruit_character: Unknown character 
[14:01:38][2024.01.01.12][effectimplementation.cpp:5447]: history/countries/SOV - Soviet union.txt:70: recruit_character: Unknown character 
[14:01:38][2024.01.01.12][effectimplementation.cpp:5447]: history/countries/SOV - Soviet union.txt:71: recruit_character: Unknown character 
[14:01:38][2024.01.01.12][effectimplementation.cpp:5447]: history/countries/SOV - Soviet union.txt:72: recruit_character: Unknown character 
[14:01:38][2024.01.01.12][effectimplementation.cpp:5447]: history/countries/SOV - Soviet union.txt:74: recruit_character: Unknown character 
[14:01:38][2024.01.01.12][effectimplementation.cpp:5447]: history/countries/SOV - Soviet union.txt:75: recruit_character: Unknown character 
[14:01:38][2024.01.01.12][effectimplementation.cpp:5447]: history/countries/SOV - Soviet union.txt:76: recruit_character: Unknown character 
[14:01:38][2024.01.01.12][effectimplementation.cpp:5447]: history/countries/SOV - Soviet union.txt:77: recruit_character: Unknown character 
[14:01:38][2024.01.01.12][effectimplementation.cpp:5447]: history/countries/SOV - Soviet union.txt:78: recruit_character: Unknown character 
[14:01:38][2024.01.01.12][effectimplementation.cpp:5447]: history/countries/SOV - Soviet union.txt:79: recruit_character: Unknown character 
[14:01:38][2024.01.01.12][effectimplementation.cpp:5447]: history/countries/SOV - Soviet union.txt:80: recruit_character: Unknown character 
[14:01:38][2024.01.01.12][effectimplementation.cpp:5447]: history/countries/SOV - Soviet union.txt:81: recruit_character: Unknown character 
[14:01:38][2024.01.01.12][effectimplementation.cpp:5447]: history/countries/SOV - Soviet union.txt:82: recruit_character: Unknown character 
[14:01:38][2024.01.01.12][effectimplementation.cpp:5447]: history/countries/SOV - Soviet union.txt:83: recruit_character: Unknown character 
[14:01:38][2024.01.01.12][effectimplementation.cpp:5447]: history/countries/SOV - Soviet union.txt:84: recruit_character: Unknown character 
[14:01:38][2024.01.01.12][effectimplementation.cpp:5447]: history/countries/SOV - Soviet union.txt:85: recruit_character: Unknown character 
[14:01:38][2024.01.01.12][effectimplementation.cpp:5447]: history/countries/SOV - Soviet union.txt:86: recruit_character: Unknown character 
[14:01:38][2024.01.01.12][effectimplementation.cpp:5447]: history/countries/SOV - Soviet union.txt:87: recruit_character: Unknown character 
[14:01:38][2024.01.01.12][effectimplementation.cpp:5447]: history/countries/SOV - Soviet union.txt:88: recruit_character: Unknown character 
[14:01:38][2024.01.01.12][effectimplementation.cpp:5447]: history/countries/SOV - Soviet union.txt:89: recruit_character: Unknown character 
[14:01:38][2024.01.01.12][effectimplementation.cpp:5447]: history/countries/SOV - Soviet union.txt:90: recruit_character: Unknown character 
[14:01:38][2024.01.01.12][effectimplementation.cpp:5447]: history/countries/SOV - Soviet union.txt:91: recruit_character: Unknown character 
[14:01:38][2024.01.01.12][effectimplementation.cpp:5447]: history/countries/SOV - Soviet union.txt:92: recruit_character: Unknown character 
[14:01:38][2024.01.01.12][effectimplementation.cpp:5447]: history/countries/SOV - Soviet union.txt:93: recruit_character: Unknown character 
[14:01:38][2024.01.01.12][effectimplementation.cpp:5447]: history/countries/SOV - Soviet union.txt:94: recruit_character: Unknown character 
[14:01:38][2024.01.01.12][effectimplementation.cpp:5447]: history/countries/SOV - Soviet union.txt:96: recruit_character: Unknown character 
[14:01:38][2024.01.01.12][effectimplementation.cpp:5447]: history/countries/SOV - Soviet union.txt:97: recruit_character: Unknown character 
[14:01:38][2024.01.01.12][effectimplementation.cpp:5447]: history/countries/SOV - Soviet union.txt:99: recruit_character: Unknown character 
[14:01:38][2024.01.01.12][effectimplementation.cpp:5447]: history/countries/SOV - Soviet union.txt:100: recruit_character: Unknown character 
[14:01:38][2024.01.01.12][effectimplementation.cpp:5447]: history/countries/SOV - Soviet union.txt:102: recruit_character: Unknown character 
[14:01:38][2024.01.01.12][effectimplementation.cpp:5447]: history/countries/SOV - Soviet union.txt:104: recruit_character: Unknown character 
[14:01:38][2024.01.01.12][effectimplementation.cpp:5447]: history/countries/SOV - Soviet union.txt:105: recruit_character: Unknown character 
[14:01:38][2024.01.01.12][effectimplementation.cpp:5447]: history/countries/SOV - Soviet union.txt:106: recruit_character: Unknown character 
[14:01:38][2024.01.01.12][effectimplementation.cpp:5447]: history/countries/SOV - Soviet union.txt:107: recruit_character: Unknown character 
[14:01:38][2024.01.01.12][effectimplementation.cpp:5447]: history/countries/SOV - Soviet union.txt:108: recruit_character: Unknown character 
[14:01:38][2024.01.01.12][effectimplementation.cpp:5447]: history/countries/SOV - Soviet union.txt:109: recruit_character: Unknown character 
[14:01:38][2024.01.01.12][effectimplementation.cpp:5447]: history/countries/SOV - Soviet union.txt:110: recruit_character: Unknown character 
[14:01:38][2024.01.01.12][effectimplementation.cpp:5447]: history/countries/SOV - Soviet union.txt:111: recruit_character: Unknown character 
[14:01:38][2024.01.01.12][effectimplementation.cpp:5447]: history/countries/SOV - Soviet union.txt:112: recruit_character: Unknown character 
[14:01:38][2024.01.01.12][effectimplementation.cpp:5447]: history/countries/SOV - Soviet union.txt:113: recruit_character: Unknown character 
[14:01:38][2024.01.01.12][effectimplementation.cpp:5447]: history/countries/SOV - Soviet union.txt:114: recruit_character: Unknown character 
[14:01:38][2024.01.01.12][effectimplementation.cpp:5447]: history/countries/SOV - Soviet union.txt:115: recruit_character: Unknown character 
[14:01:38][2024.01.01.12][effectimplementation.cpp:5447]: history/countries/SOV - Soviet union.txt:116: recruit_character: Unknown character 
[14:01:38][2024.01.01.12][effectimplementation.cpp:5447]: history/countries/SOV - Soviet union.txt:117: recruit_character: Unknown character 
[14:01:38][2024.01.01.12][effectimplementation.cpp:5447]: history/countries/SOV - Soviet union.txt:118: recruit_character: Unknown character 
[14:01:38][2024.01.01.12][effectimplementation.cpp:5447]: history/countries/SOV - Soviet union.txt:119: recruit_character: Unknown character 
[14:01:38][2024.01.01.12][effectimplementation.cpp:5447]: history/countries/SOV - Soviet union.txt:120: recruit_character: Unknown character 
[14:01:38][2024.01.01.12][effectimplementation.cpp:5447]: history/countries/SOV - Soviet union.txt:122: recruit_character: Unknown character 
[14:01:38][2024.01.01.12][effectimplementation.cpp:5447]: history/countries/SOV - Soviet union.txt:123: recruit_character: Unknown character 
[14:01:38][2024.01.01.12][effectimplementation.cpp:5447]: history/countries/SOV - Soviet union.txt:125: recruit_character: Unknown character 
[14:01:38][2024.01.01.12][effectimplementation.cpp:5447]: history/countries/SOV - Soviet union.txt:127: recruit_character: Unknown character 
[14:01:38][2024.01.01.12][effectimplementation.cpp:5447]: history/countries/SOV - Soviet union.txt:128: recruit_character: Unknown character 
[14:01:38][2024.01.01.12][effectimplementation.cpp:5447]: history/countries/SOV - Soviet union.txt:129: recruit_character: Unknown character 
[14:01:38][2024.01.01.12][effectimplementation.cpp:5447]: history/countries/SOV - Soviet union.txt:130: recruit_character: Unknown character 
[14:01:38][2024.01.01.12][effectimplementation.cpp:5447]: history/countries/SOV - Soviet union.txt:131: recruit_character: Unknown character 
[14:01:38][2024.01.01.12][effectimplementation.cpp:5447]: history/countries/SOV - Soviet union.txt:132: recruit_character: Unknown character 
[14:01:38][2024.01.01.12][effectimplementation.cpp:5447]: history/countries/SOV - Soviet union.txt:133: recruit_character: Unknown character 
[14:01:38][2024.01.01.12][effectimplementation.cpp:5447]: history/countries/SOV - Soviet union.txt:134: recruit_character: Unknown character 
[14:01:38][2024.01.01.12][effectimplementation.cpp:5447]: history/countries/SOV - Soviet union.txt:137: recruit_character: Unknown character 
[14:01:38][2024.01.01.12][effectimplementation.cpp:5447]: history/countries/SOV - Soviet union.txt:138: recruit_character: Unknown character 
[14:01:38][2024.01.01.12][effectimplementation.cpp:5447]: history/countries/SOV - Soviet union.txt:141: recruit_character: Unknown character 
[14:01:38][2024.01.01.12][effectimplementation.cpp:5447]: history/countries/SOV - Soviet union.txt:142: recruit_character: Unknown character 
[14:01:38][2024.01.01.12][effectbase.cpp:750]: *Tried to trigger non-existant event: NSB_soviet_paranoia_system_events.01
[14:01:38][2024.01.01.12][effectimplementation.cpp:1981]: history/countries/SOV - Soviet union.txt:867: add_ideas: Invalid idea: SOV_genrikh_yagoda. If you wanted to reference a variable, you need to explicitly prefix it with var: or temp_var:.
[14:01:38][2024.01.01.12][technology_effect_implementation.cpp:992]: history/countries/SOV - USSR.txt:11: set_technology: Invalid tech
[14:01:38][2024.01.01.12][technology_effect_implementation.cpp:992]: history/countries/SOV - USSR.txt:11: set_technology: Invalid tech
[14:01:38][2024.01.01.12][country_characters.cpp:1809]: No political party  for country leader Charles Marx in country Luxembourg (LUX)
[14:01:38][2024.01.01.12][country_characters.cpp:1809]: No political party  for country leader Damian Kratzenberg in country Luxembourg (LUX)
[14:01:38][2024.01.01.12][country_characters.cpp:1809]: No political party  for country leader Joseph Jacquemotte in country Belgium (BEL)
[14:01:38][2024.01.01.12][country_characters.cpp:1809]: No political party  for country leader Leon Degrelle in country Belgium (BEL)
[14:01:38][2024.01.01.12][country_characters.cpp:1809]: No political party  for country leader Lou de Visser in country Netherlands (HOL)
[14:01:38][2024.01.01.12][country_characters.cpp:1809]: No political party  for country leader Jaroslav Krejčí in country Czechoslovakia (CZE)
[14:01:38][2024.01.01.12][technology_effect_implementation.cpp:992]: history/countries/POL - Poland.txt:11: set_technology: Invalid tech
[14:01:38][2024.01.01.12][technology_effect_implementation.cpp:992]: history/countries/POL - Poland.txt:11: set_technology: Invalid tech
[14:01:38][2024.01.01.12][country_characters.cpp:1809]: No political party  for country leader Arthur Seyss-Inquart in country Austria (AUS)
[14:01:38][2024.01.01.12][country_characters.cpp:1809]: No political party  for country leader Alfred Klahr in country Austria (AUS)
[14:01:38][2024.01.01.12][technology_effect_implementation.cpp:992]: history/countries/LIT - Lithuania.txt:11: set_technology: Invalid tech
[14:01:38][2024.01.01.12][technology_effect_implementation.cpp:992]: history/countries/LIT - Lithuania.txt:11: set_technology: Invalid tech
[14:01:38][2024.01.01.12][country_characters.cpp:1809]: No political party  for country leader Jaan Anvelt in country Estonia (EST)
[14:01:38][2024.01.01.12][country_characters.cpp:1809]: No political party  for country leader Augusts Kirhenšteins in country Latvia (LAT)
[14:01:38][2024.01.01.12][country_characters.cpp:1809]: No political party  for country leader Vilis Lācis in country Latvia (LAT)
[14:01:38][2024.01.01.12][country_characters.cpp:1809]: No political party  for country leader Palmiro Togliatti in country Italy (ITA)
[14:01:38][2024.01.01.12][technology_effect_implementation.cpp:992]: history/countries/ROM - Romania.txt:11: set_technology: Invalid tech
[14:01:38][2024.01.01.12][technology_effect_implementation.cpp:992]: history/countries/ROM - Romania.txt:11: set_technology: Invalid tech
[14:01:38][2024.01.01.12][country_characters.cpp:1809]: No political party  for country leader Josip Broz Tito in country Yugoslavia (YUG)
[14:01:38][2024.01.01.12][technology_effect_implementation.cpp:992]: history/countries/SER - Serbia.txt:11: set_technology: Invalid tech
[14:01:38][2024.01.01.12][technology_effect_implementation.cpp:992]: history/countries/SER - Serbia.txt:11: set_technology: Invalid tech
[14:01:38][2024.01.01.12][country_characters.cpp:1809]: No political party  for country leader Max Leo Keller in country Conservative Democrat (SWI)
[14:01:38][2024.01.01.12][country_characters.cpp:1809]: No political party  for country leader Fritz Platten in country Conservative Democrat (SWI)
[14:01:38][2024.01.01.12][technology_effect_implementation.cpp:992]: history/countries/TUR - Turkey.txt:11: set_technology: Invalid tech
[14:01:38][2024.01.01.12][technology_effect_implementation.cpp:992]: history/countries/TUR - Turkey.txt:11: set_technology: Invalid tech
[14:01:38][2024.01.01.12][country_characters.cpp:1809]: No political party  for country leader Markos Vafiadis in country Kingdom of Greece (GRE)
[14:01:38][2024.01.01.12][country_characters.cpp:1809]: No political party  for country leader Georgios Kosmidis in country Kingdom of Greece (GRE)
[14:01:38][2024.01.01.12][technology_effect_implementation.cpp:992]: history/countries/NOR - Norway.txt:11: set_technology: Invalid tech
[14:01:38][2024.01.01.12][technology_effect_implementation.cpp:992]: history/countries/NOR - Norway.txt:11: set_technology: Invalid tech
[14:01:38][2024.01.01.12][country_characters.cpp:1809]: No political party  for country leader Aksel Larsen in country Denmark (DEN)
[14:01:38][2024.01.01.12][country_characters.cpp:1809]: No political party  for country leader Frits Clausen in country Denmark (DEN)
[14:01:38][2024.01.01.12][technology_effect_implementation.cpp:992]: history/countries/BUL - Bulgaria.txt:11: set_technology: Invalid tech
[14:01:38][2024.01.01.12][technology_effect_implementation.cpp:992]: history/countries/BUL - Bulgaria.txt:11: set_technology: Invalid tech
[14:01:38][2024.01.01.12][technology_effect_implementation.cpp:992]: history/countries/POR - Portugal.txt:11: set_technology: Invalid tech
[14:01:38][2024.01.01.12][technology_effect_implementation.cpp:992]: history/countries/POR - Portugal.txt:11: set_technology: Invalid tech
[14:01:38][2024.01.01.12][technology_effect_implementation.cpp:992]: history/countries/FIN - Finland.txt:11: set_technology: Invalid tech
[14:01:38][2024.01.01.12][technology_effect_implementation.cpp:992]: history/countries/FIN - Finland.txt:11: set_technology: Invalid tech
[14:01:38][2024.01.01.12][technology_effect_implementation.cpp:992]: history/countries/IRE - Ireland.txt:11: set_technology: Invalid tech
[14:01:38][2024.01.01.12][technology_effect_implementation.cpp:992]: history/countries/IRE - Ireland.txt:11: set_technology: Invalid tech
[14:01:38][2024.01.01.12][technology_effect_implementation.cpp:992]: history/countries/HUN - Hungary.txt:11: set_technology: Invalid tech
[14:01:38][2024.01.01.12][technology_effect_implementation.cpp:992]: history/countries/HUN - Hungary.txt:11: set_technology: Invalid tech
[14:01:38][2024.01.01.12][technology_effect_implementation.cpp:992]: history/countries/AFG - Afghanistan.txt:11: set_technology: Invalid tech
[14:01:38][2024.01.01.12][technology_effect_implementation.cpp:992]: history/countries/AFG - Afghanistan.txt:11: set_technology: Invalid tech
[14:01:38][2024.01.01.12][country_characters.cpp:1809]: No political party  for country leader  in country Argentina (ARG)
[14:01:38][2024.01.01.12][technology_effect_implementation.cpp:992]: history/countries/AST - Australia.txt:11: set_technology: Invalid tech
[14:01:38][2024.01.01.12][technology_effect_implementation.cpp:992]: history/countries/AST - Australia.txt:11: set_technology: Invalid tech
[14:01:38][2024.01.01.12][country_characters.cpp:1809]: No political party  for country leader Gendün Rinpoche in country Bhutan (BHU)
[14:01:38][2024.01.01.12][country_characters.cpp:1809]: No political party  for country leader Andruk Tashi in country Bhutan (BHU)
[14:01:38][2024.01.01.12][country_characters.cpp:1809]: No political party  for country leader  in country Bolivia (BOL)
[14:01:38][2024.01.01.12][country_characters.cpp:1809]: No political party  for country leader  in country Bolivia (BOL)
[14:01:38][2024.01.01.12][country_characters.cpp:1809]: No political party  for country leader Getúlio Vargas in country Brazil (BRA)
[14:01:38][2024.01.01.12][technology_effect_implementation.cpp:992]: history/countries/CAN - Canada.txt:11: set_technology: Invalid tech
[14:01:38][2024.01.01.12][technology_effect_implementation.cpp:992]: history/countries/CAN - Canada.txt:11: set_technology: Invalid tech
[14:01:38][2024.01.01.12][country_characters.cpp:1809]: No political party  for country leader Zhang Guotao in country China (CHI)
[14:01:38][2024.01.01.12][country_characters.cpp:1809]: No political party  for country leader Jorge González von Marées in country Chile (CHL)
[14:01:38][2024.01.01.12][country_characters.cpp:1809]: No political party  for country leader Carlos Contreras Labarca in country Chile (CHL)
[14:01:38][2024.01.01.12][country_characters.cpp:1809]: No political party  for country leader David de Vidal in country Colombia (COL)
[14:01:38][2024.01.01.12][country_characters.cpp:1809]: No political party  for country leader Isidoro Sotomayor in country Colombia (COL)
[14:01:38][2024.01.01.12][country_characters.cpp:1809]: No political party  for country leader José María Barahona in country Costa Rica (COS)
[14:01:38][2024.01.01.12][country_characters.cpp:1809]: No political party  for country leader Juan Toro in country Ecuador (ECU)
[14:01:38][2024.01.01.12][country_characters.cpp:1809]: No political party  for country leader Andrés Guilarte in country Ecuador (ECU)
[14:01:38][2024.01.01.12][country_characters.cpp:1809]: No political party  for country leader Benito Ubico in country El Salvador (ELS)
[14:01:38][2024.01.01.12][country_characters.cpp:1809]: No political party  for country leader Alemework Beyene in country Ethiopia (ETH)
[14:01:38][2024.01.01.12][country_characters.cpp:1809]: No political party  for country leader Máximo Arbenz in country Guatemala (GUA)
[14:01:38][2024.01.01.12][country_characters.cpp:1809]: No political party  for country leader Diego Barahona in country Guatemala (GUA)
[14:01:38][2024.01.01.12][country_characters.cpp:1809]: No political party  for country leader Lorenzo Ferrera in country Honduras (HON)
[14:01:38][2024.01.01.12][country_characters.cpp:1809]: No political party  for country leader Yusuf Salman Yusuf in country Iraq (IRQ)
[14:01:38][2024.01.01.12][technology_effect_implementation.cpp:992]: history/countries/JAP - Japan.txt:11: set_technology: Invalid tech
[14:01:38][2024.01.01.12][technology_effect_implementation.cpp:992]: history/countries/JAP - Japan.txt:11: set_technology: Invalid tech
[14:01:38][2024.01.01.12][technology_effect_implementation.cpp:992]: history/countries/KOR - Korea.txt:11: set_technology: Invalid tech
[14:01:38][2024.01.01.12][technology_effect_implementation.cpp:992]: history/countries/KOR - Korea.txt:11: set_technology: Invalid tech
[14:01:38][2024.01.01.12][technology_effect_implementation.cpp:992]: history/countries/MEX - Mexico.txt:11: set_technology: Invalid tech
[14:01:38][2024.01.01.12][technology_effect_implementation.cpp:992]: history/countries/MEX - Mexico.txt:11: set_technology: Invalid tech
[14:01:38][2024.01.01.12][country_characters.cpp:1809]: No political party  for country leader Serengdongrub in country Mengkukuo (MEN)
[14:01:38][2024.01.01.12][country_characters.cpp:1809]: No political party  for country leader Zhao Zhanshan in country Mengkukuo (MEN)
[14:01:38][2024.01.01.12][country_characters.cpp:1809]: No political party  for country leader Bir Shamsher Singh Thapa in country Nepal (NEP)
[14:01:38][2024.01.01.12][country_characters.cpp:1809]: No political party  for country leader Amar Thapa in country Nepal (NEP)
[14:01:38][2024.01.01.12][country_characters.cpp:1809]: No political party  for country leader Elsie Farrelly in country New Zealand (NZL)
[14:01:38][2024.01.01.12][country.cpp:6942]: Attempting to set capital state #1003 for New Zealand, they dont own it!
[14:01:38][2024.01.01.12][technology_effect_implementation.cpp:992]: history/countries/NZL - NewZealand.txt:11: set_technology: Invalid tech
[14:01:38][2024.01.01.12][technology_effect_implementation.cpp:992]: history/countries/NZL - NewZealand.txt:11: set_technology: Invalid tech
[14:01:38][2024.01.01.12][technology_effect_implementation.cpp:992]: history/countries/PAN - Panama.txt:11: set_technology: Invalid tech
[14:01:38][2024.01.01.12][technology_effect_implementation.cpp:992]: history/countries/PAN - Panama.txt:11: set_technology: Invalid tech
[14:01:38][2024.01.01.12][technology_effect_implementation.cpp:992]: history/countries/PER - Persia.txt:11: set_technology: Invalid tech
[14:01:38][2024.01.01.12][technology_effect_implementation.cpp:992]: history/countries/PER - Persia.txt:11: set_technology: Invalid tech
[14:01:38][2024.01.01.12][technology_effect_implementation.cpp:992]: history/countries/PHI - Philippines.txt:11: set_technology: Invalid tech
[14:01:38][2024.01.01.12][technology_effect_implementation.cpp:992]: history/countries/PHI - Philippines.txt:11: set_technology: Invalid tech
[14:01:38][2024.01.01.12][country_characters.cpp:1809]: No political party  for country leader Moses Kotane in country South Africa (SAF)
[14:01:38][2024.01.01.12][country_characters.cpp:1809]: No political party  for country leader Chao Phonphayuhasena in country Siam (SIA)
[14:01:38][2024.01.01.12][country_characters.cpp:1809]: No political party  for country leader Nangklao Suriyawongse in country Siam (SIA)
[14:01:38][2024.01.01.12][country_characters.cpp:1809]: No political party  for country leader Luo Wei in country Sinkiang (SIK)
[14:01:38][2024.01.01.12][country_characters.cpp:1809]: No political party  for country leader Phüntsok Wangyal Goranangpa in country Tibet (TIB)
[14:01:38][2024.01.01.12][country_characters.cpp:1809]: No political party  for country leader Thubten Kunphela in country Tibet (TIB)
[14:01:38][2024.01.01.12][country_characters.cpp:1809]: No political party  for country leader  in country Uruguay (URG)
[14:01:38][2024.01.01.12][country_characters.cpp:1809]: No political party  for country leader  in country Uruguay (URG)
[14:01:38][2024.01.01.12][country_characters.cpp:1809]: No political party  for country leader Juan Bautista Fuenmayor in country Venezuela (VEN)
[14:01:38][2024.01.01.12][country_characters.cpp:1809]: No political party  for country leader Cheng Peng in country Yunnan (YUN)
[14:01:38][2024.01.01.12][country_characters.cpp:1809]: No political party  for country leader Hsia Wu in country Yunnan (YUN)
[14:01:38][2024.01.01.12][technology_effect_implementation.cpp:992]: history/countries/USA - USA.txt:11: set_technology: Invalid tech
[14:01:38][2024.01.01.12][technology_effect_implementation.cpp:992]: history/countries/USA - USA.txt:11: set_technology: Invalid tech
[14:01:38][2024.01.01.12][technology_effect_implementation.cpp:992]: history/countries/MON - Mongolia.txt:11: set_technology: Invalid tech
[14:01:38][2024.01.01.12][technology_effect_implementation.cpp:992]: history/countries/MON - Mongolia.txt:11: set_technology: Invalid tech
[14:01:38][2024.01.01.12][country_characters.cpp:1809]: No political party  for country leader Rafael Franco in country Paraguay (PAR)
[14:01:38][2024.01.01.12][country_characters.cpp:1809]: No political party  for country leader Francisco Daza in country Paraguay (PAR)
[14:01:38][2024.01.01.12][country_characters.cpp:1809]: No political party  for country leader Wenceslao Carmona in country Cuba (CUB)
[14:01:38][2024.01.01.12][country_characters.cpp:1809]: No political party  for country leader Fernando Bayo in country Dominican Republic (DOM)
[14:01:38][2024.01.01.12][country_characters.cpp:1809]: No political party  for country leader Jacques Roumain in country Haiti (HAI)
[14:01:38][2024.01.01.12][country_characters.cpp:1809]: No political party  for country leader Mustafa ibn Umar in country Yemen (YEM)
[14:01:38][2024.01.01.12][country_characters.cpp:1809]: No political party  for country leader Fuad ibn Yusuf in country Yemen (YEM)
[14:01:38][2024.01.01.12][country_characters.cpp:1809]: No political party  for country leader Vinayak Damodar Savarkar in country India (RAJ)
[14:01:38][2024.01.01.12][country_characters.cpp:1809]: No political party  for country leader P. Krishna Pillai in country India (RAJ)
[14:01:38][2024.01.01.12][country.cpp:6942]: Attempting to set capital state #109 for Croatia, they dont own it!
[14:01:38][2024.01.01.12][country_characters.cpp:1809]: No political party  for country leader Zhang Lü in country Guangxi (GXC)
[14:01:38][2024.01.01.12][country_characters.cpp:1809]: No political party  for country leader Li Ting in country Guangxi (GXC)
[14:01:38][2024.01.01.12][country_characters.cpp:1809]: No political party  for country leader Mao Zedong in country Communist China (PRC)
[14:01:38][2024.01.01.12][effectimplementation.cpp:5447]: history/countries/PRC - ComChina.txt:77: recruit_character: Unknown character PRC_luo_ruiqing
[14:01:38][2024.01.01.12][country_characters.cpp:1809]: No political party  for country leader Luo Zhao in country Shanxi (SHX)
[14:01:38][2024.01.01.12][country_characters.cpp:1809]: No political party  for country leader Liao Ting in country Shanxi (SHX)
[14:01:38][2024.01.01.12][country_characters.cpp:1809]: No political party  for country leader Hsia Jin in country Xibei San Ma (XSM)
[14:01:38][2024.01.01.12][technology_effect_implementation.cpp:992]: history/countries/ICE - Iceland.txt:11: set_technology: Invalid tech
[14:01:38][2024.01.01.12][technology_effect_implementation.cpp:992]: history/countries/ICE - Iceland.txt:11: set_technology: Invalid tech
[14:01:38][2024.01.01.12][effectimplementation.cpp:501]: history/countries/LEB - Lebanon.txt:114: create_country_leader: Ideology leninism not found
[14:01:38][2024.01.01.12][effectimplementation.cpp:501]: history/countries/JOR - Jordan.txt:115: create_country_leader: Ideology leninism not found
[14:01:38][2024.01.01.12][technology_effect_implementation.cpp:992]: history/countries/SYR - Syria.txt:11: set_technology: Invalid tech
[14:01:38][2024.01.01.12][technology_effect_implementation.cpp:992]: history/countries/SYR - Syria.txt:11: set_technology: Invalid tech
[14:01:38][2024.01.01.12][technology_effect_implementation.cpp:992]: history/countries/EGY - Egypt.txt:11: set_technology: Invalid tech
[14:01:38][2024.01.01.12][technology_effect_implementation.cpp:992]: history/countries/EGY - Egypt.txt:11: set_technology: Invalid tech
[14:01:38][2024.01.01.12][effectimplementation.cpp:501]: history/countries/LBA - Libya.txt:114: create_country_leader: Ideology leninism not found
[14:01:38][2024.01.01.12][effectimplementation.cpp:501]: history/countries/WGR - West Germany.txt:188: create_country_leader: Ideology nazism not found
[14:01:38][2024.01.01.12][effectimplementation.cpp:501]: history/countries/PAL - Palestine.txt:124: create_country_leader: Ideology leninism not found
[14:01:38][2024.01.01.12][technology_effect_implementation.cpp:992]: history/countries/ISR - Israel.txt:11: set_technology: Invalid tech
[14:01:38][2024.01.01.12][technology_effect_implementation.cpp:992]: history/countries/ISR - Israel.txt:11: set_technology: Invalid tech
[14:01:38][2024.01.01.12][country_characters.cpp:1809]: No political party  for country leader Emperor Bao Đai in country Republic of Vietnam (VIN)
[14:01:38][2024.01.01.12][country_characters.cpp:1809]: No political party  for country leader Ho Chi Minh in country Republic of Vietnam (VIN)
[14:01:38][2024.01.01.12][country_characters.cpp:1809]: No political party  for country leader Norodom Sihanouk in country Republic of Cambodia (CAM)
[14:01:38][2024.01.01.12][country_characters.cpp:1809]: No political party  for country leader Tou Samouth in country Republic of Cambodia (CAM)
[14:01:38][2024.01.01.12][country_characters.cpp:1809]: No political party  for country leader Lai Teck in country Malaysia (MAL)
[14:01:38][2024.01.01.12][country_characters.cpp:1809]: No political party  for country leader Winston Tyron in country Malaysia (MAL)
[14:01:38][2024.01.01.12][country_characters.cpp:1809]: No political party  for country leader Amir Sjarifuddin Harahap in country Dutch East Indies (INS)
[14:01:38][2024.01.01.12][country_characters.cpp:1809]: No political party  for country leader King Sisavangvong in country Laos (LAO)
[14:01:38][2024.01.01.12][country_characters.cpp:1809]: No political party  for country leader Souphanouvong in country Laos (LAO)
[14:01:38][2024.01.01.12][country_characters.cpp:1809]: No political party  for country leader Blažo Jovanović in country Republic of Montenegro (MNT)
[14:01:38][2024.01.01.12][technology_effect_implementation.cpp:992]: history/countries/UKR - Ukraine.txt:11: set_technology: Invalid tech
[14:01:38][2024.01.01.12][technology_effect_implementation.cpp:992]: history/countries/UKR - Ukraine.txt:11: set_technology: Invalid tech
[14:01:38][2024.01.01.12][technology_effect_implementation.cpp:992]: history/countries/GEO - Georgia.txt:11: set_technology: Invalid tech
[14:01:38][2024.01.01.12][technology_effect_implementation.cpp:992]: history/countries/GEO - Georgia.txt:11: set_technology: Invalid tech
[14:01:38][2024.01.01.12][technology_effect_implementation.cpp:992]: history/countries/KAZ - Kazakhstan.txt:11: set_technology: Invalid tech
[14:01:38][2024.01.01.12][technology_effect_implementation.cpp:992]: history/countries/KAZ - Kazakhstan.txt:11: set_technology: Invalid tech
[14:01:38][2024.01.01.12][effectimplementation.cpp:501]: history/countries/ZIM - Zimbabwe.txt:80: create_country_leader: Ideology nazism not found
[14:01:38][2024.01.01.12][effectimplementation.cpp:501]: history/countries/PAK - Pakistan.txt:164: create_country_leader: Ideology marxism not found
[14:01:38][2024.01.01.12][country_characters.cpp:1809]: No political party  for country leader Zhang Jinghui in country China (MAN)
[14:01:38][2024.01.01.12][country_characters.cpp:1809]: No political party  for country leader Zhao Shangzhi in country China (MAN)
[14:01:38][2024.01.01.12][country.cpp:6942]: Attempting to set capital state #415 for Kyrgyzstan, they dont own it!
[14:01:38][2024.01.01.12][technology_effect_implementation.cpp:992]: history/countries/KYR - Kyrgyzstan.txt:11: set_technology: Invalid tech
[14:01:38][2024.01.01.12][technology_effect_implementation.cpp:992]: history/countries/KYR - Kyrgyzstan.txt:11: set_technology: Invalid tech
[14:01:38][2024.01.01.12][technology_effect_implementation.cpp:992]: history/countries/MAD - Madagascar.txt:11: set_technology: Invalid tech
[14:01:38][2024.01.01.12][technology_effect_implementation.cpp:992]: history/countries/MAD - Madagascar.txt:11: set_technology: Invalid tech
[14:01:38][2024.01.01.12][country.cpp:6942]: Attempting to set capital state #121 for Scotland, they dont own it!
[14:01:38][2024.01.01.12][country.cpp:6942]: Attempting to set capital state #691 for Tripolitania, they dont own it!
[14:01:38][2024.01.01.12][technology_effect_implementation.cpp:992]: history/countries/TRI - Tripolitania.txt:11: set_technology: Invalid tech
[14:01:38][2024.01.01.12][technology_effect_implementation.cpp:992]: history/countries/TRI - Tripolitania.txt:11: set_technology: Invalid tech
[14:01:38][2024.01.01.12][technology_effect_implementation.cpp:992]: history/countries/SOM - Somalia.txt:11: set_technology: Invalid tech
[14:01:38][2024.01.01.12][technology_effect_implementation.cpp:992]: history/countries/SOM - Somalia.txt:11: set_technology: Invalid tech
[14:01:38][2024.01.01.12][technology_effect_implementation.cpp:992]: history/countries/CHA - Chad.txt:11: set_technology: Invalid tech
[14:01:38][2024.01.01.12][technology_effect_implementation.cpp:992]: history/countries/CHA - Chad.txt:11: set_technology: Invalid tech
[14:01:38][2024.01.01.12][technology_effect_implementation.cpp:992]: history/countries/MLI - Mali.txt:11: set_technology: Invalid tech
[14:01:38][2024.01.01.12][technology_effect_implementation.cpp:992]: history/countries/MLI - Mali.txt:11: set_technology: Invalid tech
[14:01:38][2024.01.01.12][technology_effect_implementation.cpp:992]: history/countries/GNA - Guinea.txt:11: set_technology: Invalid tech
[14:01:38][2024.01.01.12][technology_effect_implementation.cpp:992]: history/countries/GNA - Guinea.txt:11: set_technology: Invalid tech
[14:01:38][2024.01.01.12][effectimplementation.cpp:1981]: history/countries/CSA - CSA.txt:211: add_ideas: Invalid idea: home_of_the_free. If you wanted to reference a variable, you need to explicitly prefix it with var: or temp_var:.
[14:01:38][2024.01.01.12][technology_effect_implementation.cpp:992]: history/countries/CSA - Confederacy.txt:11: set_technology: Invalid tech
[14:01:38][2024.01.01.12][technology_effect_implementation.cpp:992]: history/countries/CSA - Confederacy.txt:11: set_technology: Invalid tech
[14:01:38][2024.01.01.12][effectimplementation.cpp:1981]: history/countries/USB - USB.txt:207: add_ideas: Invalid idea: home_of_the_free. If you wanted to reference a variable, you need to explicitly prefix it with var: or temp_var:.
[14:01:38][2024.01.01.12][technology_effect_implementation.cpp:992]: history/countries/HAW - Hawaii.txt:11: set_technology: Invalid tech
[14:01:38][2024.01.01.12][technology_effect_implementation.cpp:992]: history/countries/HAW - Hawaii.txt:11: set_technology: Invalid tech
[14:01:38][2024.01.01.12][effectimplementation.cpp:501]: history/countries/CAT - Catalonia.txt:82: create_country_leader: Ideology marxism not found
[14:01:38][2024.01.01.12][effectimplementation.cpp:501]: history/countries/NAV - Navarra.txt:77: create_country_leader: Ideology marxism not found
[14:01:38][2024.01.01.12][effectimplementation.cpp:501]: history/countries/GLC - Galicia.txt:77: create_country_leader: Ideology marxism not found
[14:01:38][2024.01.01.12][effectimplementation.cpp:501]: history/countries/BRI - Brittany.txt:267: create_country_leader: Ideology nazism not found
[14:01:38][2024.01.01.12][country.cpp:6942]: Attempting to set capital state #31 for Francia, they dont own it!
[14:01:38][2024.01.01.12][country_characters.cpp:1809]: No political party  for country leader Qazi Muhammad in country Kurdistan (KUR)
[14:01:38][2024.01.01.12][effectimplementation.cpp:501]: history/countries/DNZ - Danzig.txt:106: create_country_leader: Ideology nazism not found
[14:01:38][2024.01.01.12][country_characters.cpp:1809]: No political party  for country leader Polat Usmon Khodzhayev in country Bukharan Jadidist Republic (BUK)
[14:01:38][2024.01.01.12][country_characters.cpp:1809]: No political party  for country leader I.M Badmayev in country Kalmykia (KAL)
[14:01:38][2024.01.01.12][country_characters.cpp:1809]: No political party  for country leader Pēteris Irklis in country Karelia (KAR)
[14:01:38][2024.01.01.12][technology_effect_implementation.cpp:992]: history/countries/CRI - Crimea.txt:11: set_technology: Invalid tech
[14:01:38][2024.01.01.12][technology_effect_implementation.cpp:992]: history/countries/CRI - Crimea.txt:11: set_technology: Invalid tech
[14:01:38][2024.01.01.12][country_characters.cpp:1809]: No political party  for country leader Yusup Tambiev in country Chechen-Ingush Republic (CIN)
[14:01:38][2024.01.01.12][country_characters.cpp:1809]: No political party  for country leader Heinrich Lüft in country Republic of Volga Germany (VGE)
[14:01:38][2024.01.01.12][country_characters.cpp:1809]: No political party  for country leader Alexander Heckman in country Republic of Volga Germany (VGE)
[14:01:38][2024.01.01.12][country_characters.cpp:1809]: No political party  for country leader Yakov Borisovich Bykin in country Ural Republic (BSK)
[14:01:38][2024.01.01.12][country.cpp:6942]: Attempting to set capital state #415 for Ural Republic, they dont own it!
[14:01:38][2024.01.01.12][technology_effect_implementation.cpp:992]: history/countries/BSK - Ural.txt:11: set_technology: Invalid tech
[14:01:38][2024.01.01.12][technology_effect_implementation.cpp:992]: history/countries/BSK - Ural.txt:11: set_technology: Invalid tech
[14:01:38][2024.01.01.12][country_characters.cpp:1809]: No political party  for country leader Nedirbay Aytakov in country Khivan Jadidist Republic (KHI)
[14:01:38][2024.01.01.12][technology_effect_implementation.cpp:992]: history/countries/CHU - Chukotka.txt:11: set_technology: Invalid tech
[14:01:38][2024.01.01.12][technology_effect_implementation.cpp:992]: history/countries/CHU - Chukotka.txt:11: set_technology: Invalid tech
[14:01:38][2024.01.01.12][country_characters.cpp:1809]: No political party  for country leader Gerasim Ivanovich Ivanov in country Chuvashia (CHU)
[14:01:38][2024.01.01.12][country_characters.cpp:1809]: No political party  for country leader Zinovy Zhadinov in country Mari El (MEL)
[14:01:38][2024.01.01.12][country.cpp:6942]: Attempting to set capital state #569 for Khazar, they dont own it!
[14:01:38][2024.01.01.12][technology_effect_implementation.cpp:992]: history/countries/KHA - Khazar.txt:11: set_technology: Invalid tech
[14:01:38][2024.01.01.12][technology_effect_implementation.cpp:992]: history/countries/KHA - Khazar.txt:11: set_technology: Invalid tech
[14:01:38][2024.01.01.12][country.cpp:6930]: Attempting to set capital state #9904 for Papal States, it is not a valid state!
[14:01:38][2024.01.01.12][technology_effect_implementation.cpp:992]: history/countries/PAP - PapalStates.txt:11: set_technology: Invalid tech
[14:01:38][2024.01.01.12][technology_effect_implementation.cpp:992]: history/countries/PAP - PapalStates.txt:11: set_technology: Invalid tech
[14:01:38][2024.01.01.12][effectimplementation.cpp:501]: history/countries/SMI - Sami.txt:80: create_country_leader: Ideology marxism not found
[14:01:38][2024.01.01.12][technology_effect_implementation.cpp:992]: history/countries/GRN - Greenland.txt:11: set_technology: Invalid tech
[14:01:38][2024.01.01.12][technology_effect_implementation.cpp:992]: history/countries/GRN - Greenland.txt:11: set_technology: Invalid tech
[14:01:38][2024.01.01.12][country_characters.cpp:1809]: No political party  for country leader Josef Grohé in country Reichskommissariat Belgien-Nordfrankreich (RKB)
[14:01:38][2024.01.01.12][country_characters.cpp:1809]: No political party  for country leader Erich Koch in country Reichskommissariat Ukraine (RKU)
[14:01:38][2024.01.01.12][country_characters.cpp:1809]: No political party  for country leader Hinrich Lohse in country Reichskommissariat Ostland (RKO)
[14:01:38][2024.01.01.12][country_characters.cpp:1809]: No political party  for country leader Arno Schickedanz in country Reichskommissariat Kaukasien (RKK)
[14:01:38][2024.01.01.12][country_characters.cpp:1809]: No political party  for country leader Veli Kayum-Khan in country Reichskommissariat Turkestan (RKT)
[14:01:38][2024.01.01.12][country_characters.cpp:1809]: No political party  for country leader Siegfried Kasche in country Reichskommissariat Moskowien (RKM)
[14:01:38][2024.01.01.12][country_characters.cpp:1809]: No political party  for country leader Hans Frank in country Generalgouvernement (GEN)
[14:01:38][2024.01.01.12][country_characters.cpp:1809]: No political party  for country leader Walter Warlimont in country Reichskommissariat Iberien (RKI)
[14:01:38][2024.01.01.12][country_characters.cpp:1809]: No political party  for country leader Heinrich Schnee in country Reichskommissariat Mittelafrika (RKA)
[14:01:38][2024.01.01.12][country_characters.cpp:1809]: No political party  for country leader Theodor Seitz in country Reichskommissariat Nordafrika (RNA)
[14:01:38][2024.01.01.12][country.cpp:6942]: Attempting to set capital state #395 for Reichskommissariat Nordamerika, they dont own it!
[14:01:38][2024.01.01.12][technology_effect_implementation.cpp:992]: history/countries/RUS - RussianEmpire.txt:11: set_technology: Invalid tech
[14:01:38][2024.01.01.12][technology_effect_implementation.cpp:992]: history/countries/RUS - RussianEmpire.txt:11: set_technology: Invalid tech
[14:01:38][2024.01.01.12][technology_effect_implementation.cpp:992]: history/countries/INC - Inca.txt:11: set_technology: Invalid tech
[14:01:38][2024.01.01.12][technology_effect_implementation.cpp:992]: history/countries/INC - Inca.txt:11: set_technology: Invalid tech
[14:01:38][2024.01.01.12][country_characters.cpp:1809]: No political party  for country leader Benjamin Arsanis in country  (ASY)
[14:01:38][2024.01.01.12][technology_effect_implementation.cpp:992]: history/countries/CAS - Cascadia.txt:50: set_technology: Invalid tech
[14:01:38][2024.01.01.12][technology_effect_implementation.cpp:992]: history/countries/CAS - Cascadia.txt:50: set_technology: Invalid tech
[14:01:38][2024.01.01.12][technology_effect_implementation.cpp:992]: history/countries/CAS - Cascadia.txt:106: set_technology: Invalid tech
[14:01:38][2024.01.01.12][technology_effect_implementation.cpp:992]: history/countries/CAS - Cascadia.txt:106: set_technology: Invalid tech
[14:01:38][2024.01.01.12][country.cpp:6942]: Attempting to set capital state #982 for Kodiak, they dont own it!
[14:01:38][2024.01.01.12][technology_effect_implementation.cpp:992]: history/countries/KOD - Kodiak.txt:11: set_technology: Invalid tech
[14:01:38][2024.01.01.12][technology_effect_implementation.cpp:992]: history/countries/KOD - Kodiak.txt:11: set_technology: Invalid tech
[14:01:38][2024.01.01.12][technology_effect_implementation.cpp:992]: history/countries/RCA - ReformedCascadia.txt:11: set_technology: Invalid tech
[14:01:38][2024.01.01.12][technology_effect_implementation.cpp:992]: history/countries/RCA - ReformedCascadia.txt:11: set_technology: Invalid tech
[14:01:38][2024.01.01.12][country.cpp:6942]: Attempting to set capital state #992 for California, they dont own it!
[14:01:38][2024.01.01.12][technology_effect_implementation.cpp:992]: history/countries/CAL - California.txt:11: set_technology: Invalid tech
[14:01:38][2024.01.01.12][technology_effect_implementation.cpp:992]: history/countries/CAL - California.txt:11: set_technology: Invalid tech
[14:01:38][2024.01.01.12][country.cpp:6942]: Attempting to set capital state #993 for Norcallia, they dont own it!
[14:01:38][2024.01.01.12][technology_effect_implementation.cpp:992]: history/countries/NRC - Norcallia.txt:11: set_technology: Invalid tech
[14:01:38][2024.01.01.12][technology_effect_implementation.cpp:992]: history/countries/NRC - Norcallia.txt:11: set_technology: Invalid tech
[14:01:38][2024.01.01.12][country.cpp:6942]: Attempting to set capital state #996 for Nevada, they dont own it!
[14:01:38][2024.01.01.12][technology_effect_implementation.cpp:992]: history/countries/NEV - Nevada.txt:11: set_technology: Invalid tech
[14:01:38][2024.01.01.12][technology_effect_implementation.cpp:992]: history/countries/NEV - Nevada.txt:11: set_technology: Invalid tech
[14:01:38][2024.01.01.12][country.cpp:6942]: Attempting to set capital state #997 for Utah, they dont own it!
[14:01:38][2024.01.01.12][technology_effect_implementation.cpp:992]: history/countries/UTH - Utah.txt:11: set_technology: Invalid tech
[14:01:38][2024.01.01.12][technology_effect_implementation.cpp:992]: history/countries/UTH - Utah.txt:11: set_technology: Invalid tech
[14:01:38][2024.01.01.12][country.cpp:6942]: Attempting to set capital state #998 for Euphoria, they dont own it!
[14:01:38][2024.01.01.12][technology_effect_implementation.cpp:992]: history/countries/EUP - Euphoria.txt:11: set_technology: Invalid tech
[14:01:38][2024.01.01.12][technology_effect_implementation.cpp:992]: history/countries/EUP - Euphoria.txt:11: set_technology: Invalid tech
[14:01:38][2024.01.01.12][technology_effect_implementation.cpp:992]: history/countries/YUK - Yukon.txt:11: set_technology: Invalid tech
[14:01:38][2024.01.01.12][technology_effect_implementation.cpp:992]: history/countries/YUK - Yukon.txt:11: set_technology: Invalid tech
[14:01:38][2024.01.01.12][technology_effect_implementation.cpp:992]: history/countries/JEF - Jefferson.txt:11: set_technology: Invalid tech
[14:01:38][2024.01.01.12][technology_effect_implementation.cpp:992]: history/countries/JEF - Jefferson.txt:11: set_technology: Invalid tech
[14:01:38][2024.01.01.12][technology_effect_implementation.cpp:992]: history/countries/NSR - NorthSeaRepublic.txt:11: set_technology: Invalid tech
[14:01:38][2024.01.01.12][technology_effect_implementation.cpp:992]: history/countries/NSR - NorthSeaRepublic.txt:11: set_technology: Invalid tech
[14:01:38][2024.01.01.12][technology_effect_implementation.cpp:992]: history/countries/NWT - NWT.txt:11: set_technology: Invalid tech
[14:01:38][2024.01.01.12][technology_effect_implementation.cpp:992]: history/countries/NWT - NWT.txt:11: set_technology: Invalid tech
[14:01:38][2024.01.01.12][technology_effect_implementation.cpp:992]: history/countries/TEX - Texas.txt:50: set_technology: Invalid tech
[14:01:38][2024.01.01.12][technology_effect_implementation.cpp:992]: history/countries/TEX - Texas.txt:50: set_technology: Invalid tech
[14:01:38][2024.01.01.12][technology_effect_implementation.cpp:992]: history/countries/TEX - Texas.txt:106: set_technology: Invalid tech
[14:01:38][2024.01.01.12][technology_effect_implementation.cpp:992]: history/countries/TEX - Texas.txt:106: set_technology: Invalid tech
[14:01:38][2024.01.01.12][technology_effect_implementation.cpp:992]: history/countries/VER - Vermont.txt:11: set_technology: Invalid tech
[14:01:38][2024.01.01.12][technology_effect_implementation.cpp:992]: history/countries/VER - Vermont.txt:11: set_technology: Invalid tech
[14:01:38][2024.01.01.12][technology_effect_implementation.cpp:992]: history/countries/LAU - Laurentia.txt:11: set_technology: Invalid tech
[14:01:38][2024.01.01.12][technology_effect_implementation.cpp:992]: history/countries/LAU - Laurentia.txt:11: set_technology: Invalid tech
[14:01:38][2024.01.01.12][technology_effect_implementation.cpp:992]: history/countries/USS - UnitedStates.txt:11: set_technology: Invalid tech
[14:01:38][2024.01.01.12][technology_effect_implementation.cpp:992]: history/countries/USS - UnitedStates.txt:11: set_technology: Invalid tech
[14:01:38][2024.01.01.12][technology_effect_implementation.cpp:992]: history/countries/NYC - NewYork.txt:11: set_technology: Invalid tech
[14:01:38][2024.01.01.12][technology_effect_implementation.cpp:992]: history/countries/NYC - NewYork.txt:11: set_technology: Invalid tech
[14:01:38][2024.01.01.12][technology_effect_implementation.cpp:992]: history/countries/ALK - Alaska.txt:11: set_technology: Invalid tech
[14:01:38][2024.01.01.12][technology_effect_implementation.cpp:992]: history/countries/ALK - Alaska.txt:11: set_technology: Invalid tech
[14:01:38][2024.01.01.12][technology_effect_implementation.cpp:992]: history/countries/AME - America.txt:11: set_technology: Invalid tech
[14:01:38][2024.01.01.12][technology_effect_implementation.cpp:992]: history/countries/AME - America.txt:11: set_technology: Invalid tech
[14:01:38][2024.01.01.12][technology_effect_implementation.cpp:992]: history/countries/FRO - Frontier.txt:11: set_technology: Invalid tech
[14:01:38][2024.01.01.12][technology_effect_implementation.cpp:992]: history/countries/FRO - Frontier.txt:11: set_technology: Invalid tech
[14:01:38][2024.01.01.12][technology_effect_implementation.cpp:992]: history/countries/NMX - NewMexico.txt:11: set_technology: Invalid tech
[14:01:38][2024.01.01.12][technology_effect_implementation.cpp:992]: history/countries/NMX - NewMexico.txt:11: set_technology: Invalid tech
[14:01:38][2024.01.01.12][technology_effect_implementation.cpp:992]: history/countries/MWU - Midwest.txt:11: set_technology: Invalid tech
[14:01:38][2024.01.01.12][technology_effect_implementation.cpp:992]: history/countries/MWU - Midwest.txt:11: set_technology: Invalid tech
[14:01:38][2024.01.01.12][effectimplementation.cpp:5447]: history/countries/MWU - Midwest.txt:43: recruit_character: Unknown character 
[14:01:38][2024.01.01.12][technology_effect_implementation.cpp:992]: history/countries/ILI - Illinois.txt:11: set_technology: Invalid tech
[14:01:38][2024.01.01.12][technology_effect_implementation.cpp:992]: history/countries/ILI - Illinois.txt:11: set_technology: Invalid tech
[14:01:38][2024.01.01.12][technology_effect_implementation.cpp:992]: history/countries/FLA - Florida.txt:11: set_technology: Invalid tech
[14:01:38][2024.01.01.12][technology_effect_implementation.cpp:992]: history/countries/FLA - Florida.txt:11: set_technology: Invalid tech
[14:01:38][2024.01.01.12][technology_effect_implementation.cpp:992]: history/countries/ONT - Ontario.txt:11: set_technology: Invalid tech
[14:01:38][2024.01.01.12][technology_effect_implementation.cpp:992]: history/countries/ONT - Ontario.txt:11: set_technology: Invalid tech
[14:01:38][2024.01.01.12][technology_effect_implementation.cpp:992]: history/countries/BRZ - Brazil.txt:50: set_technology: Invalid tech
[14:01:38][2024.01.01.12][technology_effect_implementation.cpp:992]: history/countries/BRZ - Brazil.txt:50: set_technology: Invalid tech
[14:01:39][2024.01.01.12][technology_effect_implementation.cpp:992]: history/countries/BRZ - Brazil.txt:106: set_technology: Invalid tech
[14:01:39][2024.01.01.12][technology_effect_implementation.cpp:992]: history/countries/BRZ - Brazil.txt:106: set_technology: Invalid tech
[14:01:39][2024.01.01.12][technology_effect_implementation.cpp:992]: history/countries/GOA - Genoa.txt:11: set_technology: Invalid tech
[14:01:39][2024.01.01.12][technology_effect_implementation.cpp:992]: history/countries/GOA - Genoa.txt:11: set_technology: Invalid tech
[14:01:39][2024.01.01.12][technology_effect_implementation.cpp:992]: history/countries/HAV - Havaiki.txt:11: set_technology: Invalid tech
[14:01:39][2024.01.01.12][technology_effect_implementation.cpp:992]: history/countries/HAV - Havaiki.txt:11: set_technology: Invalid tech
[14:01:39][2024.01.01.12][technology_effect_implementation.cpp:992]: history/countries/PIL - Pilbara.txt:11: set_technology: Invalid tech
[14:01:39][2024.01.01.12][technology_effect_implementation.cpp:992]: history/countries/PIL - Pilbara.txt:11: set_technology: Invalid tech
[14:01:39][2024.01.01.12][technology_effect_implementation.cpp:992]: history/countries/VNC - Venice.txt:50: set_technology: Invalid tech
[14:01:39][2024.01.01.12][technology_effect_implementation.cpp:992]: history/countries/VNC - Venice.txt:50: set_technology: Invalid tech
[14:01:39][2024.01.01.12][technology_effect_implementation.cpp:992]: history/countries/VNC - Venice.txt:106: set_technology: Invalid tech
[14:01:39][2024.01.01.12][technology_effect_implementation.cpp:992]: history/countries/VNC - Venice.txt:106: set_technology: Invalid tech
[14:01:39][2024.01.01.12][technology_effect_implementation.cpp:992]: history/countries/EAU - EastAfrica.txt:11: set_technology: Invalid tech
[14:01:39][2024.01.01.12][technology_effect_implementation.cpp:992]: history/countries/EAU - EastAfrica.txt:11: set_technology: Invalid tech
[14:01:39][2024.01.01.12][technology_effect_implementation.cpp:992]: history/countries/EDE - Edesse.txt:11: set_technology: Invalid tech
[14:01:39][2024.01.01.12][technology_effect_implementation.cpp:992]: history/countries/EDE - Edesse.txt:11: set_technology: Invalid tech
[14:01:39][2024.01.01.12][technology_effect_implementation.cpp:992]: history/countries/EGL - England.txt:11: set_technology: Invalid tech
[14:01:39][2024.01.01.12][technology_effect_implementation.cpp:992]: history/countries/EGL - England.txt:11: set_technology: Invalid tech
[14:01:39][2024.01.01.12][technology_effect_implementation.cpp:992]: history/countries/FLK - Falklands.txt:11: set_technology: Invalid tech
[14:01:39][2024.01.01.12][technology_effect_implementation.cpp:992]: history/countries/FLK - Falklands.txt:11: set_technology: Invalid tech
[14:01:39][2024.01.01.12][technology_effect_implementation.cpp:992]: history/countries/FNM - Finnmark.txt:11: set_technology: Invalid tech
[14:01:39][2024.01.01.12][technology_effect_implementation.cpp:992]: history/countries/FNM - Finnmark.txt:11: set_technology: Invalid tech
[14:01:39][2024.01.01.12][technology_effect_implementation.cpp:992]: history/countries/FRC - France.txt:11: set_technology: Invalid tech
[14:01:39][2024.01.01.12][technology_effect_implementation.cpp:992]: history/countries/FRC - France.txt:11: set_technology: Invalid tech
[14:01:39][2024.01.01.12][technology_effect_implementation.cpp:992]: history/countries/ALA - Aland.txt:11: set_technology: Invalid tech
[14:01:39][2024.01.01.12][technology_effect_implementation.cpp:992]: history/countries/ALA - Aland.txt:11: set_technology: Invalid tech
[14:01:39][2024.01.01.12][technology_effect_implementation.cpp:992]: history/countries/AQU - Aquitaine.txt:11: set_technology: Invalid tech
[14:01:39][2024.01.01.12][technology_effect_implementation.cpp:992]: history/countries/AQU - Aquitaine.txt:11: set_technology: Invalid tech
[14:01:39][2024.01.01.12][technology_effect_implementation.cpp:992]: history/countries/AVA - Ava.txt:11: set_technology: Invalid tech
[14:01:39][2024.01.01.12][technology_effect_implementation.cpp:992]: history/countries/AVA - Ava.txt:11: set_technology: Invalid tech
[14:01:39][2024.01.01.12][technology_effect_implementation.cpp:992]: history/countries/BAB - Babylon.txt:11: set_technology: Invalid tech
[14:01:39][2024.01.01.12][technology_effect_implementation.cpp:992]: history/countries/BAB - Babylon.txt:11: set_technology: Invalid tech
[14:01:39][2024.01.01.12][technology_effect_implementation.cpp:992]: history/countries/BAL - Baltic.txt:11: set_technology: Invalid tech
[14:01:39][2024.01.01.12][technology_effect_implementation.cpp:992]: history/countries/BAL - Baltic.txt:11: set_technology: Invalid tech
[14:01:39][2024.01.01.12][technology_effect_implementation.cpp:992]: history/countries/BEN - Benin.txt:11: set_technology: Invalid tech
[14:01:39][2024.01.01.12][technology_effect_implementation.cpp:992]: history/countries/BEN - Benin.txt:11: set_technology: Invalid tech
[14:01:39][2024.01.01.12][technology_effect_implementation.cpp:992]: history/countries/CAP - Caspian.txt:11: set_technology: Invalid tech
[14:01:39][2024.01.01.12][technology_effect_implementation.cpp:992]: history/countries/CAP - Caspian.txt:11: set_technology: Invalid tech
[14:01:39][2024.01.01.12][technology_effect_implementation.cpp:992]: history/countries/CAU - Caucasian.txt:11: set_technology: Invalid tech
[14:01:39][2024.01.01.12][technology_effect_implementation.cpp:992]: history/countries/CAU - Caucasian.txt:11: set_technology: Invalid tech
[14:01:39][2024.01.01.12][technology_effect_implementation.cpp:992]: history/countries/CBA - Cuba.txt:11: set_technology: Invalid tech
[14:01:39][2024.01.01.12][technology_effect_implementation.cpp:992]: history/countries/CBA - Cuba.txt:11: set_technology: Invalid tech
[14:01:39][2024.01.01.12][country.cpp:6942]: Attempting to set capital state #619 for Central Asia, they dont own it!
[14:01:39][2024.01.01.12][technology_effect_implementation.cpp:992]: history/countries/CEA - CentralAsia.txt:11: set_technology: Invalid tech
[14:01:39][2024.01.01.12][technology_effect_implementation.cpp:992]: history/countries/CEA - CentralAsia.txt:11: set_technology: Invalid tech
[14:01:39][2024.01.01.12][technology_effect_implementation.cpp:992]: history/countries/GBR - UnitedKingdom.txt:11: set_technology: Invalid tech
[14:01:39][2024.01.01.12][technology_effect_implementation.cpp:992]: history/countries/GBR - UnitedKingdom.txt:11: set_technology: Invalid tech
[14:01:39][2024.01.01.12][technology_effect_implementation.cpp:992]: history/countries/DEI - DutchEastIndies.txt:11: set_technology: Invalid tech
[14:01:39][2024.01.01.12][technology_effect_implementation.cpp:992]: history/countries/DEI - DutchEastIndies.txt:11: set_technology: Invalid tech
[14:01:39][2024.01.01.12][technology_effect_implementation.cpp:992]: history/countries/GOL - GoldCoast.txt:11: set_technology: Invalid tech
[14:01:39][2024.01.01.12][technology_effect_implementation.cpp:992]: history/countries/GOL - GoldCoast.txt:11: set_technology: Invalid tech
[14:01:39][2024.01.01.12][technology_effect_implementation.cpp:992]: history/countries/GRA - GranColombia.txt:11: set_technology: Invalid tech
[14:01:39][2024.01.01.12][technology_effect_implementation.cpp:992]: history/countries/GRA - GranColombia.txt:11: set_technology: Invalid tech
[14:01:39][2024.01.01.12][technology_effect_implementation.cpp:992]: history/countries/GRK - Greece.txt:11: set_technology: Invalid tech
[14:01:39][2024.01.01.12][technology_effect_implementation.cpp:992]: history/countries/GRK - Greece.txt:11: set_technology: Invalid tech
[14:01:39][2024.01.01.12][technology_effect_implementation.cpp:992]: history/countries/HNA - Han.txt:11: set_technology: Invalid tech
[14:01:39][2024.01.01.12][technology_effect_implementation.cpp:992]: history/countries/HNA - Han.txt:11: set_technology: Invalid tech
[14:01:39][2024.01.01.12][technology_effect_implementation.cpp:992]: history/countries/TRO - Tropico.txt:11: set_technology: Invalid tech
[14:01:39][2024.01.01.12][technology_effect_implementation.cpp:992]: history/countries/TRO - Tropico.txt:11: set_technology: Invalid tech
[14:01:39][2024.01.01.12][technology_effect_implementation.cpp:992]: history/countries/MSK - Miskito.txt:11: set_technology: Invalid tech
[14:01:39][2024.01.01.12][technology_effect_implementation.cpp:992]: history/countries/MSK - Miskito.txt:11: set_technology: Invalid tech
[14:01:39][2024.01.01.12][technology_effect_implementation.cpp:992]: history/countries/VZL - Venezuela.txt:11: set_technology: Invalid tech
[14:01:39][2024.01.01.12][technology_effect_implementation.cpp:992]: history/countries/VZL - Venezuela.txt:11: set_technology: Invalid tech
[14:01:39][2024.01.01.12][technology_effect_implementation.cpp:992]: history/countries/LAP - LaPlata.txt:11: set_technology: Invalid tech
[14:01:39][2024.01.01.12][technology_effect_implementation.cpp:992]: history/countries/LAP - LaPlata.txt:11: set_technology: Invalid tech
[14:01:39][2024.01.01.12][technology_effect_implementation.cpp:992]: history/countries/PAT - Patagonia.txt:11: set_technology: Invalid tech
[14:01:39][2024.01.01.12][technology_effect_implementation.cpp:992]: history/countries/PAT - Patagonia.txt:11: set_technology: Invalid tech
[14:01:39][2024.01.01.12][technology_effect_implementation.cpp:992]: history/countries/TDF - TierraDelFuego.txt:11: set_technology: Invalid tech
[14:01:39][2024.01.01.12][technology_effect_implementation.cpp:992]: history/countries/TDF - TierraDelFuego.txt:11: set_technology: Invalid tech
[14:01:39][2024.01.01.12][technology_effect_implementation.cpp:992]: history/countries/PLR - Polar.txt:11: set_technology: Invalid tech
[14:01:39][2024.01.01.12][technology_effect_implementation.cpp:992]: history/countries/PLR - Polar.txt:11: set_technology: Invalid tech
[14:01:39][2024.01.01.12][technology_effect_implementation.cpp:992]: history/countries/SAV - Savoie.txt:11: set_technology: Invalid tech
[14:01:39][2024.01.01.12][technology_effect_implementation.cpp:992]: history/countries/SAV - Savoie.txt:11: set_technology: Invalid tech
[14:01:39][2024.01.01.12][technology_effect_implementation.cpp:992]: history/countries/NTL - Netherlands.txt:11: set_technology: Invalid tech
[14:01:39][2024.01.01.12][technology_effect_implementation.cpp:992]: history/countries/NTL - Netherlands.txt:11: set_technology: Invalid tech
[14:01:39][2024.01.01.12][technology_effect_implementation.cpp:992]: history/countries/LPL - Lapland.txt:11: set_technology: Invalid tech
[14:01:39][2024.01.01.12][technology_effect_implementation.cpp:992]: history/countries/LPL - Lapland.txt:11: set_technology: Invalid tech
[14:01:39][2024.01.01.12][technology_effect_implementation.cpp:992]: history/countries/WAL - Wallachia.txt:11: set_technology: Invalid tech
[14:01:39][2024.01.01.12][technology_effect_implementation.cpp:992]: history/countries/WAL - Wallachia.txt:11: set_technology: Invalid tech
[14:01:39][2024.01.01.12][technology_effect_implementation.cpp:992]: history/countries/OBB - Ob.txt:11: set_technology: Invalid tech
[14:01:39][2024.01.01.12][technology_effect_implementation.cpp:992]: history/countries/OBB - Ob.txt:11: set_technology: Invalid tech
[14:01:39][2024.01.01.12][technology_effect_implementation.cpp:992]: history/countries/RUR - RussianRepublic.txt:11: set_technology: Invalid tech
[14:01:39][2024.01.01.12][technology_effect_implementation.cpp:992]: history/countries/RUR - RussianRepublic.txt:11: set_technology: Invalid tech
[14:01:39][2024.01.01.12][technology_effect_implementation.cpp:992]: history/countries/TNG - Tunguska.txt:11: set_technology: Invalid tech
[14:01:39][2024.01.01.12][technology_effect_implementation.cpp:992]: history/countries/TNG - Tunguska.txt:11: set_technology: Invalid tech
[14:01:39][2024.01.01.12][technology_effect_implementation.cpp:992]: history/countries/SAH - Sahara.txt:11: set_technology: Invalid tech
[14:01:39][2024.01.01.12][technology_effect_implementation.cpp:992]: history/countries/SAH - Sahara.txt:11: set_technology: Invalid tech
[14:01:39][2024.01.01.12][technology_effect_implementation.cpp:992]: history/countries/NUB - Nubia.txt:11: set_technology: Invalid tech
[14:01:39][2024.01.01.12][technology_effect_implementation.cpp:992]: history/countries/NUB - Nubia.txt:11: set_technology: Invalid tech
[14:01:39][2024.01.01.12][technology_effect_implementation.cpp:992]: history/countries/RSA - RSA.txt:11: set_technology: Invalid tech
[14:01:39][2024.01.01.12][technology_effect_implementation.cpp:992]: history/countries/RSA - RSA.txt:11: set_technology: Invalid tech
[14:01:39][2024.01.01.12][effectimplementation.cpp:5457]: history/countries/RSA - RSA.txt:43: recruit_character: Character RCA_bon cannot be assigned to RSA as it is already assigned to RCA
[14:01:39][2024.01.01.12][technology_effect_implementation.cpp:992]: history/countries/IND - India.txt:11: set_technology: Invalid tech
[14:01:39][2024.01.01.12][technology_effect_implementation.cpp:992]: history/countries/IND - India.txt:11: set_technology: Invalid tech
[14:01:39][2024.01.01.12][technology_effect_implementation.cpp:992]: history/countries/LAS - LaccadiveSea.txt:11: set_technology: Invalid tech
[14:01:39][2024.01.01.12][technology_effect_implementation.cpp:992]: history/countries/LAS - LaccadiveSea.txt:11: set_technology: Invalid tech
[14:01:39][2024.01.01.12][technology_effect_implementation.cpp:992]: history/countries/MAG - Magadha.txt:11: set_technology: Invalid tech
[14:01:39][2024.01.01.12][technology_effect_implementation.cpp:992]: history/countries/MAG - Magadha.txt:11: set_technology: Invalid tech
[14:01:39][2024.01.01.12][technology_effect_implementation.cpp:992]: history/countries/ORI - Orissa.txt:11: set_technology: Invalid tech
[14:01:39][2024.01.01.12][technology_effect_implementation.cpp:992]: history/countries/ORI - Orissa.txt:11: set_technology: Invalid tech
[14:01:39][2024.01.01.12][technology_effect_implementation.cpp:992]: history/countries/MIN - Ming.txt:11: set_technology: Invalid tech
[14:01:39][2024.01.01.12][technology_effect_implementation.cpp:992]: history/countries/MIN - Ming.txt:11: set_technology: Invalid tech
[14:01:39][2024.01.01.12][technology_effect_implementation.cpp:992]: history/countries/YUE - Yue.txt:11: set_technology: Invalid tech
[14:01:39][2024.01.01.12][technology_effect_implementation.cpp:992]: history/countries/YUE - Yue.txt:11: set_technology: Invalid tech
[14:01:39][2024.01.01.12][technology_effect_implementation.cpp:992]: history/countries/TAI - Taiwan.txt:11: set_technology: Invalid tech
[14:01:39][2024.01.01.12][technology_effect_implementation.cpp:992]: history/countries/TAI - Taiwan.txt:11: set_technology: Invalid tech
[14:01:39][2024.01.01.12][technology_effect_implementation.cpp:992]: history/countries/IDC - Indochina.txt:11: set_technology: Invalid tech
[14:01:39][2024.01.01.12][technology_effect_implementation.cpp:992]: history/countries/IDC - Indochina.txt:11: set_technology: Invalid tech
[14:01:39][2024.01.01.12][technology_effect_implementation.cpp:992]: history/countries/VIC - Victoria.txt:11: set_technology: Invalid tech
[14:01:39][2024.01.01.12][technology_effect_implementation.cpp:992]: history/countries/VIC - Victoria.txt:11: set_technology: Invalid tech
[14:01:39][2024.01.01.12][technology_effect_implementation.cpp:992]: history/countries/SPN - Spain.txt:11: set_technology: Invalid tech
[14:01:39][2024.01.01.12][technology_effect_implementation.cpp:992]: history/countries/SPN - Spain.txt:11: set_technology: Invalid tech
[14:01:39][2024.01.01.12][technology_effect_implementation.cpp:992]: history/countries/ARN - Aragon.txt:11: set_technology: Invalid tech
[14:01:39][2024.01.01.12][technology_effect_implementation.cpp:992]: history/countries/ARN - Aragon.txt:11: set_technology: Invalid tech
[14:01:39][2024.01.01.12][effectimplementation.cpp:3005]: history/countries/SOV - Soviet union.txt:911: remove_ideas: Invalid idea: SOV_genrikh_yagoda. If you wanted to reference a variable, you need to explicitly prefix it with var: or temp_var:.
[14:01:39][2024.01.01.12][effectimplementation.cpp:1981]: history/countries/SOV - Soviet union.txt:912: add_ideas: Invalid idea: SOV_lavrenty_beriya. If you wanted to reference a variable, you need to explicitly prefix it with var: or temp_var:.
[14:01:39][2024.01.01.12][effectimplementation.cpp:1981]: history/countries/SOV - Soviet union.txt:913: add_ideas: Invalid idea: vladimir_kasatonov. If you wanted to reference a variable, you need to explicitly prefix it with var: or temp_var:.
[14:01:39][2024.01.01.12][effectbase.cpp:750]: *Tried to trigger non-existant event: lar_france_political_violence.1
[14:01:39][2024.01.01.12][effectbase.cpp:750]: *Tried to trigger non-existant event: mtg_netherlands.10
[14:01:39][2024.01.01.12][effectimplementation.cpp:11255]: common/national_focus/italy.txt:2760: add_resource can't be called from a history file!
[14:01:39][2024.01.01.12][effectbase.cpp:750]: *Tried to trigger non-existant event: news.184
[14:01:39][2024.01.01.12][effectbase.cpp:750]: *Tried to trigger non-existant event: DOD_yugoslavia.20
[14:01:39][2024.01.01.12][effectbase.cpp:750]: *Tried to trigger non-existant event: DOD_yugoslavia.20
[14:01:39][2024.01.01.12][effectbase.cpp:750]: *Tried to trigger non-existant event: DOD_yugoslavia.20
[14:01:39][2024.01.01.12][effectbase.cpp:750]: *Tried to trigger non-existant event: DOD_yugoslavia.20
[14:01:39][2024.01.01.12][effectbase.cpp:750]: *Tried to trigger non-existant event: DOD_yugoslavia.150
[14:01:39][2024.01.01.12][effectimplementation.cpp:5457]: history/countries/ARG - Argentina.txt:360: recruit_character: Character ARG_roberto_maria_ortiz cannot be assigned to ARG as it is already assigned to ARG
[14:01:39][2024.01.01.12][effectimplementation.cpp:5518]: history/countries/ARG - Argentina.txt:362: retire_character: Unknown character 
[14:01:39][2024.01.01.12][effectimplementation.cpp:5457]: history/countries/IRQ - Iraq.txt:398: recruit_character: Character IRQ_faisal_ii cannot be assigned to IRQ as it is already assigned to IRQ
[14:01:39][2024.01.01.12][effectimplementation.cpp:11255]: common/national_focus/new_zealand.txt:926: add_resource can't be called from a history file!
[14:01:39][2024.01.01.12][effectimplementation.cpp:11255]: common/national_focus/new_zealand.txt:963: add_resource can't be called from a history file!
[14:01:39][2024.01.01.12][technology_effect_implementation.cpp:992]: history/countries/SAU - Saudi Arabia.txt:46: set_technology: Invalid tech
[14:01:39][2024.01.01.12][technology_effect_implementation.cpp:992]: history/countries/SAU - Saudi Arabia.txt:46: set_technology: Invalid tech
[14:01:39][2024.01.01.12][technology_effect_implementation.cpp:992]: history/countries/SAU - Saudi Arabia.txt:46: set_technology: Invalid tech
[14:01:39][2024.01.01.12][technology_effect_implementation.cpp:992]: history/countries/SAU - Saudi Arabia.txt:46: set_technology: Invalid tech
[14:01:39][2024.01.01.12][technology_effect_implementation.cpp:992]: history/countries/SAU - Saudi Arabia.txt:46: set_technology: Invalid tech
[14:01:39][2024.01.01.12][technology_effect_implementation.cpp:992]: history/countries/SAU - Saudi Arabia.txt:46: set_technology: Invalid tech
[14:01:39][2024.01.01.12][effectimplementation.cpp:5669]: Ideology does not exist: common/scripted_effects/WTT_warlord_scripted_effects.txt:429: add_country_leader_role
[14:01:39][2024.01.01.12][effectimplementation.cpp:5669]: Ideology does not exist: common/scripted_effects/WTT_warlord_scripted_effects.txt:246: add_country_leader_role
[14:01:39][2024.01.01.12][effectimplementation.cpp:5669]: Ideology does not exist: common/scripted_effects/WTT_warlord_scripted_effects.txt:268: add_country_leader_role
[14:01:39][2024.01.01.12][technology_effect_implementation.cpp:992]: history/countries/OMA - Oman.txt:38: set_technology: Invalid tech
[14:01:39][2024.01.01.12][technology_effect_implementation.cpp:992]: history/countries/OMA - Oman.txt:38: set_technology: Invalid tech
[14:01:39][2024.01.01.12][technology_effect_implementation.cpp:992]: history/countries/OMA - Oman.txt:38: set_technology: Invalid tech
[14:01:39][2024.01.01.12][technology_effect_implementation.cpp:992]: history/countries/OMA - Oman.txt:38: set_technology: Invalid tech
[14:01:39][2024.01.01.12][effectimplementation.cpp:5669]: Ideology does not exist: common/scripted_effects/WTT_warlord_scripted_effects.txt:208: add_country_leader_role
[14:01:39][2024.01.01.12][effectimplementation.cpp:5669]: Ideology does not exist: common/scripted_effects/WTT_warlord_scripted_effects.txt:230: add_country_leader_role
[14:01:39][2024.01.01.12][effectimplementation.cpp:5669]: Ideology does not exist: common/scripted_effects/WTT_warlord_scripted_effects.txt:369: add_country_leader_role
[14:01:39][2024.01.01.12][effectimplementation.cpp:5669]: Ideology does not exist: common/scripted_effects/WTT_warlord_scripted_effects.txt:391: add_country_leader_role
[14:01:39][2024.01.01.12][effectimplementation.cpp:1981]: history/countries/CSA - CSA.txt:104: add_ideas: Invalid idea: USA_prepare_intervention. If you wanted to reference a variable, you need to explicitly prefix it with var: or temp_var:.
[14:01:39][2024.01.01.12][effectimplementation.cpp:1981]: history/countries/CSA - CSA.txt:104: add_ideas: Invalid idea: new_deal. If you wanted to reference a variable, you need to explicitly prefix it with var: or temp_var:.
[14:01:39][2024.01.01.12][effectimplementation.cpp:1981]: history/countries/USB - USB.txt:88: add_ideas: Invalid idea: USA_prepare_intervention. If you wanted to reference a variable, you need to explicitly prefix it with var: or temp_var:.
[14:01:39][2024.01.01.12][effectimplementation.cpp:1981]: history/countries/USB - USB.txt:88: add_ideas: Invalid idea: new_deal. If you wanted to reference a variable, you need to explicitly prefix it with var: or temp_var:.
[14:01:39][2024.01.01.12][effectimplementation.cpp:5654]: common/scripted_effects/WTT_warlord_scripted_effects.txt:445: add_country_leader_role: Character does not exist
[14:01:39][2024.01.01.12][effectimplementation.cpp:5654]: common/scripted_effects/WTT_warlord_scripted_effects.txt:456: add_country_leader_role: Character does not exist
[14:01:39][2024.01.01.12][effectimplementation.cpp:5654]: common/scripted_effects/WTT_warlord_scripted_effects.txt:468: add_country_leader_role: Character does not exist
[14:01:39][2024.01.01.12][effectimplementation.cpp:5654]: common/scripted_effects/WTT_warlord_scripted_effects.txt:765: add_country_leader_role: Character does not exist
[14:01:39][2024.01.01.12][effectimplementation.cpp:5654]: common/scripted_effects/WTT_warlord_scripted_effects.txt:776: add_country_leader_role: Character does not exist
[14:01:39][2024.01.01.12][effectimplementation.cpp:5654]: common/scripted_effects/WTT_warlord_scripted_effects.txt:788: add_country_leader_role: Character does not exist
[14:01:44][2024.01.01.12][flagtextureatlas.cpp:524]: Error loading flag for country ENG : Ideology conservative_democrat : Path gfx/flags/ : File not found
[14:01:44][2024.01.01.12][flagtextureatlas.cpp:524]: Error loading flag for country AZR : Ideology conservative_democrat : Path gfx/flags/ : File not found
[14:01:44][2024.01.01.12][flagtextureatlas.cpp:524]: Error loading flag for country ENG : Ideology conservative_democrat : Path gfx/flags/medium/ : File not found
[14:01:44][2024.01.01.12][flagtextureatlas.cpp:524]: Error loading flag for country AZR : Ideology conservative_democrat : Path gfx/flags/medium/ : File not found
[14:01:44][2024.01.01.12][flagtextureatlas.cpp:524]: Error loading flag for country AZR : Ideology conservative_democrat : Path gfx/flags/small/ : File not found
[14:02:44][2024.01.01.12][persistent.cpp:66]: Error: "Error reading division template (Infantry Division) for country ---.
The division_names_group refers to the unknown tag: BRZ_INF_01, near line: 3" in file: "history/units/BSK_1936.txt" near line: 3
[14:02:44][2024.01.01.12][persistent.cpp:66]: Error: "Error reading division template (Cavalry Division) for country ---.
The division_names_group refers to the unknown tag: BRZ_CAV_01, near line: 23" in file: "history/units/BSK_1936.txt" near line: 23
[14:02:44][2024.01.01.12][persistent.cpp:66]: Error: "Error reading division template (District Militia) for country ---.
The division_names_group refers to the unknown tag: CAS_INF_01, near line: 3" in file: "history/units/CAS_2025.txt" near line: 3
[14:02:44][2024.01.01.12][persistent.cpp:66]: Error: "Error reading division template (Cavalry Division) for country ---.
The division_names_group refers to the unknown tag: CAS_CAV_01, near line: 23" in file: "history/units/CAS_2025.txt" near line: 23
[14:02:44][2024.01.01.12][persistent.cpp:66]: Error: "State 1020 has no air base: {, near line: 37" in file: "history/units/CAS_2025_air_legacy.txt" near line: 47
[14:02:44][2024.01.01.12][persistent.cpp:66]: Error: "State 1035 has no air base: {, near line: 4" in file: "history/units/TEX_2025_air_legacy.txt" near line: 18
[14:02:44][2024.01.01.12][persistent.cpp:66]: Error: "Error reading division template (Infantry Division) for country ---.
The division_names_group refers to the unknown tag: BRZ_INF_01, near line: 3" in file: "history/units/BRZ_2025.txt" near line: 3
[14:02:44][2024.01.01.12][persistent.cpp:66]: Error: "Error reading division template (Cavalry Division) for country ---.
The division_names_group refers to the unknown tag: BRZ_CAV_01, near line: 23" in file: "history/units/BRZ_2025.txt" near line: 23
[14:02:44][2024.01.01.12][persistent.cpp:66]: Error: "Error reading division template (Infantry Division) for country ---.
The division_names_group refers to the unknown tag: VNC_INF_01, near line: 3" in file: "history/units/VNC_2025.txt" near line: 3
[14:02:44][2024.01.01.12][persistent.cpp:66]: Error: "Error reading division template (Cavalry Division) for country ---.
The division_names_group refers to the unknown tag: VNC_CAV_01, near line: 23" in file: "history/units/VNC_2025.txt" near line: 23
[14:02:44][2024.01.01.12][triggerimplementation.cpp:3034]: common/ai_strategy/SOV.txt:1702: has_idea: SOV_vyacheslav_molotov is not A valid Idea
[14:02:44][2024.01.01.12][triggerimplementation.cpp:3034]: common/ai_strategy/SOV.txt:1865: has_idea: SOV_maksim_litvinov is not A valid Idea
[14:02:44][2024.01.01.12][triggerimplementation.cpp:3034]: common/ai_strategy/SOV.txt:1642: has_idea: SOV_vyacheslav_molotov is not A valid Idea
[14:02:44][2024.01.01.12][triggerimplementation.cpp:3034]: common/ai_strategy/SOV.txt:1761: has_idea: SOV_maksim_litvinov is not A valid Idea
[14:02:44][2024.01.01.12][triggerimplementation.cpp:3034]: common/ai_strategy/SOV.txt:1896: has_idea: SOV_maksim_litvinov is not A valid Idea
[14:02:44][2024.01.01.12][triggerimplementation.cpp:3034]: common/ai_strategy/SOV.txt:1734: has_idea: SOV_vyacheslav_molotov is not A valid Idea
[14:02:44][2024.01.01.12][triggerimplementation.cpp:3034]: common/ai_strategy/SOV.txt:1835: has_idea: SOV_maksim_litvinov is not A valid Idea
[14:02:44][2024.01.01.12][triggerimplementation.cpp:3034]: common/ai_strategy/SOV.txt:1734: has_idea: SOV_vyacheslav_molotov is not A valid Idea
[14:02:44][2024.01.01.12][triggerimplementation.cpp:3034]: common/ai_strategy/SOV.txt:1835: has_idea: SOV_maksim_litvinov is not A valid Idea
[14:02:44][2024.01.01.12][triggerimplementation.cpp:3034]: common/ai_strategy/SOV.txt:1702: has_idea: SOV_vyacheslav_molotov is not A valid Idea
[14:02:44][2024.01.01.12][triggerimplementation.cpp:3034]: common/ai_strategy/SOV.txt:1865: has_idea: SOV_maksim_litvinov is not A valid Idea
[14:02:44][2024.01.01.12][triggerimplementation.cpp:3034]: common/ai_strategy/SOV.txt:1734: has_idea: SOV_vyacheslav_molotov is not A valid Idea
[14:02:44][2024.01.01.12][triggerimplementation.cpp:3034]: common/ai_strategy/SOV.txt:1835: has_idea: SOV_maksim_litvinov is not A valid Idea
[14:02:44][2024.01.01.12][triggerimplementation.cpp:3034]: common/ai_strategy/SOV.txt:1946: has_idea: SOV_maksim_litvinov is not A valid Idea
[14:02:44][2024.01.01.12][triggerimplementation.cpp:3034]: common/ai_strategy/SOV.txt:1734: has_idea: SOV_vyacheslav_molotov is not A valid Idea
[14:02:44][2024.01.01.12][triggerimplementation.cpp:3034]: common/ai_strategy/SOV.txt:1835: has_idea: SOV_maksim_litvinov is not A valid Idea
[14:02:44][2024.01.01.12][character_manager.cpp:257]: Failed to generate a name for a character of origins Cascadia and for country Cascadia
[14:02:44][2024.01.01.12][character_manager.cpp:257]: Failed to generate a name for a character of origins Cascadia and for country Cascadia
[14:02:44][2024.01.01.12][character_manager.cpp:257]: Failed to generate a name for a character of origins Kodiak and for country Kodiak
[14:02:44][2024.01.01.12][character_manager.cpp:257]: Failed to generate a name for a character of origins Kodiak and for country Kodiak
[14:02:44][2024.01.01.12][character_manager.cpp:257]: Failed to generate a name for a character of origins Kodiak and for country Kodiak
[14:02:44][2024.01.01.12][character_manager.cpp:257]: Failed to generate a name for a character of origins California and for country California
[14:02:44][2024.01.01.12][character_manager.cpp:257]: Failed to generate a name for a character of origins California and for country California
[14:02:44][2024.01.01.12][character_manager.cpp:257]: Failed to generate a name for a character of origins California and for country California
[14:02:44][2024.01.01.12][character_manager.cpp:257]: Failed to generate a name for a character of origins Norcallia and for country Norcallia
[14:02:44][2024.01.01.12][character_manager.cpp:257]: Failed to generate a name for a character of origins Norcallia and for country Norcallia
[14:02:44][2024.01.01.12][character_manager.cpp:257]: Failed to generate a name for a character of origins Nevada and for country Nevada
[14:02:44][2024.01.01.12][character_manager.cpp:257]: Failed to generate a name for a character of origins Nevada and for country Nevada
[14:02:44][2024.01.01.12][character_manager.cpp:257]: Failed to generate a name for a character of origins Utah and for country Utah
[14:02:44][2024.01.01.12][character_manager.cpp:257]: Failed to generate a name for a character of origins Euphoria and for country Euphoria
[14:02:44][2024.01.01.12][character_manager.cpp:257]: Failed to generate a name for a character of origins Euphoria and for country Euphoria
[14:02:44][2024.01.01.12][character_manager.cpp:257]: Failed to generate a name for a character of origins Euphoria and for country Euphoria
[14:02:44][2024.01.01.12][character_manager.cpp:257]: Failed to generate a name for a character of origins Yukon and for country Yukon
[14:02:44][2024.01.01.12][character_manager.cpp:257]: Failed to generate a name for a character of origins North Sea Republic and for country North Sea Republic
[14:02:44][2024.01.01.12][character_manager.cpp:257]: Failed to generate a name for a character of origins North Sea Republic and for country North Sea Republic
[14:02:44][2024.01.01.12][character_manager.cpp:257]: Failed to generate a name for a character of origins North Sea Republic and for country North Sea Republic
[14:02:44][2024.01.01.12][character_manager.cpp:257]: Failed to generate a name for a character of origins Texas and for country Texas
[14:02:44][2024.01.01.12][character_manager.cpp:257]: Failed to generate a name for a character of origins Laurentia and for country Laurentia
[14:02:44][2024.01.01.12][character_manager.cpp:257]: Failed to generate a name for a character of origins Laurentia and for country Laurentia
[14:02:44][2024.01.01.12][character_manager.cpp:257]: Failed to generate a name for a character of origins Laurentia and for country Laurentia
[14:02:44][2024.01.01.12][character_manager.cpp:257]: Failed to generate a name for a character of origins Laurentia and for country Laurentia
[14:02:44][2024.01.01.12][character_manager.cpp:257]: Failed to generate a name for a character of origins United States and for country United States
[14:02:44][2024.01.01.12][character_manager.cpp:257]: Failed to generate a name for a character of origins United States and for country United States
[14:02:44][2024.01.01.12][character_manager.cpp:257]: Failed to generate a name for a character of origins United States and for country United States
[14:02:44][2024.01.01.12][character_manager.cpp:257]: Failed to generate a name for a character of origins New York and for country New York
[14:02:44][2024.01.01.12][character_manager.cpp:257]: Failed to generate a name for a character of origins New York and for country New York
[14:02:44][2024.01.01.12][character_manager.cpp:257]: Failed to generate a name for a character of origins New York and for country New York
[14:02:44][2024.01.01.12][character_manager.cpp:257]: Failed to generate a name for a character of origins America and for country America
[14:02:44][2024.01.01.12][character_manager.cpp:257]: Failed to generate a name for a character of origins New Mexico and for country New Mexico
[14:02:44][2024.01.01.12][character_manager.cpp:257]: Failed to generate a name for a character of origins New Mexico and for country New Mexico
[14:02:44][2024.01.01.12][character_manager.cpp:257]: Failed to generate a name for a character of origins Midwest Union and for country Midwest Union
[14:02:44][2024.01.01.12][character_manager.cpp:257]: Failed to generate a name for a character of origins Midwest Union and for country Midwest Union
[14:02:44][2024.01.01.12][character_manager.cpp:257]: Failed to generate a name for a character of origins Illinois and for country Illinois
[14:02:44][2024.01.01.12][character_manager.cpp:257]: Failed to generate a name for a character of origins Illinois and for country Illinois
[14:02:44][2024.01.01.12][character_manager.cpp:257]: Failed to generate a name for a character of origins Florida and for country Florida
[14:02:44][2024.01.01.12][character_manager.cpp:257]: Failed to generate a name for a character of origins Florida and for country Florida
[14:02:44][2024.01.01.12][character_manager.cpp:257]: Failed to generate a name for a character of origins Ontario and for country Ontario
[14:02:44][2024.01.01.12][character_manager.cpp:257]: Failed to generate a name for a character of origins Ontario and for country Ontario
[14:02:44][2024.01.01.12][character_manager.cpp:257]: Failed to generate a name for a character of origins Ontario and for country Ontario
[14:02:44][2024.01.01.12][character_manager.cpp:257]: Failed to generate a name for a character of origins Brazil and for country Brazil
[14:02:44][2024.01.01.12][character_manager.cpp:257]: Failed to generate a name for a character of origins Genoa and for country Genoa
[14:02:44][2024.01.01.12][character_manager.cpp:257]: Failed to generate a name for a character of origins Genoa and for country Genoa
[14:02:44][2024.01.01.12][character_manager.cpp:257]: Failed to generate a name for a character of origins Genoa and for country Genoa
[14:02:44][2024.01.01.12][character_manager.cpp:257]: Failed to generate a name for a character of origins Pilbara and for country Pilbara
[14:02:44][2024.01.01.12][character_manager.cpp:257]: Failed to generate a name for a character of origins Venice and for country Venice
[14:02:44][2024.01.01.12][character_manager.cpp:257]: Failed to generate a name for a character of origins Venice and for country Venice
[14:02:44][2024.01.01.12][character_manager.cpp:257]: Failed to generate a name for a character of origins East African Union and for country East African Union
[14:02:44][2024.01.01.12][character_manager.cpp:257]: Failed to generate a name for a character of origins East African Union and for country East African Union
[14:02:44][2024.01.01.12][character_manager.cpp:257]: Failed to generate a name for a character of origins Edesse and for country Edesse
[14:02:44][2024.01.01.12][character_manager.cpp:257]: Failed to generate a name for a character of origins Falklands and for country Falklands
[14:02:44][2024.01.01.12][character_manager.cpp:257]: Failed to generate a name for a character of origins France and for country France
[14:02:44][2024.01.01.12][character_manager.cpp:257]: Failed to generate a name for a character of origins France and for country France
[14:02:44][2024.01.01.12][character_manager.cpp:257]: Failed to generate a name for a character of origins France and for country France
[14:02:44][2024.01.01.12][character_manager.cpp:257]: Failed to generate a name for a character of origins Aland and for country Aland
[14:02:44][2024.01.01.12][character_manager.cpp:257]: Failed to generate a name for a character of origins Aland and for country Aland
[14:02:44][2024.01.01.12][character_manager.cpp:257]: Failed to generate a name for a character of origins Aquitaine and for country Aquitaine
[14:02:44][2024.01.01.12][character_manager.cpp:257]: Failed to generate a name for a character of origins Aquitaine and for country Aquitaine
[14:02:44][2024.01.01.12][character_manager.cpp:257]: Failed to generate a name for a character of origins Aquitaine and for country Aquitaine
[14:02:44][2024.01.01.12][character_manager.cpp:257]: Failed to generate a name for a character of origins Ava and for country Ava
[14:02:44][2024.01.01.12][character_manager.cpp:257]: Failed to generate a name for a character of origins Ava and for country Ava
[14:02:44][2024.01.01.12][character_manager.cpp:257]: Failed to generate a name for a character of origins Ava and for country Ava
[14:02:44][2024.01.01.12][character_manager.cpp:257]: Failed to generate a name for a character of origins Ava and for country Ava
[14:02:44][2024.01.01.12][character_manager.cpp:257]: Failed to generate a name for a character of origins Babylon and for country Babylon
[14:02:44][2024.01.01.12][character_manager.cpp:257]: Failed to generate a name for a character of origins Benin and for country Benin
[14:02:44][2024.01.01.12][character_manager.cpp:257]: Failed to generate a name for a character of origins Benin and for country Benin
[14:02:44][2024.01.01.12][character_manager.cpp:257]: Failed to generate a name for a character of origins Caspian and for country Caspian
[14:02:44][2024.01.01.12][character_manager.cpp:257]: Failed to generate a name for a character of origins Caspian and for country Caspian
[14:02:44][2024.01.01.12][character_manager.cpp:257]: Failed to generate a name for a character of origins Caspian and for country Caspian
[14:02:44][2024.01.01.12][character_manager.cpp:257]: Failed to generate a name for a character of origins Caucasian Imperium and for country Caucasian Imperium
[14:02:44][2024.01.01.12][character_manager.cpp:257]: Failed to generate a name for a character of origins Caucasian Imperium and for country Caucasian Imperium
[14:02:44][2024.01.01.12][character_manager.cpp:257]: Failed to generate a name for a character of origins Caucasian Imperium and for country Caucasian Imperium
[14:02:44][2024.01.01.12][character_manager.cpp:257]: Failed to generate a name for a character of origins Central Asia and for country Central Asia
[14:02:44][2024.01.01.12][character_manager.cpp:257]: Failed to generate a name for a character of origins Central Asia and for country Central Asia
[14:02:44][2024.01.01.12][character_manager.cpp:257]: Failed to generate a name for a character of origins Dutch East Indies and for country Dutch East Indies
[14:02:44][2024.01.01.12][character_manager.cpp:257]: Failed to generate a name for a character of origins Dutch East Indies and for country Dutch East Indies
[14:02:44][2024.01.01.12][character_manager.cpp:257]: Failed to generate a name for a character of origins Gold Coast and for country Gold Coast
[14:02:44][2024.01.01.12][character_manager.cpp:257]: Failed to generate a name for a character of origins Gold Coast and for country Gold Coast
[14:02:44][2024.01.01.12][character_manager.cpp:257]: Failed to generate a name for a character of origins Colombia and for country Colombia
[14:02:44][2024.01.01.12][character_manager.cpp:257]: Failed to generate a name for a character of origins Colombia and for country Colombia
[14:02:44][2024.01.01.12][character_manager.cpp:257]: Failed to generate a name for a character of origins Han and for country Han
[14:02:44][2024.01.01.12][character_manager.cpp:257]: Failed to generate a name for a character of origins Tropico and for country Tropico
[14:02:44][2024.01.01.12][character_manager.cpp:257]: Failed to generate a name for a character of origins Tropico and for country Tropico
[14:02:44][2024.01.01.12][character_manager.cpp:257]: Failed to generate a name for a character of origins Venezuela and for country Venezuela
[14:02:44][2024.01.01.12][character_manager.cpp:257]: Failed to generate a name for a character of origins Venezuela and for country Venezuela
[14:02:44][2024.01.01.12][character_manager.cpp:257]: Failed to generate a name for a character of origins La Plata and for country La Plata
[14:02:44][2024.01.01.12][character_manager.cpp:257]: Failed to generate a name for a character of origins Patagonia and for country Patagonia
[14:02:44][2024.01.01.12][character_manager.cpp:257]: Failed to generate a name for a character of origins Patagonia and for country Patagonia
[14:02:44][2024.01.01.12][character_manager.cpp:257]: Failed to generate a name for a character of origins Tierra Del Fuego and for country Tierra Del Fuego
[14:02:44][2024.01.01.12][character_manager.cpp:257]: Failed to generate a name for a character of origins Tierra Del Fuego and for country Tierra Del Fuego
[14:02:44][2024.01.01.12][character_manager.cpp:257]: Failed to generate a name for a character of origins Polar Republic and for country Polar Republic
[14:02:44][2024.01.01.12][character_manager.cpp:257]: Failed to generate a name for a character of origins Polar Republic and for country Polar Republic
[14:02:44][2024.01.01.12][character_manager.cpp:257]: Failed to generate a name for a character of origins Polar Republic and for country Polar Republic
[14:02:44][2024.01.01.12][character_manager.cpp:257]: Failed to generate a name for a character of origins Netherlands and for country Netherlands
[14:02:44][2024.01.01.12][character_manager.cpp:257]: Failed to generate a name for a character of origins Netherlands and for country Netherlands
[14:02:44][2024.01.01.12][character_manager.cpp:257]: Failed to generate a name for a character of origins Lapland and for country Lapland
[14:02:44][2024.01.01.12][character_manager.cpp:257]: Failed to generate a name for a character of origins Lapland and for country Lapland
[14:02:44][2024.01.01.12][character_manager.cpp:257]: Failed to generate a name for a character of origins Lapland and for country Lapland
[14:02:44][2024.01.01.12][character_manager.cpp:257]: Failed to generate a name for a character of origins Lapland and for country Lapland
[14:02:44][2024.01.01.12][character_manager.cpp:257]: Failed to generate a name for a character of origins Ob and for country Ob
[14:02:44][2024.01.01.12][character_manager.cpp:257]: Failed to generate a name for a character of origins Ob and for country Ob
[14:02:44][2024.01.01.12][character_manager.cpp:257]: Failed to generate a name for a character of origins Russian Republic and for country Russian Republic
[14:02:44][2024.01.01.12][character_manager.cpp:257]: Failed to generate a name for a character of origins Russian Republic and for country Russian Republic
[14:02:44][2024.01.01.12][character_manager.cpp:257]: Failed to generate a name for a character of origins Tunguska and for country Tunguska
[14:02:44][2024.01.01.12][character_manager.cpp:257]: Failed to generate a name for a character of origins Tunguska and for country Tunguska
[14:02:44][2024.01.01.12][character_manager.cpp:257]: Failed to generate a name for a character of origins Sahara and for country Sahara
[14:02:44][2024.01.01.12][character_manager.cpp:257]: Failed to generate a name for a character of origins Sahara and for country Sahara
[14:02:44][2024.01.01.12][character_manager.cpp:257]: Failed to generate a name for a character of origins Sahara and for country Sahara
[14:02:44][2024.01.01.12][character_manager.cpp:257]: Failed to generate a name for a character of origins Nubia and for country Nubia
[14:02:44][2024.01.01.12][character_manager.cpp:257]: Failed to generate a name for a character of origins India and for country India
[14:02:44][2024.01.01.12][character_manager.cpp:257]: Failed to generate a name for a character of origins India and for country India
[14:02:44][2024.01.01.12][character_manager.cpp:257]: Failed to generate a name for a character of origins Laccadive Sea and for country Laccadive Sea
[14:02:44][2024.01.01.12][character_manager.cpp:257]: Failed to generate a name for a character of origins Laccadive Sea and for country Laccadive Sea
[14:02:44][2024.01.01.12][character_manager.cpp:257]: Failed to generate a name for a character of origins Magadha and for country Magadha
[14:02:44][2024.01.01.12][character_manager.cpp:257]: Failed to generate a name for a character of origins Magadha and for country Magadha
[14:02:44][2024.01.01.12][character_manager.cpp:257]: Failed to generate a name for a character of origins Orissa and for country Orissa
[14:02:44][2024.01.01.12][character_manager.cpp:257]: Failed to generate a name for a character of origins Orissa and for country Orissa
[14:02:44][2024.01.01.12][character_manager.cpp:257]: Failed to generate a name for a character of origins Orissa and for country Orissa
[14:02:44][2024.01.01.12][character_manager.cpp:257]: Failed to generate a name for a character of origins Ming and for country Ming
[14:02:44][2024.01.01.12][character_manager.cpp:257]: Failed to generate a name for a character of origins Yue and for country Yue
[14:02:44][2024.01.01.12][character_manager.cpp:257]: Failed to generate a name for a character of origins Yue and for country Yue
[14:02:44][2024.01.01.12][character_manager.cpp:257]: Failed to generate a name for a character of origins Taiwan and for country Taiwan
[14:02:44][2024.01.01.12][character_manager.cpp:257]: Failed to generate a name for a character of origins Taiwan and for country Taiwan
[14:02:44][2024.01.01.12][character_manager.cpp:257]: Failed to generate a name for a character of origins Indochina and for country Indochina
[14:02:44][2024.01.01.12][character_manager.cpp:257]: Failed to generate a name for a character of origins Indochina and for country Indochina
[14:02:44][2024.01.01.12][character_manager.cpp:257]: Failed to generate a name for a character of origins Victoria and for country Victoria
[14:02:44][2024.01.01.12][character_manager.cpp:257]: Failed to generate a name for a character of origins Spain and for country Spain
[14:02:44][2024.01.01.12][triggerimplementation.cpp:3034]: common/ai_strategy/SOV.txt:1702: has_idea: SOV_vyacheslav_molotov is not A valid Idea
[14:02:44][2024.01.01.12][triggerimplementation.cpp:3034]: common/ai_strategy/SOV.txt:1865: has_idea: SOV_maksim_litvinov is not A valid Idea
[14:02:44][2024.01.01.12][triggerimplementation.cpp:3034]: common/ai_strategy/SOV.txt:1734: has_idea: SOV_vyacheslav_molotov is not A valid Idea
[14:02:44][2024.01.01.12][triggerimplementation.cpp:3034]: common/ai_strategy/SOV.txt:1835: has_idea: SOV_maksim_litvinov is not A valid Idea
[14:02:44][2024.01.01.12][triggerimplementation.cpp:3034]: common/ai_strategy/SOV.txt:1946: has_idea: SOV_maksim_litvinov is not A valid Idea
[14:02:44][2024.01.01.12][triggerimplementation.cpp:3034]: common/ai_strategy/SOV.txt:1734: has_idea: SOV_vyacheslav_molotov is not A valid Idea
[14:02:44][2024.01.01.12][triggerimplementation.cpp:3034]: common/ai_strategy/SOV.txt:1835: has_idea: SOV_maksim_litvinov is not A valid Idea
[14:02:44][2024.01.01.12][triggerimplementation.cpp:3034]: common/ai_strategy/SOV.txt:1642: has_idea: SOV_vyacheslav_molotov is not A valid Idea
[14:02:44][2024.01.01.12][triggerimplementation.cpp:3034]: common/ai_strategy/SOV.txt:1761: has_idea: SOV_maksim_litvinov is not A valid Idea
[14:02:44][2024.01.01.12][triggerimplementation.cpp:3034]: common/ai_strategy/SOV.txt:1896: has_idea: SOV_maksim_litvinov is not A valid Idea
[14:02:44][2024.01.01.12][triggerimplementation.cpp:3034]: common/ai_strategy/SOV.txt:1734: has_idea: SOV_vyacheslav_molotov is not A valid Idea
[14:02:44][2024.01.01.12][triggerimplementation.cpp:3034]: common/ai_strategy/SOV.txt:1835: has_idea: SOV_maksim_litvinov is not A valid Idea
[14:02:44][2024.01.01.12][triggerimplementation.cpp:3034]: common/ai_strategy/SOV.txt:1734: has_idea: SOV_vyacheslav_molotov is not A valid Idea
[14:02:44][2024.01.01.12][triggerimplementation.cpp:3034]: common/ai_strategy/SOV.txt:1835: has_idea: SOV_maksim_litvinov is not A valid Idea
[14:02:44][2024.01.01.12][triggerimplementation.cpp:3034]: common/ai_strategy/SOV.txt:1702: has_idea: SOV_vyacheslav_molotov is not A valid Idea
[14:02:44][2024.01.01.12][triggerimplementation.cpp:3034]: common/ai_strategy/SOV.txt:1865: has_idea: SOV_maksim_litvinov is not A valid Idea
[14:02:53][2024.01.01.13][effectbase.cpp:750]: *Tried to trigger non-existant event: NSB_soviet_propaganda_capmaign_events.101
[14:02:54][2024.01.02.01][triggerimplementation.cpp:3034]: common/ai_strategy/SOV.txt:1702: has_idea: SOV_vyacheslav_molotov is not A valid Idea
[14:02:54][2024.01.02.01][triggerimplementation.cpp:3034]: common/ai_strategy/SOV.txt:1865: has_idea: SOV_maksim_litvinov is not A valid Idea
[14:02:54][2024.01.02.01][triggerimplementation.cpp:3034]: common/ai_strategy/SOV.txt:1734: has_idea: SOV_vyacheslav_molotov is not A valid Idea
[14:02:54][2024.01.02.01][triggerimplementation.cpp:3034]: common/ai_strategy/SOV.txt:1835: has_idea: SOV_maksim_litvinov is not A valid Idea
[14:02:54][2024.01.02.01][triggerimplementation.cpp:3034]: common/ai_strategy/SOV.txt:1946: has_idea: SOV_maksim_litvinov is not A valid Idea
[14:02:54][2024.01.02.01][triggerimplementation.cpp:3034]: common/ai_strategy/SOV.txt:1642: has_idea: SOV_vyacheslav_molotov is not A valid Idea
[14:02:54][2024.01.02.01][triggerimplementation.cpp:3034]: common/ai_strategy/SOV.txt:1761: has_idea: SOV_maksim_litvinov is not A valid Idea
[14:02:54][2024.01.02.01][triggerimplementation.cpp:3034]: common/ai_strategy/SOV.txt:1896: has_idea: SOV_maksim_litvinov is not A valid Idea
[14:02:54][2024.01.02.01][triggerimplementation.cpp:3034]: common/ai_strategy/SOV.txt:1702: has_idea: SOV_vyacheslav_molotov is not A valid Idea
[14:02:54][2024.01.02.01][triggerimplementation.cpp:3034]: common/ai_strategy/SOV.txt:1865: has_idea: SOV_maksim_litvinov is not A valid Idea
[14:02:54][2024.01.02.01][triggerimplementation.cpp:3034]: common/ai_strategy/SOV.txt:1734: has_idea: SOV_vyacheslav_molotov is not A valid Idea
[14:02:54][2024.01.02.01][triggerimplementation.cpp:3034]: common/ai_strategy/SOV.txt:1734: has_idea: SOV_vyacheslav_molotov is not A valid Idea
[14:02:54][2024.01.02.01][triggerimplementation.cpp:3034]: common/ai_strategy/SOV.txt:1835: has_idea: SOV_maksim_litvinov is not A valid Idea
[14:02:54][2024.01.02.01][triggerimplementation.cpp:3034]: common/ai_strategy/SOV.txt:1835: has_idea: SOV_maksim_litvinov is not A valid Idea
[14:02:54][2024.01.02.01][triggerimplementation.cpp:3034]: common/ai_strategy/SOV.txt:1734: has_idea: SOV_vyacheslav_molotov is not A valid Idea
[14:02:54][2024.01.02.01][triggerimplementation.cpp:3034]: common/ai_strategy/SOV.txt:1835: has_idea: SOV_maksim_litvinov is not A valid Idea
[14:02:54][2024.01.03.01][triggerimplementation.cpp:3034]: common/ai_strategy/SOV.txt:1702: has_idea: SOV_vyacheslav_molotov is not A valid Idea
[14:02:54][2024.01.03.01][triggerimplementation.cpp:3034]: common/ai_strategy/SOV.txt:1865: has_idea: SOV_maksim_litvinov is not A valid Idea
[14:02:54][2024.01.03.01][triggerimplementation.cpp:3034]: common/ai_strategy/SOV.txt:1734: has_idea: SOV_vyacheslav_molotov is not A valid Idea
[14:02:54][2024.01.03.01][triggerimplementation.cpp:3034]: common/ai_strategy/SOV.txt:1835: has_idea: SOV_maksim_litvinov is not A valid Idea
[14:02:54][2024.01.03.01][triggerimplementation.cpp:3034]: common/ai_strategy/SOV.txt:1946: has_idea: SOV_maksim_litvinov is not A valid Idea
[14:02:54][2024.01.03.01][triggerimplementation.cpp:3034]: common/ai_strategy/SOV.txt:1642: has_idea: SOV_vyacheslav_molotov is not A valid Idea
[14:02:54][2024.01.03.01][triggerimplementation.cpp:3034]: common/ai_strategy/SOV.txt:1761: has_idea: SOV_maksim_litvinov is not A valid Idea
[14:02:54][2024.01.03.01][triggerimplementation.cpp:3034]: common/ai_strategy/SOV.txt:1896: has_idea: SOV_maksim_litvinov is not A valid Idea
[14:02:54][2024.01.03.01][triggerimplementation.cpp:3034]: common/ai_strategy/SOV.txt:1734: has_idea: SOV_vyacheslav_molotov is not A valid Idea
[14:02:54][2024.01.03.01][triggerimplementation.cpp:3034]: common/ai_strategy/SOV.txt:1835: has_idea: SOV_maksim_litvinov is not A valid Idea
[14:02:54][2024.01.03.01][triggerimplementation.cpp:3034]: common/ai_strategy/SOV.txt:1734: has_idea: SOV_vyacheslav_molotov is not A valid Idea
[14:02:54][2024.01.03.01][triggerimplementation.cpp:3034]: common/ai_strategy/SOV.txt:1835: has_idea: SOV_maksim_litvinov is not A valid Idea
[14:02:54][2024.01.03.01][triggerimplementation.cpp:3034]: common/ai_strategy/SOV.txt:1734: has_idea: SOV_vyacheslav_molotov is not A valid Idea
[14:02:54][2024.01.03.01][triggerimplementation.cpp:3034]: common/ai_strategy/SOV.txt:1835: has_idea: SOV_maksim_litvinov is not A valid Idea
[14:02:54][2024.01.03.01][triggerimplementation.cpp:3034]: common/ai_strategy/SOV.txt:1702: has_idea: SOV_vyacheslav_molotov is not A valid Idea
[14:02:54][2024.01.03.01][triggerimplementation.cpp:3034]: common/ai_strategy/SOV.txt:1865: has_idea: SOV_maksim_litvinov is not A valid Idea
[14:02:55][2024.01.04.01][triggerimplementation.cpp:3034]: common/ai_strategy/SOV.txt:1702: has_idea: SOV_vyacheslav_molotov is not A valid Idea
[14:02:55][2024.01.04.01][triggerimplementation.cpp:3034]: common/ai_strategy/SOV.txt:1865: has_idea: SOV_maksim_litvinov is not A valid Idea
[14:02:55][2024.01.04.01][triggerimplementation.cpp:3034]: common/ai_strategy/SOV.txt:1734: has_idea: SOV_vyacheslav_molotov is not A valid Idea
[14:02:55][2024.01.04.01][triggerimplementation.cpp:3034]: common/ai_strategy/SOV.txt:1835: has_idea: SOV_maksim_litvinov is not A valid Idea
[14:02:55][2024.01.04.01][triggerimplementation.cpp:3034]: common/ai_strategy/SOV.txt:1946: has_idea: SOV_maksim_litvinov is not A valid Idea
[14:02:55][2024.01.04.01][triggerimplementation.cpp:3034]: common/ai_strategy/SOV.txt:1642: has_idea: SOV_vyacheslav_molotov is not A valid Idea
[14:02:55][2024.01.04.01][triggerimplementation.cpp:3034]: common/ai_strategy/SOV.txt:1761: has_idea: SOV_maksim_litvinov is not A valid Idea
[14:02:55][2024.01.04.01][triggerimplementation.cpp:3034]: common/ai_strategy/SOV.txt:1896: has_idea: SOV_maksim_litvinov is not A valid Idea
[14:02:55][2024.01.04.01][triggerimplementation.cpp:3034]: common/ai_strategy/SOV.txt:1734: has_idea: SOV_vyacheslav_molotov is not A valid Idea
[14:02:55][2024.01.04.01][triggerimplementation.cpp:3034]: common/ai_strategy/SOV.txt:1835: has_idea: SOV_maksim_litvinov is not A valid Idea
[14:02:55][2024.01.04.01][triggerimplementation.cpp:3034]: common/ai_strategy/SOV.txt:1702: has_idea: SOV_vyacheslav_molotov is not A valid Idea
[14:02:55][2024.01.04.01][triggerimplementation.cpp:3034]: common/ai_strategy/SOV.txt:1865: has_idea: SOV_maksim_litvinov is not A valid Idea
[14:02:55][2024.01.04.01][triggerimplementation.cpp:3034]: common/ai_strategy/SOV.txt:1734: has_idea: SOV_vyacheslav_molotov is not A valid Idea
[14:02:55][2024.01.04.01][triggerimplementation.cpp:3034]: common/ai_strategy/SOV.txt:1835: has_idea: SOV_maksim_litvinov is not A valid Idea
[14:02:55][2024.01.04.01][triggerimplementation.cpp:3034]: common/ai_strategy/SOV.txt:1734: has_idea: SOV_vyacheslav_molotov is not A valid Idea
[14:02:55][2024.01.04.01][triggerimplementation.cpp:3034]: common/ai_strategy/SOV.txt:1835: has_idea: SOV_maksim_litvinov is not A valid Idea
